CustomerID,Recency,Frequency,Monetary,TotalQuantity,AvgOrderValue,TenureDays,AvgBasketSize,AvgPurchaseIntervalDays,CLV_6M,Predicted_CLV,WasInTestSet,CLV_Segment
12346,142,1,77183.6,74215,77183.6,0,1.0,142.0,0.0,0.14277979670067695,False,Low Value
12347,63,3,1823.43,1117,607.8100000000001,120,28.0,59.5,2486.57,637.7224827947265,False,Medium Value
12348,65,3,1167.24,2116,389.08,109,7.0,54.5,270.0,625.3909710829392,False,Medium Value
12350,126,1,294.40000000000003,196,294.40000000000003,0,16.0,126.0,0.0,22.567929968278897,False,Low Value
12352,78,4,641.51,249,160.3775,34,8.25,13.0,744.23,139.44337280567194,False,Low Value
12353,20,1,89.0,20,89.0,0,4.0,20.0,0.0,9.080580579030668,False,Low Value
12354,48,1,1079.4,530,1079.4,0,58.0,48.0,0.0,125.58413054837568,False,Low Value
12355,30,1,459.40000000000003,240,459.40000000000003,0,13.0,30.0,0.0,71.33994742512084,False,Low Value
12356,62,2,2429.08,1568,1214.54,80,28.0,80.0,58.349999999999994,365.18173410561405,False,Medium Value
12359,6,3,3495.73,965,1165.2433333333333,141,47.666666666666664,70.5,2814.3,1377.4549842229462,False,High Value
12360,17,1,923.58,430,923.58,0,44.0,17.0,1378.48,300.4442617480371,False,Medium Value
12361,103,1,174.9,90,174.9,0,9.0,103.0,0.0,11.141814798285584,False,Low Value
12362,42,2,884.34,498,442.17,69,27.0,69.0,3852.89,313.8264034218617,False,Medium Value
12363,58,1,299.09999999999997,282,299.09999999999997,0,16.0,58.0,252.9,42.81390280947698,False,Low Value
12365,107,1,320.69,173,320.69,0,21.0,107.0,0.0,30.689015706329787,False,Low Value
12370,91,3,2682.66,1969,894.2199999999999,85,45.666666666666664,42.5,739.28,796.588917398246,False,Medium Value
12372,29,2,842.9200000000001,588,421.46000000000004,83,18.5,83.0,353.12,328.0817211535461,False,Medium Value
12373,127,1,324.6,196,324.6,0,13.0,127.0,0.0,20.164274269895902,False,Low Value
12377,131,2,1548.1200000000001,942,774.0600000000001,39,38.0,39.0,0.0,60.72003468466685,False,Low Value
12380,2,1,562.5500000000001,290,562.5500000000001,0,35.0,2.0,1865.26,87.85626213681087,False,Low Value
12383,1,5,1628.56,1518,325.712,167,18.8,42.5,0.0,588.1138463339289,False,Medium Value
12386,154,2,401.9,354,200.95,29,5.0,29.0,0.0,26.186024710859044,False,Low Value
12388,91,3,766.25,331,255.41666666666666,51,11.666666666666666,25.5,2014.41,251.74814199994253,False,Low Value
12393,62,3,1061.1000000000001,522,353.70000000000005,86,13.0,43.0,521.5,336.3382874307317,False,Medium Value
12394,33,1,351.08,180,351.08,0,20.0,33.0,729.4000000000001,52.69216615720817,False,Low Value
12395,28,6,1389.72,1480,231.62,159,12.166666666666666,40.0,1292.91,1049.604497986183,False,Medium Value
12399,30,2,723.9499999999999,855,361.97499999999997,48,20.0,48.0,309.7,433.9546240862083,False,Medium Value
12401,119,1,69.3,10,69.3,0,4.0,119.0,0.0,3.986559466633346,False,Low Value
12402,139,1,195.60000000000002,92,195.60000000000002,0,10.0,139.0,0.0,13.750048660854684,False,Low Value
12406,0,1,1621.25,793,1621.25,0,48.0,0.0,1794.05,532.2290210946923,True,Medium Value
12407,52,2,450.96,416,225.48,28,12.5,28.0,1056.16,185.6722495903843,True,Low Value
12408,76,2,762.59,351,381.295,0,17.5,0.0,1855.96,121.00174922721489,False,Low Value
12410,125,2,533.33,207,266.665,0,12.5,0.0,0.0,21.818756960491708,True,Low Value
12413,52,2,509.90000000000003,202,254.95000000000002,100,13.5,100.0,176.20000000000002,100.28620224091331,False,Low Value
12414,33,3,442.41,297,147.47,93,5.0,46.0,0.0,57.51659192268791,False,Low Value
12415,19,6,50533.9,31998,8422.316666666668,134,45.666666666666664,16.0,74030.63,42089.575818286045,False,High Value
12417,3,5,1664.27,682,332.854,170,17.4,38.0,1561.83,1189.6674999127247,False,Medium Value
12421,135,1,129.45,103,129.45,0,10.0,135.0,509.59,12.679727981973619,False,Low Value
12422,141,1,238.5,113,238.5,0,13.0,141.0,445.06,24.11772092042005,False,Low Value
12423,8,6,1286.69,976,214.44833333333335,161,15.0,28.0,347.62,1071.2559446854414,False,Medium Value
12426,11,1,510.73,254,510.73,0,29.0,11.0,0.0,56.07487162022144,False,Low Value
12427,188,1,249.5,76,249.5,0,9.0,188.0,450.3,24.192388157454076,False,Low Value
12428,59,5,5119.34,2755,1023.868,41,46.2,10.5,1285.92,2464.42532371958,False,High Value
12429,44,2,1519.48,642,759.74,137,19.5,137.0,1868.92,361.1236262158381,True,Medium Value
12431,17,7,3016.03,1259,430.8614285714286,172,18.428571428571427,17.5,3298.92,2189.742817495232,True,High Value
12433,182,2,3787.12,3582,1893.56,7,73.5,7.0,9588.75,392.9573775812477,True,Medium Value
12434,76,1,286.25,77,286.25,0,16.0,76.0,519.89,25.852017874051636,False,Low Value
12435,84,1,3978.9900000000002,879,3978.9900000000002,0,19.0,84.0,3850.9000000000005,525.9782857680391,False,Medium Value
12437,15,8,1759.09,1272,219.88625,132,8.5,20.0,2688.32,1510.3255144243517,False,High Value
12441,183,1,155.55,120,155.55,0,10.0,183.0,0.0,14.750236578138583,False,Low Value
12447,59,1,431.49,187,431.49,0,25.0,59.0,0.0,47.877340669503134,False,Low Value
12449,3,1,768.9300000000001,384,768.9300000000001,0,47.0,3.0,2827.36,388.78449684553476,True,Medium Value
12451,34,2,5307.82,4105,2653.91,106,97.5,106.0,3687.7,2261.115310358536,False,High Value
12455,6,2,1920.3,1628,960.15,107,26.5,107.0,419.56,287.85771323982766,False,Medium Value
12456,71,1,780.17,441,780.17,0,40.0,71.0,1800.87,173.59407632310655,False,Low Value
12457,50,3,907.25,393,302.4166666666667,5,7.666666666666667,2.0,1135.98,279.6952188611329,False,Low Value
12458,101,1,361.92,268,361.92,0,18.0,101.0,425.48,32.90090189257423,True,Low Value
12462,119,1,594.11,281,594.11,0,39.0,119.0,343.48,21.2760910514705,False,Low Value
12463,23,2,575.95,353,287.975,34,18.0,34.0,624.83,198.58488971443552,False,Low Value
12464,17,4,439.85,47,109.9625,108,3.0,24.0,517.1999999999999,110.08208089861918,False,Low Value
12468,4,2,657.5400000000001,362,328.77000000000004,128,18.0,128.0,0.0,148.9635836397465,False,Low Value
12471,27,12,7263.92,2976,605.3266666666667,153,14.166666666666666,17.0,10124.73,6235.061116588531,False,High Value
12472,84,3,2850.84,1814,950.2800000000001,101,45.0,50.5,3217.27,703.8322250460046,False,Medium Value
12473,8,1,589.6899999999999,528,589.6899999999999,0,33.0,8.0,1996.04,206.13627819732204,True,Low Value
12474,17,8,2467.13,1648,308.39125,129,18.125,11.0,4226.96,2341.705874554859,False,High Value
12476,34,5,2067.1,807,413.41999999999996,143,16.2,32.0,3831.32,1449.5460369381613,False,High Value
12477,55,2,4576.97,1367,2288.485,62,54.5,62.0,8642.77,738.625392078473,False,Medium Value
12480,83,2,1389.27,751,694.635,68,37.5,68.0,1496.36,265.8306581616901,True,Low Value
12481,21,7,2760.05,1916,394.29285714285714,160,17.428571428571427,14.0,2243.77,2683.8645262745185,False,High Value
12483,0,5,998.61,620,199.722,155,7.0,17.0,912.37,986.7041063651687,False,Medium Value
12484,152,1,1026.67,626,1026.67,0,97.0,152.0,2912.65,267.37224176854244,True,Low Value
12489,152,1,298.93,103,298.93,0,14.0,152.0,0.0,25.302646251208955,False,Low Value
12490,31,2,1069.72,705,534.86,115,29.0,115.0,3790.21,365.47368937048043,False,Medium Value
12493,13,1,196.5,86,196.5,0,11.0,13.0,183.24,23.86784513522067,True,Low Value
12494,12,4,625.64,280,156.41,169,9.5,62.0,458.46,64.31362203563515,False,Low Value
12500,83,4,1138.2,904,284.55,67,3.5,14.0,2921.62,482.9568545301512,False,Medium Value
12501,153,1,2025.39,1775,2025.39,0,148.0,153.0,0.0,2.4821016574766674,False,Low Value
12502,34,3,1478.65,421,492.8833333333334,91,24.666666666666668,45.5,1517.22,427.0122657673378,False,Medium Value
12506,49,1,73.5,23,73.5,0,23.0,49.0,0.0,7.825532919460192,False,Low Value
12507,115,1,362.16,216,362.16,0,12.0,115.0,690.65,26.990152544218,False,Low Value
12509,100,1,158.5,54,158.5,0,6.0,100.0,0.0,8.432618259203347,True,Low Value
12510,141,1,597.05,291,597.05,0,28.0,141.0,217.51999999999998,17.449259153572232,False,Low Value
12514,83,1,1017.6800000000001,440,1017.6800000000001,0,51.0,83.0,0.0,71.4775510615711,False,Low Value
12515,169,1,278.7,128,278.7,0,15.0,169.0,0.0,31.31965145055426,False,Low Value
12517,6,1,749.7,413,749.7,0,125.0,6.0,1551.9,979.1057583008175,False,Medium Value
12520,21,3,1517.56,935,505.8533333333333,68,33.0,34.0,828.7,912.9578242779321,False,Medium Value
12523,69,4,482.19,270,120.5475,78,7.75,23.0,1217.58,75.8070847490516,False,Low Value
12524,21,5,2473.38,2103,494.67600000000004,129,19.8,29.5,1472.34,2596.603846749546,True,High Value
12527,111,2,266.92,220,133.46,30,7.0,30.0,63.79,28.337089272991733,False,Low Value
12528,93,2,681.66,353,340.83,36,21.0,36.0,963.82,155.9953907673878,False,Low Value
12530,50,2,715.0,322,357.5,102,12.5,102.0,785.28,146.23696013108426,False,Low Value
12535,3,1,371.45,115,371.45,0,18.0,3.0,344.9,55.94722854024647,False,Low Value
12539,78,3,4517.69,1621,1505.8966666666665,71,76.66666666666667,35.5,1050.66,2806.581034018137,False,High Value
12540,2,7,5466.5199999999995,2971,780.9314285714285,175,28.714285714285715,27.5,6113.72,5629.211142053993,True,High Value
12541,97,1,284.4,287,284.4,0,16.0,97.0,556.78,34.18405090347333,False,Low Value
12545,76,1,544.15,343,544.15,0,33.0,76.0,288.24,52.06970540584793,False,Low Value
12547,14,2,151.8,132,75.9,82,3.0,82.0,0.0,10.34028448324203,True,Low Value
12551,174,1,168.0,100,168.0,0,10.0,174.0,0.0,16.234189912972074,False,Low Value
12553,21,5,1500.6200000000001,965,300.124,125,18.6,28.0,1777.66,1430.1785873255712,False,High Value
12557,72,3,4854.62,1958,1618.2066666666667,115,4.666666666666667,57.0,7136.34,1318.9812316294424,False,High Value
12559,127,2,525.71,281,262.855,8,10.0,8.0,0.0,14.172273985328982,False,Low Value
12561,119,1,238.85,177,238.85,0,16.0,119.0,0.0,21.632810849416806,False,Low Value
12562,15,1,390.96000000000004,180,390.96000000000004,0,20.0,15.0,2994.78,77.59614055776713,True,Low Value
12564,77,1,402.9,130,402.9,0,20.0,77.0,0.0,28.469386307362335,False,Low Value
12565,105,1,145.92000000000002,80,145.92000000000002,0,9.0,105.0,0.0,9.939700702270635,True,Low Value
12567,1,6,4043.0,2038,673.8333333333334,184,35.166666666666664,16.0,4566.28,4315.189668335942,False,High Value
12569,0,6,964.46,552,160.74333333333334,68,7.166666666666667,12.0,2188.23,772.9876215137638,False,Medium Value
12573,43,1,160.54,84,160.54,0,26.0,43.0,0.0,13.18348131922847,False,Low Value
12574,132,1,182.45000000000002,59,182.45000000000002,0,10.0,132.0,0.0,11.960836188797929,False,Low Value
12576,34,2,421.65000000000003,315,210.82500000000002,86,15.0,86.0,894.1800000000001,133.70646003598327,True,Low Value
12577,175,1,195.89000000000001,134,195.89000000000001,0,67.0,175.0,426.76,33.7846932608536,False,Low Value
12578,146,1,1412.66,741,1412.66,0,69.0,146.0,989.85,78.2837732190926,True,Low Value
12580,63,1,379.7,236,379.7,0,23.0,63.0,0.0,36.41589987147303,False,Low Value
12582,55,2,351.36,296,175.68,49,10.0,49.0,0.0,34.62128678062522,False,Low Value
12583,17,5,2826.39,2013,565.278,173,18.0,35.5,3878.9900000000002,2630.8425687411072,False,High Value
12584,1,2,538.74,112,269.37,94,13.0,94.0,1715.41,83.0302119738357,False,Low Value
12585,50,2,1824.1,1267,912.05,117,42.5,117.0,0.0,253.97559385315424,False,Low Value
12590,27,1,9341.26,4282,9341.26,0,67.0,27.0,0.0,4.042076111556027,False,Low Value
12591,133,1,368.85,225,368.85,0,25.0,133.0,0.0,22.24614003580997,False,Low Value
12592,29,1,213.8,164,213.8,0,8.0,29.0,187.8,49.754590327676176,False,Low Value
12593,35,1,200.0,98,200.0,0,10.0,35.0,182.1,37.0117335560474,False,Low Value
12594,0,6,1677.95,914,279.65833333333336,139,11.166666666666666,28.0,1530.27,1254.8859457712504,False,Medium Value
12596,58,1,213.95,154,213.95,0,14.0,58.0,236.32,29.67443282122179,False,Low Value
12597,84,1,432.15000000000003,227,432.15000000000003,0,29.0,84.0,2763.07,46.23596254774744,False,Low Value
12598,37,2,1141.74,678,570.87,63,22.5,63.0,1665.34,428.0123206659931,True,Medium Value
12599,24,3,391.86,424,130.62,96,8.666666666666666,47.5,496.72,189.43055866156828,False,Low Value
12600,20,6,1171.96,328,195.32666666666668,167,4.166666666666667,39.0,1139.08,459.95756093840896,False,Medium Value
12601,6,5,487.06,240,97.412,142,4.6,39.0,0.0,52.16773298095642,False,Low Value
12604,78,1,160.5,136,160.5,0,9.0,78.0,75.67999999999999,22.29777921358107,False,Low Value
12609,2,2,674.73,511,337.365,132,20.5,132.0,290.12,332.22335447733735,False,Medium Value
12613,14,3,1336.52,752,445.50666666666666,64,23.666666666666668,32.0,1755.8600000000001,813.679106174879,False,Medium Value
12614,94,1,315.6,76,315.6,0,20.0,94.0,0.0,20.36776421217603,False,Low Value
12616,113,1,219.6,96,219.6,0,10.0,113.0,421.7,19.72873363837162,False,Low Value
12619,50,2,595.66,510,297.83,19,5.5,19.0,2349.9,165.55878243998816,False,Low Value
12620,21,1,561.66,434,561.66,0,33.0,21.0,741.75,186.679969227689,True,Low Value
12621,16,10,6617.82,3777,661.7819999999999,165,21.6,11.0,5793.85,6272.42983002151,True,High Value
12622,48,1,162.1,68,162.1,0,10.0,48.0,0.0,19.83315559018494,False,Low Value
12623,92,1,269.1,189,269.1,0,17.0,92.0,0.0,31.613108788185194,False,Low Value
12625,28,2,2413.82,1597,1206.91,107,42.0,107.0,0.0,326.16931924551903,False,Medium Value
12626,132,2,1094.1,450,547.05,10,28.5,10.0,4860.38,69.6335851421556,False,Low Value
12633,13,2,1531.55,920,765.775,91,35.0,91.0,398.43,484.5102819478197,False,Medium Value
12637,55,4,2225.15,1074,556.2875,84,35.75,24.0,3579.75,1186.4032506256924,True,Medium Value
12639,55,1,366.1,198,366.1,0,21.0,55.0,0.0,42.29688843487947,False,Low Value
12643,37,3,1333.9199999999998,888,444.63999999999993,112,2.6666666666666665,56.0,1707.72,603.9642538397034,False,Medium Value
12645,36,2,744.9,472,372.45,96,17.0,96.0,886.28,309.0082840133025,False,Medium Value
12647,16,7,1942.31,742,277.47285714285715,169,9.285714285714286,15.0,1204.51,1554.8815357015717,False,High Value
12649,28,1,339.0,202,339.0,0,16.0,28.0,230.51000000000002,70.5090264181699,False,Low Value
12651,151,1,114.0,78,114.0,0,9.0,151.0,0.0,9.95865935827239,False,Low Value
12652,147,1,793.98,498,793.98,0,47.0,147.0,0.0,65.55876536550043,False,Low Value
12653,113,1,779.1,286,779.1,0,16.0,113.0,1430.75,57.27406111871952,True,Low Value
12654,14,3,301.75,149,100.58333333333333,97,6.666666666666667,48.5,228.23000000000002,22.58189250107715,False,Low Value
12656,20,2,1425.6,660,712.8,30,15.0,30.0,2193.57,527.6070664559837,False,Medium Value
12662,3,5,1694.0800000000002,1020,338.81600000000003,186,20.6,44.0,1849.7,1001.7198008868962,True,Medium Value
12664,48,2,1183.58,314,591.79,90,3.5,90.0,3208.3,178.70252729848815,False,Low Value
12665,141,1,45.0,36,45.0,0,2.0,141.0,0.0,6.959322365085606,False,Low Value
12668,75,3,2438.4700000000003,1307,812.8233333333334,96,40.0,48.0,738.6800000000001,853.7155500304765,False,Medium Value
12669,73,1,1028.3,842,1028.3,0,68.0,73.0,399.43,252.02615846828715,False,Low Value
12670,16,2,936.39,483,468.195,32,16.5,32.0,1807.66,375.20546753861845,True,Medium Value
12672,146,1,225.9,78,225.9,0,10.0,146.0,0.0,16.295029738051426,False,Low Value
12673,143,1,220.9,171,220.9,0,23.0,143.0,353.62,21.919550538510055,False,Low Value
12674,24,1,550.74,220,550.74,0,16.0,24.0,1293.8600000000001,80.64105564013383,False,Low Value
12676,6,3,708.95,408,236.3166666666667,121,7.0,60.0,382.44,300.8449504438886,False,Medium Value
12678,4,4,5373.36,3692,1343.34,165,16.75,65.0,10958.1,3644.208076782951,False,High Value
12679,22,2,798.38,401,399.19,77,21.0,77.0,152.64000000000001,313.3517902514972,True,Medium Value
12681,3,13,7980.84,4810,613.9107692307692,180,30.615384615384617,11.5,4384.7,6185.804080260329,False,High Value
12682,8,11,4719.29,2193,429.0263636363636,178,20.272727272727273,14.0,6300.53,4080.2675132890145,False,High Value
12683,1,10,4564.93,3046,456.49300000000005,180,19.1,22.0,3047.64,4279.965076700753,False,High Value
12684,13,2,815.1,882,407.55,16,20.5,16.0,1258.53,455.8828678888004,False,Medium Value
12686,188,1,71.14,106,71.14,0,6.0,188.0,0.0,4.948696667267633,True,Low Value
12690,22,1,335.01,103,335.01,0,15.0,22.0,0.0,62.95681949716472,False,Low Value
12691,135,2,352.2,148,176.1,38,6.5,38.0,575.6,30.07878724889489,True,Low Value
12693,28,3,522.77,215,174.25666666666666,107,9.666666666666666,53.5,189.14,107.70406053226021,False,Low Value
12695,26,1,89.25,33,89.25,0,6.0,26.0,492.85,11.312962361302235,False,Low Value
12700,31,1,984.4300000000001,773,984.4300000000001,0,61.0,31.0,3541.56,768.2891726867267,True,Medium Value
12701,58,1,301.08,244,301.08,0,20.0,58.0,424.63,40.35571760699166,False,Low Value
12705,17,3,2930.1,1723,976.6999999999999,155,48.0,77.5,3452.19,1211.5559417724642,True,Medium Value
12707,108,1,603.42,256,603.42,0,33.0,108.0,0.0,30.014092459276693,False,Low Value
12708,17,5,1212.17,748,242.43400000000003,167,15.4,41.5,1230.74,842.7660282119801,False,Medium Value
12709,7,8,4943.13,2028,617.89125,175,11.875,26.0,4457.39,4711.906453496056,True,High Value
12710,17,1,646.96,382,646.96,0,43.0,17.0,376.06,303.47304665789824,False,Medium Value
12712,16,8,2015.48,608,251.935,171,9.25,19.0,1912.65,1470.4173781303532,False,High Value
12714,23,2,1617.92,1224,808.96,87,48.0,87.0,2676.94,509.30922211994584,False,Medium Value
12717,62,1,509.74,260,509.74,0,30.0,62.0,321.24,44.1164870117802,False,Low Value
12720,8,10,2017.77,1893,201.777,176,14.9,19.0,3097.96,1759.0258944661482,False,High Value
12721,62,3,981.82,662,327.27333333333337,108,21.0,53.5,1404.31,495.66094608215934,False,Medium Value
12724,148,1,136.9,114,136.9,0,10.0,148.0,786.51,12.756683002260766,False,Low Value
12725,187,1,371.8,162,371.8,0,23.0,187.0,0.0,36.82939139440633,False,Low Value
12726,1,5,1359.32,1936,271.864,172,12.4,45.0,1051.78,1076.5738256773338,False,Medium Value
12727,3,5,2440.4,1588,488.08000000000004,133,20.8,19.0,1000.3,1924.7029741604026,True,High Value
12728,73,3,527.3100000000001,251,175.77,74,10.0,37.0,201.02,91.17358313342257,False,Low Value
12731,28,6,8086.09,4079,1347.6816666666666,152,20.666666666666668,40.0,10665.82,6478.514270188833,False,High Value
12733,50,1,383.95,137,383.95,0,22.0,50.0,0.0,36.49823161308971,False,Low Value
12734,169,1,110.39999999999999,88,110.39999999999999,0,4.0,169.0,0.0,9.938663886817492,False,Low Value
12735,131,2,689.5699999999999,363,344.78499999999997,21,20.5,21.0,0.0,40.160919648778375,False,Low Value
12736,149,1,144.0,168,144.0,0,3.0,149.0,0.0,13.278916048645577,True,Low Value
12738,188,1,137.35,147,137.35,0,10.0,188.0,0.0,18.46735652145765,False,Low Value
12744,65,2,4171.81,2475,2085.905,69,54.0,69.0,4948.58,918.4105871358213,True,Medium Value
12747,15,6,2091.4,708,348.56666666666666,170,9.166666666666666,38.0,2104.61,1440.863382856143,False,High Value
12748,0,90,9389.96,6027,104.33288888888887,189,14.877777777777778,0.0,22260.82,10782.01402295091,False,High Value
12749,29,1,859.1,262,859.1,0,43.0,29.0,3181.78,135.38841276318607,True,Low Value
12753,64,4,12940.51,7003,3235.1275,114,32.25,33.0,8488.88,4575.1458208410695,False,High Value
12754,52,3,3010.7400000000002,6481,1003.58,72,21.0,36.0,0.0,322.8105199392634,False,Medium Value
12755,97,2,3811.9500000000003,1491,1905.9750000000001,85,2.0,85.0,0.0,107.37410304221275,False,Low Value
12757,1,2,846.03,457,423.015,25,44.0,25.0,3330.7200000000003,433.51763542386414,False,Medium Value
12758,93,1,1570.19,1109,1570.19,0,56.0,93.0,1221.4,159.9544822864408,False,Low Value
12759,92,1,414.8,275,414.8,0,26.0,92.0,996.64,32.90090189257423,False,Low Value
12763,185,1,320.08,196,320.08,0,16.0,185.0,174.0,39.38801658668314,False,Low Value
12764,133,1,1693.88,386,1693.88,0,45.0,133.0,0.0,24.253891396615625,False,Low Value
12766,56,4,3595.71,1855,898.9275,125,46.0,42.0,2861.92,1234.5783470700112,False,Medium Value
12769,55,1,1143.6,356,1143.6,0,32.0,55.0,0.0,61.854391526290485,False,Low Value
12770,27,1,1351.45,743,1351.45,0,12.0,27.0,0.0,73.05475560554501,True,Low Value
12775,6,4,1074.68,734,268.67,121,12.0,48.0,206.36,574.0186355228351,True,Medium Value
12778,75,3,363.06,370,121.02,53,7.666666666666667,26.0,330.17,165.3493214670745,True,Low Value
12779,6,7,2999.41,1385,428.4871428571428,181,14.857142857142858,29.0,981.95,1757.3420739311564,False,High Value
12781,101,1,549.26,346,549.26,0,15.0,101.0,237.48000000000002,45.84882892858733,False,Low Value
12782,70,3,1310.95,595,436.98333333333335,104,21.666666666666668,51.5,627.97,537.4931403322928,False,Medium Value
12785,180,1,255.95,129,255.95,0,13.0,180.0,0.0,28.247117575395098,False,Low Value
12787,9,1,143.10000000000002,64,143.10000000000002,0,7.0,9.0,275.56,12.127141004075984,False,Low Value
12790,8,1,294.92,164,294.92,0,20.0,8.0,0.0,46.340888507155974,True,Low Value
12791,190,1,177.60000000000002,96,177.60000000000002,0,1.0,190.0,0.0,5.282512253387314,False,Low Value
12792,73,1,344.54,215,344.54,0,24.0,73.0,0.0,34.147331292941494,False,Low Value
12793,151,2,461.48,292,230.74,36,11.0,36.0,0.0,31.445306083526788,True,Low Value
12797,182,1,226.03,117,226.03,0,12.0,182.0,0.0,32.12309086179172,False,Low Value
12802,3,1,397.58,312,397.58,0,24.0,3.0,0.0,70.39669827334858,False,Low Value
12808,1,2,253.35,107,126.675,184,7.5,184.0,202.3,28.39644788962988,False,Low Value
12811,78,2,458.85,227,229.425,22,14.0,22.0,0.0,62.272086517096305,False,Low Value
12815,14,1,495.36,236,495.36,0,30.0,14.0,368.1,69.18508688675898,True,Low Value
12817,97,1,126.04,52,126.04,0,3.0,97.0,0.0,12.227953913152943,False,Low Value
12818,78,1,1182.0800000000002,920,1182.0800000000002,0,13.0,78.0,0.0,84.78062337126465,False,Low Value
12820,143,1,170.46,146,170.46,0,11.0,143.0,771.88,17.309015827641808,False,Low Value
12821,30,1,92.72,70,92.72,0,6.0,30.0,0.0,10.269243863161673,False,Low Value
12823,71,3,994.5,130,331.5,41,1.0,20.5,765.0,41.32700628127333,True,Low Value
12826,133,3,697.1,613,232.36666666666667,48,16.333333333333332,23.5,777.62,289.99880452416335,False,Medium Value
12829,153,2,293.0,376,146.5,23,5.5,23.0,0.0,31.211818970101916,True,Low Value
12831,78,1,215.05,135,215.05,0,9.0,78.0,0.0,17.52029743302645,False,Low Value
12834,99,1,312.38,110,312.38,0,18.0,99.0,0.0,17.390837532871124,False,Low Value
12836,35,2,1661.4,703,830.7,92,50.5,92.0,948.96,461.02339738388724,False,Medium Value
12838,190,1,390.79,228,390.79,0,59.0,190.0,281.16,10.975904613145671,True,Low Value
12839,14,4,1395.89,936,348.9725,168,19.75,69.0,4195.53,864.7112186484104,True,Medium Value
12840,30,2,1577.97,863,788.985,12,37.0,12.0,1148.8,523.0930414653193,True,Medium Value
12841,38,12,1939.73,1220,161.64416666666668,149,17.416666666666668,11.0,2051.85,1684.1942481806882,False,High Value
12842,125,1,310.73,157,310.73,0,14.0,125.0,808.26,25.023865226610432,False,Low Value
12843,2,4,1071.51,498,267.8775,77,17.0,27.0,630.75,757.6648230944121,False,Medium Value
12845,83,4,354.09000000000003,204,88.52250000000001,22,6.75,2.0,0.0,9.197797274500823,False,Low Value
12849,85,1,651.2099999999999,471,651.2099999999999,0,32.0,85.0,341.44,97.83628220654498,False,Low Value
12852,111,1,311.55,149,311.55,0,17.0,111.0,0.0,16.140856891896547,False,Low Value
12853,56,3,885.0,326,295.0,76,14.0,38.0,1072.1,280.2620720705403,True,Low Value
12854,57,2,810.37,422,405.185,77,37.5,77.0,505.88,268.8568677439636,False,Low Value
12855,189,1,38.1,30,38.1,0,3.0,189.0,0.0,4.278323710093899,False,Low Value
12857,27,2,1106.4,343,553.2,91,23.0,91.0,0.0,154.36042668006695,False,Low Value
12866,99,1,499.12,167,499.12,0,25.0,99.0,0.0,32.82644764296195,False,Low Value
12867,30,4,1729.39,2002,432.3475,145,64.75,49.0,2279.95,1533.3500150791047,True,High Value
12868,2,6,1607.0600000000002,928,267.84333333333336,187,17.833333333333332,42.0,0.0,512.4568666651702,True,Medium Value
12871,23,1,132.0,80,132.0,0,4.0,23.0,248.64,16.855037127469686,False,Low Value
12872,143,2,599.97,319,299.985,38,33.0,38.0,0.0,43.6976948512358,True,Low Value
12873,98,1,374.0,128,374.0,0,4.0,98.0,0.0,24.88081431848368,False,Low Value
12875,179,1,293.76000000000005,1728,293.76000000000005,0,1.0,179.0,49.470000000000006,74.12425326372195,False,Low Value
12876,12,1,666.43,647,666.43,0,33.0,12.0,1386.59,386.2704313435844,True,Medium Value
12877,17,7,682.0400000000001,388,97.43428571428572,157,5.0,29.0,853.73,527.5505294857786,False,Medium Value
12878,52,2,854.99,547,427.495,29,23.5,29.0,0.0,255.06172156228513,True,Low Value
12881,92,1,298.0,21,298.0,0,7.0,92.0,0.0,10.420193698606449,False,Low Value
12886,36,1,775.0,416,775.0,0,47.0,36.0,603.4,275.0628345577607,False,Low Value
12888,30,2,354.12,76,177.06,41,2.5,41.0,0.0,26.35119863798828,False,Low Value
12891,2,3,331.0,950,110.33333333333333,107,1.0,53.5,0.0,145.20979496187553,False,Low Value
12897,21,2,216.5,110,108.25,97,2.0,97.0,0.0,37.08068403890073,False,Low Value
12901,0,12,8061.8,8191,671.8166666666667,86,4.333333333333333,10.0,9592.74,4859.055081685739,False,High Value
12902,81,1,138.68,66,138.68,0,10.0,81.0,0.0,9.325238135159564,False,Low Value
12908,129,1,318.0,600,318.0,0,1.0,129.0,432.0,53.47308909008894,False,Low Value
12909,18,3,1528.3700000000001,786,509.4566666666667,51,21.333333333333332,25.5,650.3,912.9578242779321,False,Medium Value
12910,14,3,1142.5,654,380.8333333333333,44,10.0,22.0,1932.54,835.8839735137875,False,Medium Value
12913,99,3,866.39,345,288.7966666666667,85,5.0,42.0,1617.24,233.45096211571885,True,Low Value
12915,189,1,199.65,41,199.65,0,13.0,189.0,164.0,14.226637143310102,False,Low Value
12916,18,3,2251.58,820,750.5266666666666,118,23.666666666666668,59.0,693.37,892.8181056025276,True,Medium Value
12921,1,15,6071.32,3843,404.75466666666665,188,19.933333333333334,5.0,10515.77,6395.8152016004915,False,High Value
12924,14,3,647.3199999999999,284,215.7733333333333,129,4.0,64.0,278.43,135.99268335294033,False,Low Value
12928,58,2,780.04,486,390.02,117,19.0,117.0,1282.66,273.6209204928087,False,Low Value
12929,128,1,117.85,37,117.85,0,8.0,128.0,0.0,7.755991458600899,False,Low Value
12931,20,7,3920.7000000000003,3270,560.1,154,2.0,28.5,38135.26,4163.086756430047,False,High Value
12933,100,1,110.75,65,110.75,0,7.0,100.0,496.78000000000003,15.584875116837065,False,Low Value
12935,20,2,866.23,628,433.115,115,26.5,115.0,1294.47,415.22551540258974,False,Medium Value
12937,13,2,428.23,268,214.115,69,14.0,69.0,1076.04,83.23977636356288,False,Low Value
12939,89,3,7228.32,2824,2409.44,61,8.666666666666666,30.0,4353.48,1302.707284478711,False,High Value
12942,14,2,396.52,104,198.26,168,12.0,168.0,279.08,57.255230904438974,True,Low Value
12944,171,1,286.95,145,286.95,0,14.0,171.0,317.56,26.648979286853834,False,Low Value
12945,104,1,462.95,165,462.95,0,23.0,104.0,0.0,32.82644764296195,False,Low Value
12947,0,4,1338.89,1033,334.7225,189,20.5,51.0,265.1,883.5127071864914,False,Medium Value
12948,31,3,886.26,388,295.42,49,17.666666666666668,24.5,1178.69,571.7917799457732,False,Medium Value
12949,22,3,2250.7,1279,750.2333333333332,46,38.333333333333336,23.0,1916.52,1267.243690397004,False,Medium Value
12951,20,4,624.88,273,156.22,126,9.5,44.0,439.19,94.0628489271406,False,Low Value
12955,20,3,697.42,548,232.47333333333333,64,11.333333333333334,31.5,4059.7400000000002,637.9897699871007,True,Medium Value
12956,122,1,108.07,34,108.07,0,19.0,122.0,0.0,11.254821671276016,False,Low Value
12957,2,4,1715.29,1248,428.8225,153,27.0,51.0,2302.25,1001.7198008868962,True,Medium Value
12963,182,1,365.8,172,365.8,0,16.0,182.0,1490.83,34.80662918932284,False,Low Value
12967,174,2,1660.9,438,830.45,13,9.5,13.0,0.0,35.34789925640396,False,Low Value
12970,138,2,23.8,8,11.9,0,4.0,0.0,381.67,48.952688704121776,False,Low Value
12971,6,41,4859.34,3532,118.52048780487806,182,3.4634146341463414,4.0,6330.57,5008.817154735318,False,High Value
12974,14,1,144.8,24,144.8,0,8.0,14.0,0.0,6.80052013725986,True,Low Value
12976,28,1,738.6,561,738.6,0,22.0,28.0,0.0,207.96675054305618,False,Low Value
12980,4,7,5458.9800000000005,526,779.8542857142858,170,2.2857142857142856,24.5,1915.92,3039.87567506128,True,High Value
12982,59,1,390.54,288,390.54,0,28.0,59.0,0.0,33.45860321509136,False,Low Value
12987,14,1,304.3,108,304.3,0,14.0,14.0,254.4,49.52391613272657,False,Low Value
12988,108,1,505.82,126,505.82,0,75.0,108.0,0.0,26.12407876423609,False,Low Value
12989,16,7,3327.94,1470,475.42,164,3.0,29.5,3596.17,2031.7120457902365,False,High Value
12990,1,2,263.9,130,131.95,124,3.5,124.0,145.60000000000002,26.256943810661305,False,Low Value
12993,24,2,175.3,92,87.65,90,6.0,90.0,239.46,10.704533387851365,False,Low Value
12994,85,1,352.6,166,352.6,0,22.0,85.0,621.82,35.11394611941856,False,Low Value
12997,52,2,608.47,300,304.235,80,16.5,80.0,618.42,154.12354334372898,False,Low Value
12999,12,3,455.88,342,151.96,49,9.333333333333334,24.0,0.0,103.13473503025335,False,Low Value
13000,76,2,458.53000000000003,307,229.26500000000001,104,15.0,104.0,76.32000000000001,98.17099715990457,False,Low Value
13001,1,10,7812.5,4469,781.25,141,26.6,12.0,1973.47,5958.86114009955,True,High Value
13002,134,1,120.95,73,120.95,0,7.0,134.0,0.0,10.593016962391983,False,Low Value
13003,31,1,59.050000000000004,31,59.050000000000004,0,4.0,31.0,90.0,8.288484708914503,False,Low Value
13004,0,8,2761.02,2474,345.1275,174,24.75,24.0,2894.89,2444.9447851775717,False,High Value
13005,62,1,321.65,135,321.65,0,18.0,62.0,192.05,27.014469706144006,True,Low Value
13008,139,1,229.47,175,229.47,0,14.0,139.0,0.0,21.30430816301835,False,Low Value
13011,188,1,50.550000000000004,13,50.550000000000004,0,3.0,188.0,0.0,5.145087190450596,False,Low Value
13012,29,3,707.39,313,235.79666666666665,81,11.666666666666666,40.5,939.45,384.1885931337804,False,Medium Value
13013,29,4,2372.29,1234,593.0725,158,26.75,36.0,2438.65,1582.5698025813856,False,High Value
13014,36,3,1328.03,389,442.6766666666667,60,11.333333333333334,30.0,2138.25,618.9931352095706,True,Medium Value
13015,13,4,1763.04,705,440.76,52,22.0,3.0,1576.6000000000001,1064.4937261926605,False,Medium Value
13018,12,11,3673.96,2662,333.99636363636364,99,21.363636363636363,10.0,3603.7400000000002,3158.8164103878394,False,High Value
13021,32,3,765.0,354,255.0,143,13.0,71.0,1851.38,276.97400560176857,True,Low Value
13026,37,2,243.72000000000003,348,121.86000000000001,54,3.0,54.0,731.64,72.80124415285258,True,Low Value
13027,50,3,3840.0,9600,1280.0,120,5.0,60.0,3072.0,876.430674060459,False,Medium Value
13029,169,1,382.5,30,382.5,0,1.0,169.0,865.0,23.77524341580873,True,Low Value
13030,184,1,402.36,174,402.36,0,50.0,184.0,350.08,36.02622245982126,False,Low Value
13033,173,1,190.55,83,190.55,0,11.0,173.0,0.0,20.480309801601756,False,Low Value
13034,185,1,165.86,116,165.86,0,11.0,185.0,476.91,53.59762715083065,False,Low Value
13035,77,1,333.0,212,333.0,0,12.0,77.0,588.88,35.70712047206715,False,Low Value
13037,35,2,577.32,294,288.66,36,16.5,36.0,303.75,181.6812187461241,False,Low Value
13038,0,2,591.76,280,295.88,106,11.0,106.0,316.70000000000005,94.78758000748962,False,Low Value
13043,89,1,516.42,254,516.42,0,13.0,89.0,0.0,32.36177773610991,True,Low Value
13044,107,1,560.47,429,560.47,0,33.0,107.0,0.0,58.48984733337579,True,Low Value
13046,82,1,197.72,76,197.72,0,14.0,82.0,431.59000000000003,17.4441265775044,False,Low Value
13047,35,6,1671.68,681,278.61333333333334,154,13.666666666666666,35.0,1560.91,1039.8275715427314,False,Medium Value
13048,54,2,923.42,653,461.71,88,37.5,88.0,895.99,377.26302455055514,False,Medium Value
13049,134,1,153.78000000000003,78,153.78000000000003,0,7.0,134.0,502.90000000000003,10.364953033876315,False,Low Value
13050,1,10,3455.38,2042,345.538,181,26.1,12.0,2377.73,2877.4402950788244,False,High Value
13052,28,1,348.15,222,348.15,0,18.0,28.0,0.0,51.69562473087019,False,Low Value
13055,30,1,344.86,252,344.86,0,22.0,30.0,869.55,66.49700239580285,False,Low Value
13059,66,1,183.4,35,183.4,0,8.0,66.0,0.0,10.885311927009102,False,Low Value
13060,70,1,307.53000000000003,123,307.53000000000003,0,15.0,70.0,0.0,26.160574351080026,False,Low Value
13062,7,1,346.98,343,346.98,0,11.0,7.0,0.0,45.054212725679626,False,Low Value
13064,143,1,203.3,60,203.3,0,8.0,143.0,902.2900000000001,17.457969347775432,False,Low Value
13065,189,1,205.86,74,205.86,0,14.0,189.0,0.0,8.877486764163192,False,Low Value
13068,136,1,165.0,100,165.0,0,1.0,136.0,179.0,29.877048664255756,False,Low Value
13069,6,15,2678.76,2430,178.584,179,17.933333333333334,7.0,1752.68,2591.538230919647,False,High Value
13070,8,1,228.8,110,228.8,0,9.0,8.0,0.0,29.707548947628847,False,Low Value
13072,83,1,177.15,69,177.15,0,7.0,83.0,0.0,11.47989028194678,False,Low Value
13077,106,3,576.19,606,192.06333333333336,76,20.666666666666668,38.0,151.83,244.55191974963503,False,Low Value
13078,17,10,4467.16,1440,446.716,166,16.1,20.0,8160.78,3898.25210102691,False,High Value
13081,34,7,14463.51,9576,2066.2157142857145,153,82.0,28.5,13873.87,26147.05280586858,False,High Value
13082,52,5,1960.18,2837,392.036,102,9.8,16.5,1653.45,1333.9983715419628,False,High Value
13085,111,1,278.1,172,278.1,0,13.0,111.0,137.98,34.609753325494765,False,Low Value
13089,2,54,29467.170000000002,15586,545.6883333333334,184,17.444444444444443,1.0,29294.91,16974.150775250688,True,High Value
13090,55,6,3096.6,724,516.1,134,6.833333333333333,27.0,5799.22,1695.249233068005,False,High Value
13092,28,4,439.75,95,109.9375,147,5.25,49.0,38.08,40.5841059345315,False,Low Value
13093,92,8,7832.47,3961,979.05875,97,19.875,14.0,0.0,103.439354340517,False,Low Value
13094,8,8,1093.0800000000002,948,136.63500000000002,177,1.875,18.0,834.24,704.9426201601511,True,Medium Value
13097,49,5,3002.16,1262,600.432,126,38.2,29.0,3001.06,1787.873650964065,False,High Value
13098,2,9,7734.97,4354,859.4411111111111,131,20.77777777777778,13.5,21147.47,5629.211142053993,False,High Value
13101,50,1,101.19,113,101.19,0,8.0,50.0,0.0,8.88400913922269,False,Low Value
13102,15,15,3769.16,2499,251.27733333333333,166,12.733333333333333,9.5,2654.93,4193.452133123955,False,High Value
13104,83,2,213.72,132,106.86,87,1.5,87.0,884.76,29.398836286184448,False,Low Value
13107,150,1,566.84,468,566.84,0,21.0,150.0,964.78,43.299378788202795,False,Low Value
13108,189,1,350.05999999999995,298,350.05999999999995,0,10.0,189.0,0.0,3.5539171440544726,True,Low Value
13110,73,3,732.49,205,244.16333333333333,54,26.0,26.5,756.1800000000001,216.1260283814363,False,Low Value
13113,9,16,8856.16,2065,553.51,173,8.375,9.0,3389.8,8657.878370827344,True,High Value
13115,0,1,878.55,621,878.55,0,55.0,0.0,1416.23,379.89643017887363,True,Medium Value
13117,34,6,751.37,611,125.22833333333334,154,9.833333333333334,39.0,233.54,675.6207104320056,False,Medium Value
13118,24,3,799.7,274,266.56666666666666,80,16.0,39.5,398.11,354.0411919054588,False,Medium Value
13120,55,1,30.6,12,30.6,0,1.0,55.0,0.0,7.079318490731557,False,Low Value
13121,85,1,283.73,252,283.73,0,50.0,85.0,0.0,37.58254482737093,False,Low Value
13122,56,1,903.6700000000001,537,903.6700000000001,0,54.0,56.0,18.72,139.9583890754003,False,Low Value
13124,68,2,2516.47,1601,1258.235,106,70.0,106.0,1239.86,449.9473478387908,False,Medium Value
13126,69,5,1077.42,1062,215.484,113,13.2,24.0,1022.22,961.2400388650161,False,Medium Value
13131,4,1,324.90000000000003,128,324.90000000000003,0,14.0,4.0,748.4,42.70669768154521,False,Low Value
13132,78,1,77.3,20,77.3,0,3.0,78.0,0.0,4.595266156815576,False,Low Value
13133,90,2,109.8,32,54.9,30,3.5,30.0,0.0,6.716761663489738,False,Low Value
13134,0,3,885.74,330,295.24666666666667,56,15.333333333333334,28.0,907.84,326.87946882089466,False,Medium Value
13135,13,1,3096.0,4300,3096.0,0,1.0,13.0,0.0,3.7520289679594434,False,Low Value
13136,29,1,574.46,276,574.46,0,30.0,29.0,2033.15,83.73196089158321,True,Low Value
13137,69,2,847.44,526,423.72,55,76.5,55.0,2755.85,682.535381307942,False,Medium Value
13138,57,2,386.85,197,193.425,131,13.0,131.0,575.54,66.20886529129692,False,Low Value
13139,31,2,1170.02,458,585.01,44,17.0,44.0,3894.92,347.31666835257704,False,Medium Value
13140,182,1,158.26,74,158.26,0,15.0,182.0,264.21,29.455776139403135,False,Low Value
13141,30,4,1401.03,942,350.2575,101,22.25,20.0,987.72,1138.6433612652038,False,Medium Value
13144,149,1,110.95,21,110.95,0,3.0,149.0,0.0,5.866348393644414,True,Low Value
13145,188,1,295.0,1,295.0,0,1.0,188.0,323.52,81.40956204232728,False,Low Value
13148,49,6,1779.38,831,296.56333333333333,131,25.166666666666668,28.0,1903.88,1345.2817118625503,False,High Value
13149,105,1,376.74,276,376.74,0,18.0,105.0,1299.32,32.90090189257423,False,Low Value
13151,112,1,1257.8700000000001,363,1257.8700000000001,0,73.0,112.0,0.0,19.28838119900281,False,Low Value
13155,143,2,569.2,262,284.6,41,31.0,41.0,402.56,57.61736742167212,False,Low Value
13157,57,2,497.94,474,248.97,57,12.5,57.0,1243.28,216.15955436502568,True,Low Value
13158,135,1,256.40999999999997,135,256.40999999999997,0,19.0,135.0,944.65,23.183467046411433,False,Low Value
13161,129,1,112.75,29,112.75,0,8.0,129.0,0.0,7.677804666445656,False,Low Value
13162,0,3,1305.44,1396,435.1466666666667,150,20.0,75.0,382.85,676.1395552224632,False,Medium Value
13165,167,1,354.64,496,354.64,0,13.0,167.0,666.84,50.108403217665945,False,Low Value
13166,99,1,417.2,216,417.2,0,39.0,99.0,0.0,34.59159203532091,False,Low Value
13168,15,3,953.0600000000001,545,317.68666666666667,119,35.0,59.0,346.53000000000003,457.5167429443068,False,Medium Value
13169,68,1,505.20000000000005,96,505.20000000000005,0,6.0,68.0,207.68,25.59978600209668,False,Low Value
13171,115,1,140.35,53,140.35,0,23.0,115.0,328.06,15.168064671807677,False,Low Value
13173,183,1,165.94,114,165.94,0,23.0,183.0,187.71,48.70399421385329,True,Low Value
13174,132,2,2030.06,926,1015.03,52,94.5,52.0,708.76,320.40589059660977,False,Medium Value
13178,20,5,2719.2,1603,543.8399999999999,156,26.0,40.0,3006.27,2126.630977553254,False,High Value
13183,25,3,1527.0800000000002,916,509.0266666666667,126,12.333333333333334,62.5,2430.7000000000003,730.8576866533111,False,Medium Value
13184,1,5,918.97,941,183.794,105,18.8,27.5,748.98,1037.5546265318103,False,Medium Value
13185,84,1,71.4,12,71.4,0,1.0,84.0,0.0,4.751413155303841,True,Low Value
13187,153,1,236.02,95,236.02,0,37.0,153.0,0.0,20.197623018531495,True,Low Value
13192,21,1,464.32,298,464.32,0,33.0,21.0,447.62,94.81396923804056,False,Low Value
13196,78,1,512.13,320,512.13,0,34.0,78.0,1285.65,35.74271353367873,True,Low Value
13198,66,3,2087.75,1680,695.9166666666666,112,47.666666666666664,55.5,1313.49,651.7062921823943,True,Medium Value
13199,13,15,3725.16,2875,248.344,169,3.2,8.0,6076.96,3977.3642778166527,False,High Value
13203,58,1,165.71,145,165.71,0,10.0,58.0,703.75,33.040690065167986,False,Low Value
13208,23,3,693.96,484,231.32000000000002,102,30.333333333333332,50.5,499.21,467.0835279601129,True,Medium Value
13209,44,3,2362.44,1863,787.48,134,48.666666666666664,66.5,3529.17,1125.5309796850127,True,Medium Value
13211,177,1,110.7,46,110.7,0,2.0,177.0,984.72,26.59931781537483,False,Low Value
13213,15,2,415.28000000000003,206,207.64000000000001,0,11.5,0.0,1105.3,78.13468690786839,False,Low Value
13216,84,1,333.74,297,333.74,0,5.0,84.0,0.0,24.982203523649133,False,Low Value
13220,2,3,726.49,132,242.16333333333333,51,5.666666666666667,25.0,92.8,135.9626664917609,False,Low Value
13221,56,2,844.86,243,422.43,119,32.5,119.0,0.0,140.67876133822782,True,Low Value
13223,16,2,163.2,88,81.6,31,2.5,31.0,0.0,8.186131261652136,False,Low Value
13225,13,4,3741.88,1868,935.47,165,4.75,67.0,2721.96,2399.482018019986,True,High Value
13226,89,1,108.21,80,108.21,0,16.0,89.0,0.0,14.408069023584448,False,Low Value
13227,18,1,257.7,99,257.7,0,9.0,18.0,0.0,49.33534898150015,False,Low Value
13229,42,1,160.95,63,160.95,0,10.0,42.0,0.0,16.388803490972613,False,Low Value
13230,18,9,1763.63,896,195.9588888888889,163,37.55555555555556,12.5,992.0,1634.221439420846,False,High Value
13232,12,3,674.3,488,224.76666666666665,46,36.666666666666664,23.0,653.45,551.76730477936,False,Medium Value
13233,152,1,304.24,404,304.24,0,17.0,152.0,300.88,45.25880657941246,False,Low Value
13235,28,1,1031.07,441,1031.07,0,53.0,28.0,0.0,194.51721860698103,False,Low Value
13238,176,1,91.15,33,91.15,0,5.0,176.0,609.58,20.47104142116625,True,Low Value
13239,78,1,329.56,327,329.56,0,21.0,78.0,0.0,27.94530610242484,False,Low Value
13240,73,2,427.46,204,213.73,108,21.5,108.0,221.24,82.23152013067165,True,Low Value
13242,30,2,104.0,50,52.0,0,2.5,0.0,166.4,14.824422714089343,True,Low Value
13243,19,1,585.12,232,585.12,0,56.0,19.0,0.0,77.61057966041615,False,Low Value
13246,23,4,1626.04,1324,406.51,123,24.0,33.0,335.48,1207.0525318154248,True,Medium Value
13248,5,1,387.47,251,387.47,0,21.0,5.0,78.21000000000001,57.42235232176164,True,Low Value
13249,77,1,291.84,240,291.84,0,2.0,77.0,419.57,35.52556851170856,False,Low Value
13253,155,1,476.48,624,476.48,0,16.0,155.0,553.9200000000001,75.90139329178739,False,Low Value
13255,190,1,225.7,110,225.7,0,6.0,190.0,173.81,25.150323235233984,True,Low Value
13258,21,1,198.87,77,198.87,0,12.0,21.0,473.96,41.70857694235568,False,Low Value
13261,85,2,944.1,210,472.05,17,4.5,17.0,0.0,53.74735737989913,False,Low Value
13262,79,1,200.29,125,200.29,0,11.0,79.0,0.0,18.950898110027936,False,Low Value
13263,7,15,3434.5,2018,228.96666666666667,133,52.8,6.0,3977.21,3046.9092830134387,True,High Value
13265,0,3,1450.66,1126,483.55333333333334,89,20.333333333333332,44.5,642.0,613.871156581074,False,Medium Value
13266,1,6,1826.4299999999998,2372,304.405,71,14.333333333333334,14.0,2007.83,1546.767865946598,False,High Value
13267,16,11,2210.14,936,200.92181818181817,167,9.272727272727273,10.0,2311.35,1637.6136698964613,False,High Value
13268,15,5,1810.34,2193,362.068,68,49.4,17.0,1342.37,1661.5408810227227,False,High Value
13269,34,5,2045.28,1337,409.056,151,31.6,16.0,3298.0,1407.9254215823944,False,High Value
13270,182,1,590.0,200,590.0,0,1.0,182.0,0.0,22.486561126562723,False,Low Value
13280,132,2,682.96,448,341.48,20,36.5,20.0,115.5,75.06629449346552,True,Low Value
13282,37,1,344.7,84,344.7,0,14.0,37.0,787.4399999999999,36.32769586886475,False,Low Value
13283,2,1,25.5,30,25.5,0,2.0,2.0,68.16,35.052585827550374,False,Low Value
13284,147,1,201.19,91,201.19,0,13.0,147.0,0.0,16.92987096475075,False,Low Value
13285,42,2,1173.27,914,586.635,63,41.0,63.0,1535.85,482.9200684381397,False,Medium Value
13292,100,1,249.57,133,249.57,0,14.0,100.0,329.37,25.160704720377,False,Low Value
13294,6,2,873.74,453,436.87,59,27.0,59.0,0.0,249.34548191336762,True,Low Value
13295,176,1,201.20000000000002,82,201.20000000000002,0,10.0,176.0,0.0,19.3025264195512,True,Low Value
13299,84,1,142.5,30,142.5,0,5.0,84.0,0.0,8.206421055898018,False,Low Value
13301,39,2,327.77,189,163.885,69,20.5,69.0,272.42,125.0608062787414,False,Low Value
13304,167,1,300.42,238,300.42,0,21.0,167.0,0.0,26.245248897393587,True,Low Value
13305,61,4,640.25,487,160.0625,127,6.25,27.0,1360.61,794.4394712502921,True,Medium Value
13308,19,1,814.95,519,814.95,0,26.0,19.0,570.5600000000001,260.4952976098274,True,Low Value
13309,23,2,546.64,616,273.32,102,23.5,102.0,910.15,351.8761378300115,True,Medium Value
13310,22,2,817.65,395,408.825,117,26.0,117.0,314.38,293.5279523096688,True,Medium Value
13313,31,2,609.74,331,304.87,124,15.5,124.0,945.58,147.34771561010584,False,Low Value
13316,70,1,1622.48,2048,1622.48,0,11.0,70.0,4110.45,208.87293007117592,False,Low Value
13317,15,5,1313.98,500,262.796,160,13.6,20.0,959.7,988.5184896384803,False,Medium Value
13319,3,13,5009.900000000001,2126,385.3769230769231,179,18.076923076923077,12.5,5835.650000000001,5547.151785382357,False,High Value
13320,30,2,508.61,426,254.305,0,18.0,0.0,1023.59,160.7692576449413,False,Low Value
13324,19,7,3798.99,2473,542.7128571428572,157,5.571428571428571,19.5,3322.96,3706.1424359870357,False,High Value
13327,2,5,1872.3500000000001,868,374.47,179,13.0,52.5,1755.42,1005.3438603203437,True,Medium Value
13328,132,1,1308.48,680,1308.48,0,17.0,132.0,0.0,15.416573783570108,False,Low Value
13329,183,1,304.2,175,304.2,0,7.0,183.0,484.79999999999995,29.110656813669852,False,Low Value
13330,2,2,728.22,400,364.11,130,13.5,130.0,412.71,275.2041310442038,False,Low Value
13334,7,2,2708.59,1343,1354.295,114,104.0,114.0,793.73,816.7391607140372,False,Medium Value
13339,17,1,860.12,326,860.12,0,54.0,17.0,0.0,116.26459948172166,False,Low Value
13340,93,1,3678.03,1605,3678.03,0,51.0,93.0,7058.45,681.9472555071343,False,Medium Value
13341,77,1,775.85,301,775.85,0,42.0,77.0,0.0,101.47625355493872,True,Low Value
13344,94,1,1656.15,599,1656.15,0,68.0,94.0,855.54,168.26848386813964,True,Low Value
13345,104,1,339.5,140,339.5,0,19.0,104.0,0.0,25.151519844788726,False,Low Value
13357,73,1,609.4,321,609.4,0,85.0,73.0,0.0,50.10234698613319,False,Low Value
13358,85,1,389.03,284,389.03,0,28.0,85.0,0.0,30.221425409057392,False,Low Value
13362,62,2,1581.53,727,790.765,41,46.5,41.0,1509.21,451.6686795998929,False,Medium Value
13365,34,1,700.6,404,700.6,0,39.0,34.0,1524.77,263.4309779752257,False,Low Value
13368,73,2,573.4,326,286.7,80,14.0,80.0,0.0,97.69285927134412,True,Low Value
13369,182,1,258.28000000000003,148,258.28000000000003,0,13.0,182.0,0.0,30.93503942597812,True,Low Value
13370,188,1,754.87,343,754.87,0,39.0,188.0,0.0,34.512698292127475,False,Low Value
13373,92,1,987.7,458,987.7,0,50.0,92.0,2324.55,143.92010472091397,False,Low Value
13376,20,2,670.0,354,335.0,30,18.5,30.0,199.76,197.24085080715105,False,Low Value
13381,23,2,1071.35,597,535.675,91,25.5,91.0,2567.96,415.4533983196505,False,Medium Value
13382,97,1,222.99,131,222.99,0,15.0,97.0,0.0,25.98055312134547,False,Low Value
13385,146,1,534.57,281,534.57,0,35.0,146.0,0.0,23.208509558687073,False,Low Value
13389,49,1,257.89,115,257.89,0,18.0,49.0,540.07,33.29097862637003,False,Low Value
13391,20,1,59.8,4,59.8,0,1.0,20.0,0.0,1.6543725494965944,False,Low Value
13394,31,3,935.33,719,311.7766666666667,95,18.666666666666668,47.0,1584.69,546.3746193411782,True,Medium Value
13395,1,1,307.72,336,307.72,0,21.0,1.0,0.0,56.63586274364302,False,Low Value
13396,135,1,387.27000000000004,139,387.27000000000004,0,15.0,135.0,973.72,24.473946812212837,False,Low Value
13397,111,2,601.77,191,300.885,44,7.5,44.0,942.36,69.65715341300464,True,Low Value
13398,8,1,457.34000000000003,281,457.34000000000003,0,26.0,8.0,0.0,53.30210899490011,False,Low Value
13402,188,1,308.28000000000003,190,308.28000000000003,0,17.0,188.0,312.95,36.44786676017308,False,Low Value
13404,29,1,217.81,99,217.81,0,9.0,29.0,34.68,43.599567549653855,False,Low Value
13405,20,2,557.45,163,278.725,113,12.5,113.0,0.0,119.43685877944948,False,Low Value
13408,7,26,11504.91,6810,442.4965384615385,183,7.615384615384615,4.0,16612.13,12461.414537433611,False,High Value
13410,3,3,545.04,300,181.67999999999998,104,5.0,52.0,458.02,129.4805613050232,False,Low Value
13414,113,1,390.0,600,390.0,0,1.0,113.0,1000.5,63.402885371209365,False,Low Value
13417,21,1,236.0,72,236.0,0,10.0,21.0,404.83,36.07282616101693,True,Low Value
13418,20,9,3340.6,1726,371.17777777777775,168,17.666666666666668,6.0,2786.83,2194.4953272707876,True,High Value
13421,106,1,814.54,470,814.54,0,63.0,106.0,1008.6700000000001,167.5659176466013,False,Low Value
13425,111,1,401.57,282,401.57,0,27.0,111.0,1222.64,32.533973171363115,True,Low Value
13426,55,4,1285.02,902,321.255,120,16.25,22.0,2356.3,1063.6033583134497,False,Medium Value
13427,31,1,214.5,130,214.5,0,9.0,31.0,368.1,41.02308276827316,False,Low Value
13435,5,1,443.72,410,443.72,0,21.0,5.0,3366.17,175.9368914622201,False,Low Value
13437,6,1,1440.9,398,1440.9,0,80.0,6.0,1967.16,837.7202978576746,False,Medium Value
13439,71,1,283.71,242,283.71,0,54.0,71.0,0.0,36.05288230049943,False,Low Value
13448,35,4,1423.26,720,355.815,155,17.75,9.0,2111.4300000000003,1007.2108596130394,False,Medium Value
13450,21,2,678.54,578,339.27,13,10.5,13.0,1365.18,305.16293893123236,False,Medium Value
13451,27,3,1589.48,1095,529.8266666666667,123,80.66666666666667,61.5,1308.78,1798.7149551611149,False,High Value
13452,75,2,590.0,2,295.0,11,1.0,11.0,0.0,2.429788669680823,True,Low Value
13453,106,1,185.0,76,185.0,0,8.0,106.0,171.98,13.306288037178286,False,Low Value
13455,182,1,692.94,190,692.94,0,30.0,182.0,365.4,47.20631164238916,False,Low Value
13456,23,1,207.66,100,207.66,0,13.0,23.0,1559.0600000000002,56.734851910322035,True,Low Value
13458,6,7,6260.08,3717,894.2971428571428,169,32.285714285714285,25.5,3386.4900000000002,5093.751011251786,False,High Value
13462,69,1,151.5,62,151.5,0,9.0,69.0,0.0,11.67359063959281,False,Low Value
13466,0,1,307.90000000000003,259,307.90000000000003,0,17.0,0.0,0.0,55.305655622266706,False,Low Value
13468,17,21,3591.12,1484,171.00571428571428,171,8.904761904761905,7.5,2113.85,2661.8673358313113,False,High Value
13473,149,1,241.26,198,241.26,0,12.0,149.0,181.38,21.951145427236835,False,Low Value
13474,52,1,226.84,129,226.84,0,59.0,52.0,0.0,31.315343862309284,True,Low Value
13475,7,4,1431.78,1012,357.945,107,21.5,36.0,0.0,949.9879137451386,True,Medium Value
13476,97,1,727.6,164,727.6,0,29.0,97.0,510.87,52.17500003103353,False,Low Value
13477,27,2,516.03,267,258.015,80,13.5,80.0,938.55,130.00989275599284,False,Low Value
13479,17,2,300.95,134,150.475,33,7.5,33.0,0.0,41.66084236471804,False,Low Value
13481,8,2,978.99,636,489.495,64,30.0,64.0,825.57,341.70401115436994,True,Medium Value
13482,48,1,184.64000000000001,116,184.64000000000001,0,11.0,48.0,0.0,21.972230041268315,True,Low Value
13484,57,1,313.8,44,313.8,0,8.0,57.0,0.0,15.243321798183484,False,Low Value
13485,49,1,454.24,277,454.24,0,23.0,49.0,0.0,47.36271264895091,True,Low Value
13487,29,2,408.8,213,204.4,140,12.0,140.0,166.6,83.64101671182014,False,Low Value
13488,13,6,5530.43,2532,921.7383333333333,170,41.166666666666664,35.0,3437.88,5242.026261718578,False,High Value
13489,105,2,235.68,352,117.84,5,3.5,5.0,213.84,35.94230946525614,False,Low Value
13491,63,8,1031.63,758,128.95375,124,9.0,15.0,184.19,673.1796514546539,False,Medium Value
13492,31,1,315.3,114,315.3,0,15.0,31.0,954.5400000000001,57.6177814078554,False,Low Value
13493,91,2,498.63,377,249.315,11,3.0,11.0,0.0,80.2162144716546,False,Low Value
13494,128,1,316.26000000000005,162,316.26000000000005,0,18.0,128.0,0.0,20.45905476484954,False,Low Value
13495,48,3,1072.43,485,357.4766666666667,136,9.333333333333334,67.5,972.44,370.7214574371518,True,Medium Value
13496,176,1,501.01,229,501.01,0,26.0,176.0,152.32,26.74473679814756,True,Low Value
13497,99,2,348.05,163,174.025,85,9.5,85.0,0.0,30.815596011696393,False,Low Value
13499,41,2,463.79,265,231.895,44,10.5,44.0,695.3199999999999,96.78591279193354,False,Low Value
13501,104,1,1340.32,560,1340.32,0,52.0,104.0,0.0,26.471090825750593,False,Low Value
13502,91,2,189.16,110,94.58,48,4.5,48.0,102.84,18.36882171973692,False,Low Value
13505,8,2,1596.09,845,798.045,40,47.0,40.0,2037.54,614.3698922036667,False,Medium Value
13506,132,2,458.52,324,229.26,53,13.0,53.0,0.0,39.345142668562765,False,Low Value
13508,60,1,110.97,24,110.97,0,12.0,60.0,0.0,7.725475068590175,False,Low Value
13509,70,3,650.02,766,216.67333333333332,29,9.333333333333334,14.5,314.7,284.69486316892437,False,Medium Value
13510,0,1,585.32,421,585.32,0,38.0,0.0,1206.24,263.1480094657483,False,Low Value
13512,77,1,251.21,143,251.21,0,15.0,77.0,0.0,29.76487339388015,True,Low Value
13515,64,1,203.4,180,203.4,0,13.0,64.0,687.72,32.806985819013846,False,Low Value
13516,55,1,146.0,56,146.0,0,7.0,55.0,1243.41,12.221347479315854,False,Low Value
13520,1,4,1731.98,892,432.995,186,14.0,65.0,1252.37,1005.3438603203437,True,Medium Value
13523,16,3,2369.24,828,789.7466666666666,166,34.0,83.0,1595.64,1107.390979392268,False,Medium Value
13524,36,1,159.2,100,159.2,0,9.0,36.0,520.98,48.496483018023106,False,Low Value
13525,64,1,282.88,208,282.88,0,2.0,64.0,345.9,37.89236282616402,False,Low Value
13527,18,2,585.64,230,292.82,125,22.5,125.0,1656.72,146.61296715458954,False,Low Value
13529,21,1,181.1,30,181.1,0,7.0,21.0,126.66000000000001,21.902823501554465,False,Low Value
13531,21,2,483.8,174,241.9,161,11.0,161.0,0.0,36.38548393722497,False,Low Value
13533,83,2,144.94,105,72.47,0,21.0,0.0,124.15,11.795361696550069,True,Low Value
13534,3,17,2953.08,1519,173.71058823529413,171,9.764705882352942,9.0,2917.0,2248.8666778352517,True,High Value
13538,91,2,504.3,74,252.15,40,4.0,40.0,776.55,37.15250264230728,False,Low Value
13539,56,2,315.65,231,157.825,68,10.5,68.0,315.69,46.41285444725156,True,Low Value
13544,57,1,113.01,63,113.01,0,42.0,57.0,163.05,65.52397990689981,True,Low Value
13546,17,1,182.26,107,182.26,0,26.0,17.0,438.83,36.8371943701088,False,Low Value
13548,60,1,281.01,164,281.01,0,59.0,60.0,397.15,40.28729111352944,False,Low Value
13549,9,3,512.5500000000001,307,170.85000000000002,49,9.333333333333334,24.0,405.65000000000003,166.98275938136095,False,Low Value
13551,135,1,91.80000000000001,12,91.80000000000001,0,4.0,135.0,0.0,3.7694477107238127,True,Low Value
13552,21,5,1861.29,593,372.258,110,9.4,25.5,1878.78,1287.1021342910258,False,High Value
13555,18,2,1590.05,868,795.025,0,27.5,0.0,2508.83,329.2368155481244,False,Medium Value
13557,97,1,240.68,224,240.68,0,16.0,97.0,343.38,32.78803187578877,False,Low Value
13561,32,1,141.85999999999999,83,141.85999999999999,0,14.0,32.0,0.0,21.694249131787604,False,Low Value
13562,62,1,603.27,233,603.27,0,24.0,62.0,1196.06,36.33372587039995,False,Low Value
13564,170,2,1174.03,635,587.015,13,39.0,13.0,0.0,61.75415644071903,False,Low Value
13565,150,1,110.17999999999999,78,110.17999999999999,0,13.0,150.0,130.04,12.788995039967842,False,Low Value
13569,184,1,109.82000000000001,43,109.82000000000001,0,23.0,184.0,227.3,25.672491067891333,False,Low Value
13570,59,1,239.49,161,239.49,0,27.0,59.0,0.0,34.199091818743625,True,Low Value
13571,1,4,507.31,357,126.8275,68,19.5,27.0,1581.63,153.4501916746278,False,Low Value
13572,22,1,1384.25,534,1384.25,0,32.0,22.0,0.0,72.62041400564726,False,Low Value
13573,69,1,31.770000000000003,10,31.770000000000003,0,3.0,69.0,258.48,28.32329380685865,False,Low Value
13576,4,8,3136.01,1214,392.00125,185,6.5,27.0,3581.33,1965.3349990385927,False,High Value
13577,58,1,356.75,131,356.75,0,20.0,58.0,1330.8500000000001,35.544569834009465,False,Low Value
13579,185,1,164.70000000000002,46,164.70000000000002,0,9.0,185.0,302.34000000000003,48.22230458358928,False,Low Value
13581,125,1,118.0,30,118.0,0,10.0,125.0,0.0,7.393233107569845,False,Low Value
13584,123,1,142.4,37,142.4,0,24.0,123.0,0.0,10.953623620446846,False,Low Value
13588,71,1,113.30000000000001,48,113.30000000000001,0,8.0,71.0,2365.65,23.64660669650688,False,Low Value
13590,16,3,912.03,811,304.01,103,13.0,51.5,1069.89,631.403383226424,False,Medium Value
13591,20,2,776.23,263,388.115,62,19.0,62.0,340.9,189.40001351028798,False,Low Value
13592,22,3,205.51,71,68.50333333333333,58,4.333333333333333,29.0,42.45,18.819334604540394,False,Low Value
13593,80,3,997.75,358,332.5833333333333,72,20.666666666666668,36.0,1014.13,234.5035269655586,False,Low Value
13599,14,7,2005.66,1218,286.52285714285716,168,10.0,35.0,3144.26,1391.4954338286566,False,High Value
13600,128,1,219.52,324,219.52,0,19.0,128.0,0.0,21.218732113816557,False,Low Value
13601,27,1,373.2,275,373.2,0,41.0,27.0,320.12,95.33482828846773,False,Low Value
13606,59,2,246.63,240,123.315,68,18.5,68.0,30.119999999999997,60.04087571842216,False,Low Value
13610,3,3,464.37,218,154.79,97,28.0,48.0,617.96,159.72138879749474,True,Low Value
13611,176,1,303.15000000000003,183,303.15000000000003,0,15.0,176.0,851.25,31.91481426158655,False,Low Value
13614,147,1,205.75,25,205.75,0,9.0,147.0,1379.71,12.705764756839997,False,Low Value
13615,135,1,417.69,189,417.69,0,23.0,135.0,0.0,20.00707585553376,True,Low Value
13623,26,4,539.17,149,134.7925,87,15.75,30.0,188.57,144.2741353982897,False,Low Value
13626,69,1,257.23,209,257.23,0,19.0,69.0,0.0,34.199091818743625,False,Low Value
13627,21,2,605.92,439,302.96,152,20.5,152.0,1032.55,275.3364106709441,False,Low Value
13629,27,4,2888.0,1650,722.0,127,4.0,28.0,4904.36,1965.1070102520732,False,High Value
13630,0,3,1051.84,711,350.6133333333333,101,18.0,50.0,979.9399999999999,531.4589047533993,False,Medium Value
13631,18,4,1330.0,188,332.5,65,1.0,4.0,1740.42,122.33033715172218,False,Low Value
13632,50,2,610.69,233,305.345,9,29.5,9.0,1508.24,128.77507189787121,False,Low Value
13634,58,2,597.61,249,298.805,85,34.5,85.0,949.75,121.20781501833994,True,Low Value
13636,69,3,541.45,303,180.48333333333335,32,11.666666666666666,16.0,407.67,99.77940287921527,False,Low Value
13637,3,2,677.4,349,338.7,39,43.0,39.0,125.65,191.41860993546408,False,Low Value
13642,32,1,312.28,151,312.28,0,57.0,32.0,0.0,30.60748467983949,False,Low Value
13643,2,1,87.9,60,87.9,0,6.0,2.0,431.54,14.602872697021205,False,Low Value
13647,51,1,424.64,267,424.64,0,23.0,51.0,1223.48,60.82436823405862,False,Low Value
13649,73,2,346.6,139,173.3,109,11.5,109.0,0.0,41.404357490493865,False,Low Value
13650,23,2,745.52,284,372.76,60,18.0,60.0,1090.82,195.49725989712357,True,Low Value
13652,73,2,638.24,290,319.12,112,19.0,112.0,456.84000000000003,137.48837579302017,False,Low Value
13654,18,3,1172.84,809,390.94666666666666,71,22.666666666666668,35.5,1534.49,929.3524469079114,False,Medium Value
13655,58,1,383.65,115,383.65,0,21.0,58.0,549.32,35.40842563887538,False,Low Value
13656,153,1,162.70000000000002,113,162.70000000000002,0,31.0,153.0,216.95,41.56546153606687,False,Low Value
13657,18,1,152.34,132,152.34,0,9.0,18.0,229.8,24.649659844904125,False,Low Value
13658,20,1,933.3000000000001,300,933.3000000000001,0,32.0,20.0,1705.87,212.31593450579723,False,Low Value
13659,22,2,1563.0,882,781.5,115,48.5,115.0,0.0,285.29754214890465,False,Medium Value
13662,28,2,516.44,353,258.22,47,17.0,47.0,364.82,160.81722453086388,False,Low Value
13666,103,2,64.05,37,32.025,0,4.0,0.0,20.6,5.745364557720064,False,Low Value
13668,4,12,4035.6800000000003,2450,336.3066666666667,175,20.5,13.0,2274.15,4279.965076700753,False,High Value
13672,117,2,186.39000000000001,57,93.19500000000001,30,3.0,30.0,0.0,7.672049934960855,False,Low Value
13675,101,1,308.44,204,308.44,0,15.0,101.0,178.38000000000002,33.298027085514015,False,Low Value
13680,154,2,2391.59,1195,1195.795,1,35.0,1.0,1327.53,93.86205464555715,False,Low Value
13682,3,1,59.5,10,59.5,0,3.0,3.0,0.0,7.346859516527003,False,Low Value
13684,102,1,65.13,38,65.13,0,29.0,102.0,0.0,10.162164946606316,False,Low Value
13692,30,2,871.58,735,435.79,22,16.0,22.0,616.74,372.925774386539,False,Medium Value
13694,9,26,28199.35,27027,1084.5903846153847,180,10.846153846153847,6.0,36840.27,17214.192624281866,False,High Value
13695,5,5,625.92,416,125.184,70,4.6,18.5,1878.21,248.2822852094072,False,Low Value
13700,56,5,927.17,1098,185.434,87,20.2,15.5,1321.46,976.9857385129269,False,Medium Value
13703,134,1,99.5,10,99.5,0,1.0,134.0,0.0,3.314008285252841,False,Low Value
13705,190,1,318.14,103,318.14,0,10.0,190.0,393.72,14.171384764770764,False,Low Value
13706,119,1,330.79,189,330.79,0,20.0,119.0,0.0,20.45905476484954,False,Low Value
13707,83,2,806.41,351,403.205,48,24.0,48.0,0.0,131.87372300677504,False,Low Value
13708,87,1,283.33,300,283.33,0,48.0,87.0,0.0,43.77047434767356,False,Low Value
13709,131,1,454.3,295,454.3,0,30.0,131.0,5853.35,22.39178706995609,False,Low Value
13711,35,2,252.06,140,126.03,0,6.5,0.0,0.0,23.545688981868498,False,Low Value
13712,63,1,228.84,352,228.84,0,10.0,63.0,0.0,32.52732518447677,True,Low Value
13715,97,5,1077.39,562,215.478,91,20.6,16.5,0.0,202.80139978200035,False,Low Value
13716,85,1,138.28,138,138.28,0,21.0,85.0,0.0,18.216522513800747,False,Low Value
13717,57,2,570.59,693,285.295,57,18.0,57.0,874.42,298.14394978617815,False,Medium Value
13718,62,2,306.55,173,153.275,49,6.0,49.0,0.0,33.06281088379857,False,Low Value
13719,21,2,338.74,186,169.37,28,10.0,28.0,702.94,80.29462253742946,False,Low Value
13720,54,2,432.1,250,216.05,16,13.0,16.0,367.8,97.21694767475414,False,Low Value
13722,99,1,1463.47,958,1463.47,0,46.0,99.0,911.94,124.20406846403839,True,Low Value
13723,33,1,199.85000000000002,43,199.85000000000002,0,6.0,33.0,0.0,19.897513568365678,False,Low Value
13725,41,6,1751.6,696,291.93333333333334,83,14.666666666666666,12.0,228.96,1279.0275118962675,False,Medium Value
13728,15,3,493.93,165,164.64333333333335,111,10.333333333333334,55.0,522.21,172.1941185419753,False,Low Value
13731,35,2,610.59,278,305.295,27,19.0,27.0,0.0,143.09993666564645,True,Low Value
13735,50,1,935.15,505,935.15,0,59.0,50.0,1948.39,212.4226379497631,False,Low Value
13736,76,1,357.53000000000003,228,357.53000000000003,0,73.0,76.0,372.27,48.11267624885392,False,Low Value
13737,16,1,339.59999999999997,125,339.59999999999997,0,29.0,16.0,0.0,49.2256562147876,False,Low Value
13740,57,1,350.75,425,350.75,0,23.0,57.0,0.0,68.64832437693691,False,Low Value
13741,0,2,363.13,143,181.565,33,10.0,33.0,305.3,59.94405534928377,False,Low Value
13742,0,8,2139.87,788,267.48375,135,27.5,20.0,968.0,1402.9624988397443,False,High Value
13743,33,2,353.16,420,176.58,41,6.5,41.0,988.44,162.50152696862025,True,Low Value
13744,108,1,817.32,899,817.32,0,44.0,108.0,263.2,149.49250704580078,False,Low Value
13747,190,1,79.6,8,79.6,0,1.0,190.0,0.0,2.2599911631663367,False,Low Value
13748,48,3,580.85,223,193.61666666666667,141,4.333333333333333,70.5,367.4,99.90096245358929,False,Low Value
13750,113,2,688.8,240,344.4,39,4.0,39.0,958.46,110.78233529312526,False,Low Value
13751,104,1,296.25,152,296.25,0,9.0,104.0,0.0,22.24361016158914,False,Low Value
13752,1,4,891.53,709,222.8825,61,15.75,23.0,283.85,1028.9504565659606,False,Medium Value
13753,104,1,741.26,512,741.26,0,35.0,104.0,0.0,102.66221434767328,False,Low Value
13754,133,1,156.0,82,156.0,0,8.0,133.0,126.6,9.43748290096907,True,Low Value
13756,0,5,1711.8100000000002,1011,342.362,183,10.4,14.5,3477.71,1407.5172360815204,False,High Value
13758,17,5,2351.52,1493,470.304,172,18.8,41.0,839.03,1196.508396250366,False,Medium Value
13760,72,1,135.09,96,135.09,0,28.0,72.0,151.70000000000002,28.70261528595802,False,Low Value
13762,35,1,306.72,272,306.72,0,7.0,35.0,0.0,53.011382367587174,False,Low Value
13764,153,1,499.89,282,499.89,0,69.0,153.0,1016.53,23.62049812698677,False,Low Value
13767,19,22,7241.29,3042,329.14954545454543,170,9.636363636363637,4.0,9979.07,6760.013538628139,False,High Value
13769,24,5,1448.01,613,289.602,159,14.2,34.0,1348.5,1337.162678073264,True,High Value
13771,15,2,1464.8500000000001,825,732.4250000000001,47,35.0,47.0,1169.6,517.6404744270985,True,Medium Value
13772,56,1,228.42000000000002,86,228.42000000000002,0,36.0,56.0,894.21,35.36663624205003,True,Low Value
13777,0,21,11356.32,5597,540.7771428571428,188,4.761904761904762,7.5,14620.84,12559.7128171581,False,High Value
13781,67,1,127.84,30,127.84,0,17.0,67.0,0.0,11.890876462105034,False,Low Value
13782,50,2,361.3,156,180.65,93,22.5,93.0,547.5600000000001,90.49018119773734,False,Low Value
13784,2,6,1028.4299999999998,1405,171.40499999999997,146,2.8333333333333335,29.0,1434.36,995.7374618101943,False,Medium Value
13786,183,1,230.39999999999998,136,230.39999999999998,0,7.0,183.0,0.0,27.70150232464565,False,Low Value
13787,180,1,106.4,56,106.4,0,7.0,180.0,202.64,17.27067304627463,True,Low Value
13792,103,1,74.60000000000001,28,74.60000000000001,0,4.0,103.0,120.95,5.699434847548385,False,Low Value
13798,3,33,22801.72,14250,690.9612121212122,185,5.96969696969697,4.5,14352.130000000001,15294.480468199105,False,High Value
13799,110,1,341.7,186,341.7,0,16.0,110.0,347.15999999999997,32.572611832768544,False,Low Value
13800,126,1,558.32,331,558.32,0,33.0,126.0,0.0,24.619663186269648,False,Low Value
13802,71,2,3131.06,1794,1565.53,56,24.0,56.0,1468.3600000000001,604.6956457241814,False,Medium Value
13803,71,1,277.07,121,277.07,0,17.0,71.0,0.0,28.733125271092433,False,Low Value
13804,106,1,723.63,417,723.63,0,41.0,106.0,1864.76,110.44875889935714,False,Low Value
13807,183,1,112.6,36,112.6,0,7.0,183.0,0.0,14.530441910196222,True,Low Value
13809,121,1,155.05,29,155.05,0,11.0,121.0,0.0,8.462324312412532,False,Low Value
13811,0,2,519.75,63,259.875,55,5.0,55.0,0.0,36.51961726142255,True,Low Value
13815,135,1,922.01,603,922.01,0,52.0,135.0,2745.35,119.28318730594516,False,Low Value
13817,168,1,110.7,62,110.7,0,8.0,168.0,218.28,16.017084856501885,False,Low Value
13819,118,3,1140.35,1109,380.1166666666666,18,12.0,8.5,0.0,55.67187344084631,False,Low Value
13821,78,1,270.15,110,270.15,0,42.0,78.0,115.49,32.20359808337106,False,Low Value
13824,19,3,1232.98,518,410.99333333333334,107,8.666666666666666,53.0,465.96,500.09784066616015,True,Medium Value
13831,16,3,1093.45,393,364.48333333333335,169,18.666666666666668,84.0,1105.0,440.87968049810263,False,Medium Value
13835,31,1,328.45,157,328.45,0,21.0,31.0,506.12,71.75908233682328,False,Low Value
13837,28,2,266.59000000000003,182,133.29500000000002,105,9.0,105.0,0.0,45.185917371255876,False,Low Value
13838,186,1,230.66,80,230.66,0,48.0,186.0,444.15999999999997,29.50637849087305,False,Low Value
13841,69,1,85.0,100,85.0,0,1.0,69.0,0.0,5.791397620823408,True,Low Value
13842,16,6,1828.47,729,304.745,167,18.666666666666668,29.0,1557.15,1577.38790923968,False,High Value
13846,58,2,663.9300000000001,345,331.96500000000003,117,21.5,117.0,201.13,156.00329667538668,True,Low Value
13848,114,2,935.0,2700,467.5,68,2.0,68.0,320.0,176.32672813345562,False,Low Value
13851,104,1,246.32,150,246.32,0,17.0,104.0,2405.14,25.73194202296292,False,Low Value
13854,13,16,5159.54,1540,322.47125,169,4.4375,9.0,2949.98,4447.037067629946,False,High Value
13856,0,2,219.0,264,109.5,19,5.0,19.0,169.5,33.19915360549572,False,Low Value
13859,142,1,201.16,129,201.16,0,27.0,142.0,0.0,23.642462533107356,False,Low Value
13862,3,4,1152.51,809,288.1275,144,18.25,44.0,1056.85,900.0346453485095,False,Medium Value
13863,64,1,305.78000000000003,224,305.78000000000003,0,20.0,64.0,0.0,35.65341156476569,False,Low Value
13865,3,2,282.52,100,141.26,102,8.5,102.0,219.04000000000002,32.91806253764982,False,Low Value
13867,34,1,138.85,31,138.85,0,8.0,34.0,866.24,12.207144862330102,False,Low Value
13869,79,3,1573.16,724,524.3866666666667,94,45.333333333333336,47.0,1510.49,426.3737658675946,False,Medium Value
13870,104,1,544.03,384,544.03,0,34.0,104.0,2226.91,64.46803255489671,False,Low Value
13871,23,5,2395.73,1052,479.146,102,23.6,26.0,4007.52,1760.7480168165198,True,High Value
13873,35,2,230.4,66,115.2,90,7.0,90.0,159.20000000000002,32.56987033899067,False,Low Value
13874,174,1,540.45,180,540.45,0,18.0,174.0,0.0,23.215997762793045,False,Low Value
13875,0,3,1067.88,754,355.96000000000004,117,19.333333333333332,58.0,718.91,531.4589047533993,False,Medium Value
13880,3,6,1339.57,717,223.26166666666666,180,12.0,30.0,1880.2,1201.4262818752575,False,Medium Value
13881,30,4,3569.46,2540,892.365,98,12.75,33.0,13590.06,2318.6480852018312,False,High Value
13883,35,4,1742.78,904,435.695,34,23.5,0.0,931.7,649.9921318582049,False,Medium Value
13884,93,3,196.25,65,65.41666666666667,5,3.3333333333333335,2.5,591.35,15.594544829531024,False,Low Value
13885,5,2,506.8,182,253.4,11,14.0,11.0,0.0,81.9412917365537,True,Low Value
13887,20,1,349.55,147,349.55,0,19.0,20.0,0.0,42.01029935242152,False,Low Value
13888,34,1,229.56,74,229.56,0,19.0,34.0,366.11,34.55583268536455,True,Low Value
13890,175,1,190.35,93,190.35,0,11.0,175.0,1693.46,21.982594716586718,False,Low Value
13892,63,1,54.519999999999996,140,54.519999999999996,0,3.0,63.0,578.45,9.431815122367697,False,Low Value
13893,114,1,821.1,190,821.1,0,21.0,114.0,0.0,40.27198437869638,False,Low Value
13894,126,1,160.85,105,160.85,0,10.0,126.0,403.77,24.684371289816056,False,Low Value
13898,142,1,155.93,133,155.93,0,12.0,142.0,0.0,15.2184710717152,False,Low Value
13899,91,1,298.5,122,298.5,0,15.0,91.0,90.02000000000001,25.033677925460914,False,Low Value
13900,9,2,732.45,429,366.225,70,21.0,70.0,8.5,249.34548191336762,False,Low Value
13901,72,2,648.3,308,324.15,62,17.0,62.0,2218.9,181.09961496115466,False,Low Value
13904,111,1,201.12,223,201.12,0,17.0,111.0,131.52,30.54635741533083,False,Low Value
13908,31,2,781.11,557,390.555,61,25.5,61.0,1538.44,320.5930085871371,False,Medium Value
13911,13,6,1703.91,1465,283.985,111,17.666666666666668,18.0,877.0,1131.9215731861668,False,Medium Value
13917,8,1,65.38,38,65.38,0,5.0,8.0,206.66,6.48037391227709,True,Low Value
13918,69,1,198.20000000000002,100,198.20000000000002,0,8.0,69.0,1014.6400000000001,25.23505292173767,False,Low Value
13922,168,1,172.25,93,172.25,0,7.0,168.0,0.0,12.282371933856659,False,Low Value
13929,142,1,412.85,43,412.85,0,2.0,142.0,429.8,16.089055231664368,True,Low Value
13931,97,1,378.21000000000004,211,378.21000000000004,0,20.0,97.0,859.32,32.90090189257423,False,Low Value
13932,111,1,307.4,72,307.4,0,16.0,111.0,0.0,22.213663991327813,True,Low Value
13934,80,1,922.1,390,922.1,0,31.0,80.0,0.0,77.77384469716782,False,Low Value
13939,128,1,184.5,202,184.5,0,12.0,128.0,384.05,16.06716068991358,False,Low Value
13941,114,2,2118.96,980,1059.48,75,9.5,75.0,2994.0,188.83831773948455,False,Low Value
13946,18,2,485.97,263,242.985,66,4.5,66.0,75.6,104.98394951912884,False,Low Value
13948,177,1,102.0,40,102.0,0,3.0,177.0,0.0,11.269509434110065,False,Low Value
13950,63,1,179.31,81,179.31,0,7.0,63.0,565.75,13.733340816975256,False,Low Value
13951,52,2,516.05,315,258.025,57,16.0,57.0,158.4,152.9946184751444,False,Low Value
13952,34,2,3251.07,1430,1625.535,20,68.0,20.0,0.0,318.8047518577344,False,Medium Value
13953,27,3,1750.0,1400,583.3333333333334,141,1.0,70.5,1765.68,744.1597110432795,True,Medium Value
13955,122,1,205.1,110,205.1,0,11.0,122.0,117.86,22.986498394793372,False,Low Value
13956,59,2,290.32,132,145.16,28,26.0,28.0,728.95,83.02246532680255,False,Low Value
13959,97,2,337.44,198,168.72,81,17.0,81.0,256.6,57.21560358405143,False,Low Value
13962,62,1,117.6,30,117.6,0,7.0,62.0,51.95,9.530907504810983,True,Low Value
13963,124,4,664.54,460,166.135,59,8.75,19.0,0.0,33.26870401022038,False,Low Value
13969,34,6,1503.18,841,250.53,146,22.333333333333332,34.0,7520.99,1264.230639151108,True,Medium Value
13971,31,3,974.52,740,324.84,71,17.666666666666668,35.0,1783.74,784.4257206782181,False,Medium Value
13972,18,1,145.9,42,145.9,0,9.0,18.0,44.349999999999994,16.322317722824707,False,Low Value
13973,103,1,264.7,109,264.7,0,11.0,103.0,0.0,26.84283366951405,True,Low Value
13975,32,2,954.01,563,477.005,60,61.0,60.0,1507.23,520.541938488652,True,Medium Value
13976,23,1,357.98,154,357.98,0,10.0,23.0,0.0,56.41169458210427,False,Low Value
13982,142,2,903.8,512,451.9,38,25.0,38.0,968.01,89.62471203516235,False,Low Value
13983,3,8,1681.06,793,210.1325,179,9.25,36.0,922.37,1224.5328840220268,False,Medium Value
13984,66,3,717.23,589,239.07666666666668,116,3.3333333333333335,57.5,203.28,371.0684844214473,False,Medium Value
13985,0,3,1165.3,558,388.43333333333334,80,20.666666666666668,39.5,5894.83,626.6935537690546,False,Medium Value
13988,17,2,1356.08,769,678.04,53,37.0,53.0,2791.88,505.9591932868249,False,Medium Value
13989,55,1,896.67,869,896.67,0,23.0,55.0,369.41,203.34887640634147,False,Low Value
13990,29,1,311.3,190,311.3,0,16.0,29.0,0.0,46.383015937414676,False,Low Value
13993,22,4,1492.8200000000002,405,373.20500000000004,125,17.25,41.0,1973.54,587.4224743389618,False,Medium Value
13995,62,1,310.45,183,310.45,0,17.0,62.0,1083.24,35.65341156476569,False,Low Value
13999,30,4,1246.82,901,311.705,147,18.0,40.0,2654.9900000000002,1244.477085456019,False,Medium Value
14000,27,1,635.66,710,635.66,0,15.0,27.0,0.0,155.77663731269567,False,Low Value
14001,49,2,1309.14,632,654.57,140,12.0,140.0,733.94,333.03678040050954,False,Medium Value
14004,105,1,900.02,382,900.02,0,29.0,105.0,3682.62,108.28259837070514,False,Low Value
14005,32,1,187.16,240,187.16,0,14.0,32.0,2687.56,58.506278472035184,False,Low Value
14006,57,2,662.09,447,331.045,71,10.0,71.0,300.1,221.0693258152325,True,Low Value
14009,14,2,695.61,365,347.805,7,21.0,7.0,0.0,87.5502628783923,True,Low Value
14012,94,1,328.8,160,328.8,0,11.0,94.0,0.0,30.68465898770557,False,Low Value
14013,92,1,118.5,90,118.5,0,8.0,92.0,354.52,10.46985407146866,False,Low Value
14016,24,3,3314.63,1427,1104.8766666666668,149,38.333333333333336,74.0,976.58,1214.1864120954344,True,Medium Value
14021,27,2,501.7,152,250.85,44,9.0,44.0,130.2,94.20139899219761,True,Low Value
14022,41,1,440.0,487,440.0,0,28.0,41.0,0.0,80.73734610491945,True,Low Value
14023,66,1,273.14,162,273.14,0,16.0,66.0,310.93,42.01278848717828,True,Low Value
14030,59,5,1435.02,650,287.004,122,26.2,30.5,923.82,1044.1155591511763,True,Medium Value
14031,12,11,7904.5599999999995,3026,718.5963636363635,176,12.090909090909092,16.5,9382.3,5980.401445743969,True,High Value
14032,22,5,1535.57,1089,307.114,160,16.6,34.0,1440.02,1472.4565763348025,False,High Value
14035,84,2,700.58,374,350.29,29,11.5,29.0,727.44,129.6749468043738,False,Low Value
14036,101,1,626.65,268,626.65,0,38.0,101.0,0.0,33.46100229624543,False,Low Value
14037,181,1,111.8,34,111.8,0,26.0,181.0,35.400000000000006,26.829796409104187,True,Low Value
14038,23,1,716.32,501,716.32,0,45.0,23.0,844.0600000000001,289.4738154577555,False,Medium Value
14040,32,5,1438.48,569,287.696,115,21.4,19.0,2121.84,911.7638457313038,False,Medium Value
14041,82,1,141.41,94,141.41,0,21.0,82.0,0.0,13.785488179756886,False,Low Value
14044,126,1,170.44,73,170.44,0,54.0,126.0,475.98,17.935208165776103,False,Low Value
14045,154,3,1251.75,487,417.25,35,1.6666666666666667,17.5,408.0,123.72105000624846,False,Low Value
14046,100,1,151.59,443,151.59,0,13.0,100.0,0.0,37.0710446330686,False,Low Value
14047,16,3,635.92,210,211.97333333333333,173,6.0,86.0,672.69,149.9169172764162,False,Low Value
14048,121,1,409.93,288,409.93,0,83.0,121.0,0.0,23.437172481670533,True,Low Value
14049,17,2,3017.81,2015,1508.905,116,124.5,116.0,2560.91,1216.5850802665245,False,Medium Value
14051,29,11,5833.4800000000005,1600,530.3163636363637,153,8.363636363636363,12.5,9776.91,4142.940302822052,False,High Value
14056,0,11,3653.83,2042,332.16636363636366,100,44.27272727272727,7.5,4498.88,3462.34416287642,False,High Value
14057,15,8,2670.23,2538,333.77875,161,19.5,13.0,3541.43,2607.1821592392475,False,High Value
14059,83,1,183.6,128,183.6,0,8.0,83.0,0.0,14.273853414347514,False,Low Value
14060,0,11,3395.1,3242,308.6454545454545,188,9.090909090909092,20.5,2745.32,2644.7899421267407,False,High Value
14062,55,6,4834.63,2719,805.7716666666666,124,11.666666666666666,9.0,5630.22,2751.601998424172,False,High Value
14064,28,3,842.16,1295,280.71999999999997,62,9.333333333333334,31.0,492.18,753.6427347591296,False,Medium Value
14066,83,1,152.55,45,152.55,0,7.0,83.0,0.0,6.358196129211715,False,Low Value
14068,136,1,265.85,73,265.85,0,22.0,136.0,0.0,18.759716633969244,False,Low Value
14071,76,2,356.81,295,178.405,4,14.5,4.0,1065.94,62.53253046830903,False,Low Value
14075,77,1,307.92,270,307.92,0,18.0,77.0,634.34,35.435675578362876,False,Low Value
14077,41,2,199.61,83,99.805,48,13.0,48.0,299.81,19.119876662498676,False,Low Value
14078,1,5,827.91,237,165.582,188,10.4,42.5,221.46,158.9917117265874,False,Low Value
14081,118,2,921.62,592,460.81,67,72.5,67.0,0.0,94.79681253373481,False,Low Value
14082,181,1,182.25,110,182.25,0,28.0,181.0,0.0,21.408786635943695,False,Low Value
14083,15,5,473.94,363,94.788,172,18.8,45.5,528.96,122.89298569046223,True,Low Value
14085,14,10,2785.16,1661,278.51599999999996,170,28.3,13.0,1636.13,2278.102968167867,False,High Value
14088,6,3,15354.84,3670,5118.28,132,60.666666666666664,66.0,35136.97,19852.525241685107,True,High Value
14090,141,1,76.32000000000001,72,76.32000000000001,0,1.0,141.0,0.0,4.476799776807523,False,Low Value
14092,12,6,1797.47,899,299.5783333333333,161,17.5,32.0,2279.44,1254.109123985093,False,Medium Value
14099,34,5,1321.46,1240,264.29200000000003,136,25.4,34.5,1782.71,1264.230639151108,False,Medium Value
14101,14,4,4159.39,5850,1039.8475,128,6.25,31.0,1817.3999999999999,3799.3983139129937,False,High Value
14105,55,1,1266.23,800,1266.23,0,74.0,55.0,0.0,149.9975395774117,False,Low Value
14107,36,4,1475.08,1076,368.77,144,18.0,39.0,1228.15,1225.0202049811412,False,Medium Value
14110,36,2,1701.52,790,850.76,46,30.5,46.0,3981.63,535.8383731442976,False,Medium Value
14111,58,1,94.2,148,94.2,0,2.0,58.0,598.65,11.228219213762841,False,Low Value
14112,20,3,1152.5,672,384.1666666666667,71,23.666666666666668,35.5,1762.65,906.0537555210493,False,Medium Value
14113,171,1,433.5,102,433.5,0,2.0,171.0,1406.92,34.89416199202276,False,Low Value
14114,90,2,386.53,101,193.265,56,7.5,56.0,0.0,40.595993438846506,False,Low Value
14127,73,2,452.23,197,226.115,53,14.5,53.0,257.48,71.9154515592739,False,Low Value
14128,72,1,305.54,269,305.54,0,22.0,72.0,331.96,35.435675578362876,True,Low Value
14129,77,1,358.90000000000003,164,358.90000000000003,0,16.0,77.0,764.96,40.235574108968756,False,Low Value
14130,135,1,480.91,257,480.91,0,66.0,135.0,0.0,21.72240636767375,False,Low Value
14132,0,1,306.86,388,306.86,0,24.0,0.0,3279.17,158.8433476061614,False,Low Value
14133,132,1,318.0,152,318.0,0,16.0,132.0,287.64,25.334175847710416,True,Low Value
14135,2,9,2441.46,2747,271.2733333333333,186,9.88888888888889,9.5,2248.85,2326.400069470665,False,High Value
14142,189,1,311.81,313,311.81,0,22.0,189.0,0.0,5.125728538891952,False,Low Value
14145,33,1,1128.6,228,1128.6,0,4.0,33.0,2613.6,53.85087639227754,False,Low Value
14146,71,2,1903.73,811,951.865,102,32.5,102.0,2287.27,483.57592770784504,False,Medium Value
14147,102,1,182.8,40,182.8,0,2.0,102.0,300.6,10.891250771518088,False,Low Value
14148,50,1,157.2,16,157.2,0,3.0,50.0,0.0,6.5084333828848395,False,Low Value
14149,37,1,446.62,218,446.62,0,28.0,37.0,0.0,79.48120126043924,False,Low Value
14150,176,1,306.18,262,306.18,0,12.0,176.0,352.46000000000004,30.189661328778996,False,Low Value
14152,50,1,314.51,369,314.51,0,29.0,50.0,306.78000000000003,95.13434079897068,True,Low Value
14154,55,2,1345.62,465,672.81,0,26.0,0.0,0.0,128.96310797735623,False,Low Value
14155,82,1,118.75,25,118.75,0,6.0,82.0,0.0,7.643124472031953,False,Low Value
14156,2,19,44700.35,20601,2352.65,185,29.31578947368421,7.5,71859.73,30649.72049735827,False,High Value
14157,101,1,269.18,186,269.18,0,36.0,101.0,155.71,40.19228313226463,False,Low Value
14159,3,3,1101.13,932,367.04333333333335,175,88.66666666666667,87.5,3526.85,1649.70189658382,False,High Value
14161,32,3,1097.6200000000001,450,365.8733333333334,153,33.666666666666664,76.0,0.0,351.84930316676986,False,Medium Value
14162,109,1,177.68,110,177.68,0,13.0,109.0,111.68,19.675657306695374,False,Low Value
14163,15,2,749.79,281,374.895,39,12.5,39.0,1696.1200000000001,186.81201462798848,False,Low Value
14165,92,1,120.44,53,120.44,0,23.0,92.0,0.0,16.497312254519347,False,Low Value
14167,79,2,259.0,72,129.5,67,12.5,67.0,303.59,21.410848271604237,True,Low Value
14173,35,1,114.04,40,114.04,0,11.0,35.0,336.8,16.418132157834364,True,Low Value
14175,146,1,322.58,146,322.58,0,16.0,146.0,2899.7200000000003,26.038258079107628,True,Low Value
14176,113,4,576.9000000000001,209,144.22500000000002,70,7.75,29.0,0.0,41.13996650935918,False,Low Value
14180,1,16,3433.62,505,214.60125,187,11.1875,13.0,1314.9,1798.7547651453158,False,High Value
14185,147,1,197.65,6,197.65,0,3.0,147.0,0.0,7.2023184721084625,True,Low Value
14188,31,2,760.9,413,380.45,95,11.5,95.0,1293.46,259.78442831070345,False,Low Value
14189,17,8,2156.07,1869,269.50875,167,14.875,29.0,2498.01,1950.2262592075426,False,High Value
14191,1,3,786.7,407,262.23333333333335,35,12.0,17.5,3898.06,464.8109379227251,False,Medium Value
14193,86,1,422.54,250,422.54,0,23.0,86.0,430.85,43.285609500202995,False,Low Value
14194,13,7,3407.87,1742,486.8385714285714,111,28.0,6.5,7941.650000000001,1836.0810222278803,True,High Value
14195,18,2,1012.0,760,506.0,50,3.5,50.0,0.0,296.427964236972,False,Medium Value
14198,55,1,183.3,104,183.3,0,12.0,55.0,518.1,21.90772187197659,True,Low Value
14199,34,1,185.39999999999998,28,185.39999999999998,0,2.0,34.0,0.0,14.22978713226422,False,Low Value
14201,2,4,411.1,302,102.775,173,5.0,29.0,336.34,98.50053351465911,False,Low Value
14205,80,1,222.9,126,222.9,0,14.0,80.0,243.8,20.705848038165986,False,Low Value
14206,55,1,328.15999999999997,276,328.15999999999997,0,20.0,55.0,0.0,38.893403498560296,False,Low Value
14209,30,3,1083.15,335,361.05,118,17.666666666666668,58.5,990.28,232.47935559494383,True,Low Value
14210,14,5,1599.65,641,319.93,174,17.2,37.0,306.19,1112.341214796631,False,Medium Value
14211,24,5,909.89,497,181.978,87,9.6,18.0,1331.21,776.989703098576,False,Medium Value
14214,94,1,638.65,313,638.65,0,37.0,94.0,365.73,88.96976154381905,False,Low Value
14215,3,4,1098.27,589,274.5675,181,15.5,37.0,691.45,884.4277787199167,False,Medium Value
14217,1,8,989.25,313,123.65625,181,6.25,22.0,1015.73,277.979451176166,True,Low Value
14220,63,2,632.4,272,316.2,110,10.5,110.0,0.0,73.03780082156086,False,Low Value
14221,6,4,1653.83,848,413.4575,149,20.25,16.0,1778.97,1067.0006095949095,False,Medium Value
14223,80,1,304.9,130,304.9,0,18.0,80.0,686.23,24.10051074703321,False,Low Value
14224,31,2,492.07,229,246.035,105,39.0,105.0,517.66,154.30493316070203,False,Low Value
14226,26,2,1692.0,1075,846.0,58,20.0,58.0,522.7900000000001,508.9446104238027,False,Medium Value
14227,12,7,2399.52,1279,342.7885714285714,88,19.142857142857142,4.5,951.44,1430.0973618785667,False,High Value
14229,108,2,762.13,303,381.065,41,13.0,41.0,785.07,210.4113387123114,False,Low Value
14231,0,3,925.71,409,308.57,104,16.666666666666668,52.0,0.0,380.575686601837,False,Medium Value
14232,3,2,1003.97,809,501.985,77,30.5,77.0,1044.1,419.5889066745745,False,Medium Value
14233,28,3,959.1,410,319.7,105,6.666666666666667,52.5,503.62,358.06878639466896,True,Medium Value
14235,42,2,1264.55,856,632.275,33,23.5,33.0,1880.31,405.8938159817271,False,Medium Value
14236,188,1,189.3,38,189.3,0,3.0,188.0,301.55999999999995,27.56573333975987,True,Low Value
14237,189,1,161.0,38,161.0,0,9.0,189.0,0.0,13.847488435869437,False,Low Value
14238,142,1,146.85,111,146.85,0,8.0,142.0,0.0,12.992036519804797,False,Low Value
14239,17,6,1295.04,594,215.84,115,11.166666666666666,31.0,1085.81,1182.6107221383256,False,Medium Value
14240,42,1,226.85000000000002,79,226.85000000000002,0,10.0,42.0,663.49,15.120499628913947,False,Low Value
14241,0,1,213.70000000000002,146,213.70000000000002,0,10.0,0.0,0.0,29.441375416903,False,Low Value
14242,51,2,280.55,123,140.275,91,8.0,91.0,0.0,29.70193263443376,False,Low Value
14243,62,5,1513.07,657,302.614,120,16.6,34.0,1075.7,1074.9889836940483,False,Medium Value
14245,36,2,1693.45,976,846.725,43,54.0,43.0,0.0,286.8603730015026,False,Medium Value
14246,62,1,449.64,216,449.64,0,24.0,62.0,1024.42,47.877340669503134,False,Low Value
14247,94,1,136.77,47,136.77,0,19.0,94.0,0.0,21.288169969184402,False,Low Value
14248,134,1,302.58,102,302.58,0,8.0,134.0,0.0,24.547130854040613,False,Low Value
14256,76,2,969.0600000000001,414,484.53000000000003,104,26.5,104.0,0.0,220.834403807649,False,Low Value
14257,1,2,1030.59,603,515.295,133,28.0,133.0,2069.13,422.150563066101,False,Medium Value
14258,16,6,7607.82,4638,1267.97,137,11.166666666666666,33.0,5062.16,5862.766569127915,False,High Value
14262,57,1,240.0,196,240.0,0,16.0,57.0,2378.23,41.07547188897389,False,Low Value
14264,62,1,115.7,18,115.7,0,5.0,62.0,218.27,6.598881574212698,False,Low Value
14267,76,2,836.36,280,418.18,0,15.0,0.0,679.88,128.80018342785007,False,Low Value
14270,148,1,492.65000000000003,197,492.65000000000003,0,29.0,148.0,0.0,20.418875742154864,False,Low Value
14271,42,1,112.32000000000001,88,112.32000000000001,0,10.0,42.0,0.0,7.584162135619497,False,Low Value
14272,70,1,132.09,87,132.09,0,8.0,70.0,305.87,11.129986510613781,True,Low Value
14273,34,2,218.70000000000002,109,109.35000000000001,24,6.0,24.0,341.27,31.746068598205298,False,Low Value
14276,106,1,341.2,216,341.2,0,19.0,106.0,778.54,31.03575690368639,False,Low Value
14277,28,1,1629.03,855,1629.03,0,71.0,28.0,2522.97,453.4299354049705,False,Medium Value
14280,13,1,134.04,52,134.04,0,8.0,13.0,0.0,12.127141004075984,False,Low Value
14282,19,5,1781.28,1229,356.256,164,12.2,30.0,1920.16,1521.684001125909,False,High Value
14286,59,1,2050.08,1998,2050.08,0,141.0,59.0,2578.67,620.2678670357894,False,Medium Value
14287,15,2,83.28,216,41.64,0,2.0,0.0,93.35,17.87553946616489,False,Low Value
14288,29,1,426.6,188,426.6,0,16.0,29.0,0.0,99.53791831964028,False,Low Value
14289,15,3,594.22,214,198.07333333333335,90,11.333333333333334,44.5,317.04,117.05943215733275,False,Low Value
14290,178,1,777.5600000000001,220,777.5600000000001,0,23.0,178.0,1537.0900000000001,44.930923051850066,False,Low Value
14291,27,3,1613.46,874,537.82,64,29.666666666666668,32.0,2269.79,902.282387930207,False,Medium Value
14292,20,2,1125.21,463,562.605,78,21.0,78.0,3746.72,325.9903906333143,False,Medium Value
14293,121,2,508.02000000000004,262,254.01000000000002,63,11.0,63.0,538.5400000000001,32.75328700790907,False,Low Value
14297,91,1,232.6,78,232.6,0,11.0,91.0,1072.73,21.101452102443677,False,Low Value
14298,7,30,30493.99,36064,1016.4663333333334,169,30.266666666666666,0.0,21033.31,17152.197034415807,False,High Value
14299,134,4,1565.94,342,391.485,47,6.0,11.0,2399.68,102.11748666514148,False,Low Value
14304,39,1,383.45000000000005,139,383.45000000000005,0,17.0,39.0,0.0,50.08296748538285,False,Low Value
14307,36,3,1694.98,1179,564.9933333333333,153,35.666666666666664,76.5,1300.74,653.7053703923553,True,Medium Value
14309,51,4,935.88,624,233.97,123,11.0,48.0,1416.65,608.3093616760602,True,Medium Value
14311,59,1,310.26,146,310.26,0,20.0,59.0,0.0,28.041355123253023,False,Low Value
14312,3,4,854.59,385,213.6475,150,12.25,37.0,757.0,772.9811738361105,False,Medium Value
14315,7,2,856.2,384,428.1,75,18.5,75.0,1624.93,247.85832920045917,False,Low Value
14320,23,2,477.79,325,238.895,126,15.5,126.0,0.0,127.31626178700961,False,Low Value
14321,150,1,326.82,645,326.82,0,29.0,150.0,1203.93,83.18147063442031,False,Low Value
14323,55,1,299.82,222,299.82,0,19.0,55.0,305.24,40.35571760699166,False,Low Value
14326,58,1,183.85000000000002,103,183.85000000000002,0,8.0,58.0,0.0,19.588757158912767,False,Low Value
14329,90,2,2125.6,1120,1062.8,55,57.0,55.0,2849.64,281.9176148613994,False,Low Value
14334,20,5,1678.23,1147,335.646,154,21.0,39.5,873.98,1319.2391182561432,False,High Value
14336,14,3,1114.39,989,371.46333333333337,77,19.666666666666668,38.0,500.52000000000004,790.5436986637326,True,Medium Value
14338,12,1,579.97,334,579.97,0,30.0,12.0,8.25,64.84870772232601,False,Low Value
14339,59,1,309.52,168,309.52,0,14.0,59.0,0.0,35.29706028531083,False,Low Value
14340,35,1,134.7,58,134.7,0,6.0,35.0,0.0,14.923049492856308,False,Low Value
14341,31,4,703.15,418,175.7875,103,11.25,0.0,1463.83,579.6176362009384,True,Medium Value
14342,26,1,309.6,102,309.6,0,7.0,26.0,358.96,54.511174984898325,False,Low Value
14344,23,6,645.88,333,107.64666666666666,161,7.333333333333333,19.0,244.05,309.38986995255794,False,Medium Value
14346,113,1,262.44,104,262.44,0,17.0,113.0,759.14,27.06383445989122,False,Low Value
14348,76,1,409.57,183,409.57,0,18.0,76.0,0.0,36.193634398277744,False,Low Value
14350,90,1,282.93,183,282.93,0,18.0,90.0,0.0,32.21004476048028,False,Low Value
14352,51,2,845.32,410,422.66,38,18.0,38.0,233.64000000000001,276.2220360179233,False,Low Value
14353,31,1,90.6,64,90.6,0,6.0,31.0,0.0,9.54885187161757,False,Low Value
14355,182,1,174.4,92,174.4,0,11.0,182.0,0.0,17.163375418665996,True,Low Value
14364,4,4,2161.85,1025,540.4625,23,6.5,10.0,1555.5,479.57830978720284,False,Medium Value
14367,0,8,4116.77,1873,514.59625,91,33.875,15.0,5111.05,3536.419415213915,False,High Value
14368,136,1,155.0,36,155.0,0,8.0,136.0,0.0,7.437332342719108,False,Low Value
14371,111,1,100.5,34,100.5,0,4.0,111.0,0.0,4.73721314983679,False,Low Value
14373,174,1,76.55,17,76.55,0,4.0,174.0,0.0,8.153647385856978,False,Low Value
14375,1,1,235.56,184,235.56,0,57.0,1.0,0.0,48.580448980691436,False,Low Value
14377,7,2,617.05,219,308.525,70,5.5,70.0,0.0,72.15911195372671,False,Low Value
14379,111,1,110.98,128,110.98,0,17.0,111.0,237.12,18.364947131991457,False,Low Value
14386,113,1,142.4,54,142.4,0,7.0,113.0,0.0,11.439327042554122,True,Low Value
14388,19,3,1173.19,745,391.06333333333333,169,23.0,84.0,2039.65,707.7148189316426,False,Medium Value
14389,7,1,311.14,189,311.14,0,19.0,7.0,732.32,50.126518277468655,False,Low Value
14390,27,3,1034.13,429,344.71000000000004,161,33.666666666666664,80.5,3608.44,424.9566432294631,False,Medium Value
14393,34,1,67.95,13,67.95,0,5.0,34.0,0.0,7.129632200325764,True,Low Value
14395,39,5,1625.94,826,325.188,149,29.6,30.5,1853.97,1241.8321827946843,False,Medium Value
14396,187,1,110.35000000000001,39,110.35000000000001,0,34.0,187.0,377.64,37.636504268505526,False,Low Value
14397,14,2,242.24,224,121.12,15,7.0,15.0,2370.7200000000003,39.12217069965028,False,Low Value
14401,131,2,552.12,468,276.06,44,10.0,44.0,3499.36,65.40106643967275,True,Low Value
14403,33,2,976.01,403,488.005,30,8.5,30.0,499.8,222.60286969852348,False,Low Value
14404,76,3,698.58,293,232.86,109,16.333333333333332,54.0,750.74,200.16212854927616,False,Low Value
14407,22,2,1002.6800000000001,416,501.34000000000003,71,17.5,71.0,1140.05,301.412716302201,False,Medium Value
14408,6,3,1081.7900000000002,642,360.59666666666675,74,13.0,36.5,1517.24,632.4532632541011,False,Medium Value
14409,135,3,666.1,421,222.03333333333333,49,4.333333333333333,24.5,1393.3500000000001,136.40331350967395,False,Low Value
14410,23,6,773.0,344,128.83333333333334,99,16.666666666666668,3.0,326.27,299.4837651655539,False,Medium Value
14411,127,1,1063.0,196,1063.0,0,14.0,127.0,0.0,17.46588714156358,False,Low Value
14413,178,1,121.05,67,121.05,0,22.0,178.0,0.0,19.759250563032758,False,Low Value
14414,175,1,217.2,146,217.2,0,8.0,175.0,1279.78,26.34082231056457,True,Low Value
14415,14,5,2365.8,1097,473.16,162,46.4,35.5,3489.77,1876.0451504134387,True,High Value
14419,69,2,307.14,161,153.57,112,28.0,112.0,744.65,59.23089447911789,False,Low Value
14421,28,1,455.18,194,455.18,0,15.0,28.0,357.93,75.66623791802225,False,Low Value
14422,83,1,401.31,175,401.31,0,21.0,83.0,3862.33,28.57297762906044,False,Low Value
14423,34,1,265.2,120,265.2,0,3.0,34.0,0.0,32.22999097031838,False,Low Value
14426,92,3,1495.58,842,498.52666666666664,36,32.0,18.0,2986.09,333.6317422145902,False,Medium Value
14428,56,2,330.62,145,165.31,85,14.0,85.0,893.44,76.2412346528981,False,Low Value
14431,119,1,470.36,130,470.36,0,17.0,119.0,0.0,18.50872303722798,True,Low Value
14437,182,1,63.0,60,63.0,0,5.0,182.0,0.0,6.185590963980099,False,Low Value
14438,122,1,131.9,82,131.9,0,9.0,122.0,0.0,8.647699647226686,False,Low Value
14439,136,1,2661.24,526,2661.24,0,32.0,136.0,0.0,10.936311399586307,False,Low Value
14440,133,2,1185.71,341,592.855,48,15.5,48.0,1171.97,75.60718569753816,False,Low Value
14441,72,1,356.84,108,356.84,0,13.0,72.0,1356.05,33.79649390438581,False,Low Value
14442,21,2,1589.82,482,794.91,112,31.5,112.0,0.0,293.48466843749395,False,Medium Value
14443,126,2,608.4,347,304.2,58,19.5,58.0,811.8,47.17270261520511,False,Low Value
14446,63,1,303.04,318,303.04,0,83.0,63.0,702.51,58.51861056657437,False,Low Value
14447,12,2,601.03,313,300.515,84,19.5,84.0,562.2,126.9460771784967,False,Low Value
14448,180,1,102.35,44,102.35,0,18.0,180.0,273.0,23.302746774938512,False,Low Value
14449,63,2,399.91,333,199.955,125,52.5,125.0,485.89,85.03055311307963,False,Low Value
14450,59,2,269.45,152,134.725,77,11.5,77.0,213.8,36.064290760351206,True,Low Value
14451,11,1,360.0,204,360.0,0,52.0,11.0,283.9,69.09844982541763,True,Low Value
14453,6,1,119.93,49,119.93,0,22.0,6.0,0.0,14.913555795350096,True,Low Value
14457,127,1,113.64,88,113.64,0,4.0,127.0,0.0,8.401770663234032,False,Low Value
14460,127,1,30.0,24,30.0,0,1.0,127.0,404.34,20.606697115827483,False,Low Value
14461,78,1,776.23,277,776.23,0,64.0,78.0,1326.44,65.00340546732288,False,Low Value
14462,2,7,1112.27,500,158.8957142857143,153,18.857142857142858,29.0,863.3,573.390725970165,False,Medium Value
14463,21,1,115.92000000000002,96,115.92000000000002,0,2.0,21.0,413.7,22.283584461095693,True,Low Value
14465,63,3,1038.44,398,346.1466666666667,56,40.0,28.0,0.0,483.4282463513338,False,Medium Value
14466,3,4,1345.7,458,336.425,185,8.75,63.0,926.7,654.1391467395581,False,Medium Value
14467,129,1,131.7,37,131.7,0,15.0,129.0,464.56,11.851787446758193,False,Low Value
14470,104,1,297.64,138,297.64,0,35.0,104.0,163.55,33.70895242889497,False,Low Value
14472,4,5,1457.21,893,291.442,167,41.0,38.0,395.46,1279.2696798718405,False,High Value
14473,98,1,85.0,10,85.0,0,1.0,98.0,149.34,4.751413155303841,True,Low Value
14475,2,2,622.1700000000001,243,311.08500000000004,118,14.0,118.0,303.68,103.86916019194095,False,Low Value
14476,73,1,193.0,110,193.0,0,17.0,73.0,0.0,28.301448414777017,False,Low Value
14477,0,2,523.0,300,261.5,112,1.5,112.0,786.6,159.3660466747574,True,Low Value
14479,70,2,316.25,117,158.125,111,9.0,111.0,0.0,20.853558743973718,False,Low Value
14481,103,1,302.86,234,302.86,0,12.0,103.0,333.65,31.500376290773197,False,Low Value
14482,55,1,238.10000000000002,111,238.10000000000002,0,15.0,55.0,1784.71,34.41437303678637,True,Low Value
14483,98,1,137.1,97,137.1,0,9.0,98.0,0.0,12.130441442663678,False,Low Value
14487,184,1,125.10000000000001,37,125.10000000000001,0,13.0,184.0,1040.3799999999999,24.17100558687232,False,Low Value
14489,23,1,463.38,299,463.38,0,30.0,23.0,0.0,79.75324022035291,False,Low Value
14491,189,1,127.2,40,127.2,0,4.0,189.0,213.73,15.787591666145062,False,Low Value
14496,128,2,538.8100000000001,159,269.40500000000003,61,9.5,61.0,0.0,27.888009115636805,False,Low Value
14497,125,1,475.37,235,475.37,0,29.0,125.0,0.0,18.109557901804376,True,Low Value
14498,2,2,313.24,166,156.62,175,13.5,175.0,1644.08,50.74855012334393,False,Low Value
14499,95,1,122.87,70,122.87,0,41.0,95.0,685.57,36.79866028857328,False,Low Value
14500,6,1,284.85,103,284.85,0,4.0,6.0,72.0,31.72537190212691,False,Low Value
14501,0,2,251.21,161,125.605,136,5.0,136.0,0.0,31.753499622054797,True,Low Value
14502,51,6,1059.94,437,176.65666666666667,78,38.0,20.0,1366.85,706.476903693526,False,Medium Value
14504,59,3,542.71,263,180.90333333333334,35,32.0,17.0,130.55,146.1480051545265,True,Low Value
14505,20,5,3159.86,1336,631.972,157,76.2,39.0,2699.57,3174.6923668260483,False,High Value
14506,100,2,554.16,213,277.08,85,40.5,85.0,1406.49,96.06206147482278,False,Low Value
14507,31,3,615.3100000000001,336,205.10333333333335,60,18.333333333333332,30.0,752.5699999999999,225.37014141648922,True,Low Value
14512,4,2,275.28,122,137.64,44,11.5,44.0,0.0,34.50397134679245,True,Low Value
14513,23,2,317.35,169,158.675,82,5.5,82.0,138.24,37.32023712915531,True,Low Value
14514,17,2,403.11,173,201.555,129,19.0,129.0,587.09,107.37065037116614,False,Low Value
14515,7,2,765.65,371,382.825,27,15.0,27.0,1311.24,335.32361438911516,False,Medium Value
14520,107,1,165.0,100,165.0,0,1.0,107.0,105.60000000000001,32.761481032677786,False,Low Value
14522,14,1,278.63,168,278.63,0,7.0,14.0,695.91,49.34503638461381,False,Low Value
14524,52,4,753.73,309,188.4325,124,27.25,44.0,1090.1000000000001,280.95671391423843,False,Low Value
14525,2,5,1932.04,1059,386.408,175,27.8,41.5,2283.86,790.3963201761313,False,Medium Value
14527,1,27,3561.36,882,131.90222222222224,184,16.074074074074073,6.0,4944.77,2189.7028600401536,True,High Value
14530,1,3,1497.04,661,499.0133333333333,111,35.666666666666664,55.5,1365.07,621.4763605560752,False,Medium Value
14532,52,4,932.85,284,233.2125,115,16.0,38.0,0.0,302.20729211499923,False,Medium Value
14533,169,1,433.5,540,433.5,0,10.0,169.0,1516.22,43.50743563601748,False,Low Value
14534,3,9,1862.2,876,206.91111111111113,131,22.333333333333332,13.0,2533.45,1388.7523251461055,False,High Value
14535,65,1,852.87,460,852.87,0,92.0,65.0,2001.97,533.6984829030557,False,Medium Value
14536,76,1,170.95,39,170.95,0,18.0,76.0,0.0,12.274486442306168,False,Low Value
14538,72,1,106.5,30,106.5,0,3.0,72.0,281.75,10.015402872248792,True,Low Value
14540,125,1,195.9,122,195.9,0,11.0,125.0,756.76,20.11789975342056,False,Low Value
14541,30,6,1005.45,497,167.57500000000002,105,14.5,28.0,447.9,763.7899870821732,False,Medium Value
14542,2,1,103.25,19,103.25,0,5.0,2.0,0.0,8.734184672353635,False,Low Value
14543,6,9,2390.3,475,265.5888888888889,174,4.888888888888889,23.0,1169.78,1135.7174739215304,False,Medium Value
14544,178,1,1101.77,836,1101.77,0,53.0,178.0,902.53,143.0936692825109,True,Low Value
14546,18,2,874.88,501,437.44,46,71.0,46.0,1699.05,398.7943769261836,False,Medium Value
14548,134,1,326.4,128,326.4,0,2.0,134.0,326.4,23.175675994939755,False,Low Value
14549,127,1,289.24,136,289.24,0,56.0,127.0,0.0,18.874890815634433,False,Low Value
14551,20,1,125.43,66,125.43,0,7.0,20.0,60.8,21.377503460724053,True,Low Value
14553,35,2,312.32,182,156.16,120,19.5,120.0,546.95,72.41498060727523,False,Low Value
14555,118,1,186.34,90,186.34,0,14.0,118.0,126.2,15.872068864304396,False,Low Value
14560,12,9,1232.0,235,136.88888888888889,161,4.111111111111111,9.0,1005.77,164.94847478558148,False,Low Value
14561,0,1,222.07,183,222.07,0,16.0,0.0,858.69,49.30957221200579,True,Low Value
14562,48,3,890.6,436,296.8666666666667,72,28.666666666666668,36.0,4116.17,508.87055541902424,False,Medium Value
14565,21,2,1827.5500000000002,898,913.7750000000001,155,38.5,155.0,1121.57,353.3241131838238,False,Medium Value
14570,97,2,217.21,94,108.605,0,14.0,0.0,0.0,19.02302783245263,False,Low Value
14572,70,3,1073.33,461,357.77666666666664,69,32.666666666666664,34.0,1731.21,528.0095457098919,False,Medium Value
14573,17,7,1365.3,446,195.04285714285714,171,28.428571428571427,17.5,274.52,972.5543434690326,False,Medium Value
14576,188,1,35.400000000000006,12,35.400000000000006,0,1.0,188.0,0.0,5.337927163624952,False,Low Value
14577,49,2,468.01,191,234.005,130,29.0,130.0,391.7,106.29134176321152,True,Low Value
14583,2,2,275.61,235,137.805,20,43.5,20.0,711.35,156.17086783179752,False,Low Value
14584,13,2,474.8,183,237.4,0,26.0,0.0,558.26,86.18906044325844,False,Low Value
14586,93,1,237.35999999999999,444,237.35999999999999,0,19.0,93.0,0.0,47.60223177341917,True,Low Value
14587,0,8,1452.68,716,181.585,147,43.375,19.0,127.61,1272.9789174796836,False,Medium Value
14589,188,1,39.75,5,39.75,0,3.0,188.0,0.0,3.7502378895436266,False,Low Value
14591,29,1,204.01999999999998,91,204.01999999999998,0,33.0,29.0,1116.19,42.620198501429,False,Low Value
14593,15,2,339.59,118,169.795,0,30.5,0.0,277.56,81.89660520919197,True,Low Value
14594,189,1,255.0,146,255.0,0,31.0,189.0,108.33,12.989254354991298,False,Low Value
14595,129,1,163.8,76,163.8,0,5.0,129.0,1576.8,23.11365355675445,False,Low Value
14597,8,1,165.1,118,165.1,0,3.0,8.0,701.14,30.676476536874542,True,Low Value
14600,122,1,393.33,125,393.33,0,25.0,122.0,0.0,19.50050833506135,False,Low Value
14603,91,1,660.0,400,660.0,0,2.0,91.0,0.0,41.87600267765667,False,Low Value
14606,2,48,6923.18,3503,144.23291666666668,187,29.333333333333332,3.0,5002.97,9302.561353061084,False,High Value
14607,77,1,495.0,300,495.0,0,3.0,77.0,14526.5,51.48635767804877,False,Low Value
14608,178,1,204.0,48,204.0,0,1.0,178.0,1581.15,28.146068228725213,False,Low Value
14609,113,1,144.0,2400,144.0,0,1.0,113.0,457.56,65.31019104553448,True,Low Value
14616,59,3,406.08000000000004,104,135.36,74,1.0,36.5,0.0,12.128768073415399,False,Low Value
14618,154,1,211.8,92,211.8,0,5.0,154.0,341.64,16.642949604865326,False,Low Value
14619,62,1,394.44,152,394.44,0,20.0,62.0,0.0,28.645492439455836,False,Low Value
14620,22,2,412.78000000000003,214,206.39000000000001,78,13.0,78.0,0.0,91.14731292306912,True,Low Value
14621,3,2,636.3100000000001,282,318.15500000000003,171,16.5,171.0,1152.05,160.85095340958657,False,Low Value
14622,1,1,320.58,146,320.58,0,21.0,1.0,0.0,42.794248682728,False,Low Value
14623,2,2,393.18,183,196.59,48,35.5,48.0,488.84000000000003,113.86943740774888,False,Low Value
14625,12,2,899.63,335,449.815,164,26.5,164.0,0.0,39.41337749312329,False,Low Value
14626,49,1,586.9,432,586.9,0,29.0,49.0,2204.37,114.20964566598444,True,Low Value
14628,58,1,331.58000000000004,106,331.58000000000004,0,12.0,58.0,340.38,32.479365347176696,False,Low Value
14631,51,2,630.08,352,315.04,63,12.5,63.0,376.90000000000003,142.95023140247798,False,Low Value
14632,79,1,114.56,96,114.56,0,8.0,79.0,0.0,9.565545746227667,False,Low Value
14633,82,1,344.90000000000003,96,344.90000000000003,0,20.0,82.0,0.0,20.677650459695652,False,Low Value
14636,85,1,300.19,117,300.19,0,16.0,85.0,309.66,32.24260261197014,False,Low Value
14639,107,2,1235.13,511,617.565,69,35.0,69.0,1749.3600000000001,225.56468061815494,False,Low Value
14640,44,1,395.75,173,395.75,0,23.0,44.0,1711.63,46.32692777015058,False,Low Value
14643,174,1,357.94,386,357.94,0,15.0,174.0,335.87,57.26943537538944,False,Low Value
14644,114,1,187.50000000000003,66,187.50000000000003,0,8.0,114.0,643.26,19.069352440525723,False,Low Value
14645,92,1,240.1,78,240.1,0,9.0,92.0,356.99,18.241994766187567,False,Low Value
14646,8,27,115577.92,81595,4280.6637037037035,163,30.22222222222222,1.0,163560.1,59021.63084326835,False,High Value
14647,17,1,236.04000000000002,91,236.04000000000002,0,24.0,17.0,0.0,34.56043128788832,False,Low Value
14649,28,2,582.12,349,291.06,0,24.0,0.0,820.47,113.12321579508108,True,Low Value
14651,27,1,415.47,185,415.47,0,59.0,27.0,238.28,78.53689574253028,False,Low Value
14653,154,1,344.81,305,344.81,0,29.0,154.0,1571.89,34.007012166779745,False,Low Value
14655,38,1,810.5600000000001,522,810.5600000000001,0,14.0,38.0,1121.67,192.981099113112,False,Low Value
14656,99,1,133.11,40,133.11,0,29.0,99.0,157.94,20.104900572042784,True,Low Value
14657,98,2,524.4,271,262.2,44,37.0,44.0,323.82,102.10478957106248,False,Low Value
14659,3,5,1381.76,650,276.352,128,25.6,31.5,1148.17,1228.5403236558493,False,Medium Value
14662,51,3,512.28,322,170.76,81,28.0,40.5,229.09,184.36675174913438,False,Low Value
14665,113,3,731.66,268,243.88666666666666,14,13.666666666666666,7.0,1104.04,142.61584520704804,True,Low Value
14667,30,11,3894.25,2378,354.02272727272725,153,24.181818181818183,12.5,5276.54,3650.23410152803,False,High Value
14669,58,3,1259.24,770,419.74666666666667,90,53.666666666666664,45.0,0.0,325.61381162326774,True,Medium Value
14670,96,2,392.86,326,196.43,0,59.0,0.0,0.0,42.41242515741271,True,Low Value
14672,51,2,765.55,454,382.775,101,30.5,101.0,0.0,262.6146207552242,False,Low Value
14673,184,1,373.49,213,373.49,0,15.0,184.0,1362.91,38.06870647214072,False,Low Value
14676,23,3,1148.52,1080,382.84,76,5.666666666666667,37.5,1399.72,838.1159945295175,False,Medium Value
14680,15,9,14533.88,6600,1614.8755555555554,173,17.11111111111111,20.5,14220.23,12131.216261765188,False,High Value
14681,28,1,393.95,48,393.95,0,5.0,28.0,105.0,52.54443666968891,False,Low Value
14682,4,2,52.0,80,26.0,13,1.0,13.0,0.0,1.4409078550413148,False,Low Value
14684,31,2,493.44,270,246.72,147,82.0,147.0,708.07,168.12318260209474,False,Low Value
14688,15,10,2786.43,2066,278.643,175,17.7,14.0,2792.67,2826.0612734838323,True,High Value
14689,25,1,112.8,76,112.8,0,13.0,25.0,0.0,24.85394040385486,False,Low Value
14691,29,1,439.6,162,439.6,0,17.0,29.0,1674.73,93.89722421903255,True,Low Value
14692,51,3,480.3,229,160.1,87,17.666666666666668,43.0,111.25,120.3712242069089,False,Low Value
14693,81,1,172.9,34,172.9,0,8.0,81.0,0.0,8.493763525039167,False,Low Value
14696,3,4,1171.39,751,292.8475,185,16.75,54.0,907.5600000000001,877.4701557288852,False,Medium Value
14697,34,2,188.61,181,94.305,0,11.0,0.0,0.0,26.608239764651707,False,Low Value
14699,30,1,109.13,77,109.13,0,8.0,30.0,0.0,16.601789908893526,False,Low Value
14700,6,2,1541.1,848,770.55,48,37.5,48.0,654.0,490.3596221708153,False,Medium Value
14701,63,5,1733.9,568,346.78000000000003,69,40.0,18.0,792.19,927.1528369759302,False,Medium Value
14702,97,6,1185.7,383,197.61666666666667,83,19.0,18.0,2066.09,211.68629952967333,True,Low Value
14705,15,1,179.0,100,179.0,0,1.0,15.0,0.0,5.453124367480884,False,Low Value
14708,185,1,419.06,350,419.06,0,12.0,185.0,707.3100000000001,47.69168274610645,False,Low Value
14709,4,5,1943.04,920,388.608,170,17.0,40.0,2978.0,1383.4602546159597,False,High Value
14711,1,6,1596.3,674,266.05,76,32.833333333333336,15.0,1243.32,1103.026476943372,False,Medium Value
14713,2,7,1449.64,858,207.0914285714286,178,26.857142857142858,32.5,1212.56,1250.4706204068052,False,Medium Value
14715,114,2,247.45,128,123.725,32,11.0,32.0,619.93,31.605598898323656,False,Low Value
14719,65,1,223.46,188,223.46,0,40.0,65.0,1358.38,43.65637910819609,False,Low Value
14723,174,3,453.95,197,151.31666666666666,13,26.666666666666668,6.5,666.71,56.68689529794795,False,Low Value
14727,90,1,268.58000000000004,62,268.58000000000004,0,10.0,90.0,0.0,18.69696479454638,False,Low Value
14729,190,1,313.49,197,313.49,0,69.0,190.0,0.0,5.044688304355439,False,Low Value
14730,49,3,529.3,312,176.4333333333333,43,32.666666666666664,21.5,1368.27,226.68316288954836,True,Low Value
14731,22,2,251.01999999999998,182,125.50999999999999,6,14.5,6.0,129.0,70.8131225561104,False,Low Value
14732,3,4,1283.2,740,320.8,152,20.0,55.0,1419.29,861.361974245456,False,Medium Value
14733,20,8,7907.58,3263,988.4475,163,20.0,15.0,1678.33,4181.219293378053,True,High Value
14735,13,17,2555.41,863,150.31823529411764,161,5.235294117647059,3.5,3495.28,1745.2213032844638,False,High Value
14737,169,1,434.0,150,434.0,0,8.0,169.0,730.55,30.80425978855879,False,Low Value
14738,15,4,525.69,219,131.4225,117,6.25,29.0,788.76,87.79876363939921,False,Low Value
14739,36,3,1307.62,1074,435.8733333333333,147,8.0,73.0,2594.66,721.9094537441064,False,Medium Value
14740,13,3,1448.21,735,482.7366666666667,86,29.666666666666668,43.0,0.0,343.442280470626,False,Medium Value
14741,178,2,495.3,410,247.65,11,9.5,11.0,905.0400000000001,117.28583105464949,False,Low Value
14744,114,5,928.03,519,185.606,69,3.4,10.5,171.95,156.60354281471777,False,Low Value
14745,1,2,581.67,471,290.835,100,15.5,100.0,638.59,242.7952488138903,False,Low Value
14747,65,1,328.2,84,328.2,0,18.0,65.0,0.0,21.17889945395794,False,Low Value
14748,28,3,771.13,609,257.04333333333335,156,17.0,78.0,644.62,470.45598327157694,True,Medium Value
14754,112,1,228.27,173,228.27,0,15.0,112.0,409.78000000000003,30.840553917088297,False,Low Value
14755,23,4,1862.51,759,465.6275,126,24.5,39.0,3147.77,1432.4821313972927,False,High Value
14758,22,3,1206.94,319,402.31333333333333,53,19.0,26.5,277.12,417.8244159561584,False,Medium Value
14759,49,1,572.25,119,572.25,0,35.0,49.0,1053.72,61.98899542145819,False,Low Value
14760,113,1,89.2,40,89.2,0,5.0,113.0,0.0,3.9642882249811375,False,Low Value
14761,151,1,97.5,58,97.5,0,7.0,151.0,158.4,9.978782011181059,False,Low Value
14762,80,1,300.52,341,300.52,0,21.0,80.0,0.0,32.538015551073464,False,Low Value
14766,30,3,1166.21,733,388.7366666666667,152,22.333333333333332,75.5,1307.16,677.6756494567055,False,Medium Value
14769,17,4,5634.25,3764,1408.5625,156,144.25,60.0,4781.08,9043.287746675538,False,High Value
14770,48,2,876.4200000000001,490,438.21000000000004,90,26.0,90.0,0.0,283.17733183180405,False,Medium Value
14775,188,1,406.56,384,406.56,0,20.0,188.0,605.34,69.18312267839414,False,Low Value
14776,34,3,1074.6,1304,358.2,94,15.666666666666666,46.5,1463.7,567.9898666051382,False,Medium Value
14778,125,1,334.05,141,334.05,0,18.0,125.0,396.81,21.813348152067242,False,Low Value
14779,97,3,386.15,84,128.71666666666667,43,13.666666666666666,21.5,0.0,26.764008559493636,False,Low Value
14782,136,1,200.10000000000002,114,200.10000000000002,0,6.0,136.0,0.0,21.574461730609123,False,Low Value
14784,140,1,114.68,56,114.68,0,4.0,140.0,175.31,14.635423102822752,False,Low Value
14790,70,1,152.16,136,152.16,0,10.0,70.0,592.9,13.97956712534783,False,Low Value
14794,20,4,679.54,311,169.885,130,10.0,50.0,640.37,311.91249323896807,False,Medium Value
14796,34,9,3470.9,2351,385.65555555555557,148,55.111111111111114,19.0,4503.03,2267.3037578640683,True,High Value
14798,126,1,75.68,76,75.68,0,6.0,126.0,98.06,4.745048601500528,False,Low Value
14800,7,7,3386.11,2679,483.73,178,40.142857142857146,28.5,945.6800000000001,2170.4877187187312,False,High Value
14803,92,2,730.79,264,365.395,16,8.0,16.0,114.76,78.21448740748215,False,Low Value
14805,130,1,109.25,29,109.25,0,19.0,130.0,437.15,12.28608675396318,False,Low Value
14810,15,8,1276.15,610,159.51875,170,21.125,21.0,809.1800000000001,1440.9833418221585,False,High Value
14813,186,2,152.88,66,76.44,0,13.0,0.0,0.0,13.76832820838442,False,Low Value
14816,13,1,271.85,5,271.85,0,4.0,13.0,0.0,9.230221689204848,True,Low Value
14817,16,2,1010.34,653,505.17,76,30.5,76.0,0.0,437.022361422616,True,Medium Value
14818,70,1,118.25,31,118.25,0,13.0,70.0,539.55,11.464886944153196,True,Low Value
14819,8,1,84.72,48,84.72,0,3.0,8.0,187.35,16.034332029441774,False,Low Value
14821,183,1,48.800000000000004,20,48.800000000000004,0,2.0,183.0,0.0,4.4901695194496805,False,Low Value
14823,10,2,210.65,48,105.325,0,23.0,0.0,110.78,48.26249812422509,True,Low Value
14825,20,5,1019.97,410,203.994,164,12.6,41.0,1201.04,537.9932265263244,False,Medium Value
14828,13,3,2139.76,2172,713.2533333333334,140,5.666666666666667,69.5,0.0,652.1464287930331,False,Medium Value
14829,0,3,531.63,364,177.21,187,11.333333333333334,93.5,165.92000000000002,121.00777139088716,False,Low Value
14834,56,1,243.69,81,243.69,0,11.0,56.0,1476.6100000000001,23.368527544678738,False,Low Value
14837,18,1,492.26,338,492.26,0,30.0,18.0,1157.24,97.83647806960197,False,Low Value
14840,84,1,62.85,31,62.85,0,4.0,84.0,0.0,5.876971299819266,False,Low Value
14841,90,3,1781.8500000000001,951,593.95,84,27.0,42.0,1513.91,535.1153367968561,False,Medium Value
14842,8,2,1688.48,633,844.24,116,39.0,116.0,1136.21,366.9537042073772,False,Medium Value
14844,57,1,874.55,582,874.55,0,40.0,57.0,2315.26,177.40127968188105,False,Low Value
14849,29,10,2412.91,1539,241.291,160,11.8,14.0,5517.63,1761.5802918601632,False,High Value
14850,128,1,325.75,293,325.75,0,21.0,128.0,0.0,20.45905476484954,False,Low Value
14851,72,1,206.13,139,206.13,0,14.0,72.0,305.22,27.564660681714734,False,Low Value
14852,68,1,490.4,368,490.4,0,24.0,68.0,2346.29,91.1947111310662,False,Low Value
14853,27,1,214.5,34,214.5,0,3.0,27.0,261.29999999999995,28.848188626356382,False,Low Value
14854,44,3,1191.33,683,397.10999999999996,47,17.0,23.0,1548.7,747.0390795036295,False,Medium Value
14859,20,1,296.86,209,296.86,0,11.0,20.0,1056.88,74.78043922208266,False,Low Value
14865,188,1,37.2,96,37.2,0,3.0,188.0,15.0,5.5689176759656105,True,Low Value
14866,182,1,103.68,144,103.68,0,1.0,182.0,14249.72,24.197618737611784,True,Low Value
14867,2,3,710.28,328,236.76,150,12.0,75.0,0.0,221.36532191625253,False,Low Value
14868,49,1,439.33,231,439.33,0,24.0,49.0,2514.26,60.82436823405862,False,Low Value
14870,78,1,327.25,119,327.25,0,13.0,78.0,0.0,22.240160595041615,True,Low Value
14871,71,2,229.15,71,114.575,105,20.5,105.0,272.13,34.044962262973854,False,Low Value
14873,26,1,519.68,168,519.68,0,28.0,26.0,0.0,69.96982050148245,True,Low Value
14875,79,1,362.0,100,362.0,0,5.0,79.0,1103.32,22.31993497510619,False,Low Value
14878,18,4,851.74,525,212.935,156,16.0,55.0,624.35,690.5632027734308,False,Medium Value
14880,1,2,347.67,237,173.835,103,12.5,103.0,342.92,63.25979912744121,False,Low Value
14883,28,1,310.56,234,310.56,0,19.0,28.0,451.03,72.64809134933147,False,Low Value
14886,69,1,364.8,160,364.8,0,18.0,69.0,0.0,36.41589987147303,False,Low Value
14888,23,1,369.2,184,369.2,0,20.0,23.0,0.0,79.85510138353821,False,Low Value
14889,152,1,135.9,90,135.9,0,10.0,152.0,0.0,8.583162520548559,False,Low Value
14890,70,1,125.65,51,125.65,0,7.0,70.0,0.0,12.221347479315854,True,Low Value
14891,4,1,449.38,434,449.38,0,27.0,4.0,105.0,193.5043371762497,False,Low Value
14895,21,3,3919.78,1506,1306.5933333333335,85,60.666666666666664,42.0,7218.93,1775.7472581477502,False,High Value
14896,21,2,468.77000000000004,279,234.38500000000002,160,21.5,160.0,0.0,44.2969326920874,False,Low Value
14897,113,1,175.5,122,175.5,0,10.0,113.0,1190.88,13.871957497344855,True,Low Value
14898,56,4,610.93,421,152.7325,130,6.0,44.0,658.38,217.524192048545,False,Low Value
14901,177,3,497.05,206,165.68333333333334,12,12.666666666666666,5.5,924.24,116.81063859800437,False,Low Value
14903,16,3,1796.93,922,598.9766666666667,78,68.0,39.0,998.4,1240.3724860040927,True,Medium Value
14905,50,1,308.55,141,308.55,0,9.0,50.0,307.6,28.14979629125772,True,Low Value
14907,177,3,960.69,364,320.23,7,15.666666666666666,3.5,2540.41,203.3853750639201,False,Low Value
14911,0,63,37814.03,20968,600.2226984126984,189,26.158730158730158,1.0,98347.8,25279.915813067015,False,High Value
14912,63,1,482.79,445,482.79,0,14.0,63.0,385.06,86.19760811259209,False,Low Value
14913,90,2,615.83,907,307.915,85,21.0,85.0,611.6,189.66982227256815,False,Low Value
14915,94,1,142.28,76,142.28,0,8.0,94.0,165.20000000000002,10.77839317393558,True,Low Value
14916,140,1,295.05,243,295.05,0,15.0,140.0,973.9300000000001,24.08024596762087,False,Low Value
14920,29,2,977.77,509,488.885,0,28.5,0.0,0.0,191.45033172649082,True,Low Value
14921,17,1,903.01,631,903.01,0,53.0,17.0,413.06,375.2196683034816,True,Medium Value
14924,62,1,310.05,64,310.05,0,10.0,62.0,0.0,20.174741310593912,False,Low Value
14930,90,1,1104.13,701,1104.13,0,62.0,90.0,1258.83,236.86000854683297,True,Low Value
14931,57,1,243.0,96,243.0,0,8.0,57.0,621.6800000000001,25.532134664265925,False,Low Value
14932,182,1,313.53,79,313.53,0,16.0,182.0,0.0,29.311925650286295,False,Low Value
14934,99,1,828.84,459,828.84,0,39.0,99.0,1062.1,108.85804044671535,True,Low Value
14935,113,1,1784.71,935,1784.71,0,10.0,113.0,0.0,18.913095216870953,False,Low Value
14936,92,1,1576.3600000000001,944,1576.3600000000001,0,81.0,92.0,6560.66,609.5498087735027,False,Medium Value
14944,2,5,1832.03,1001,366.406,110,13.4,15.5,4068.2200000000003,1270.395078297798,False,Medium Value
14948,35,1,278.40000000000003,72,278.40000000000003,0,13.0,35.0,823.57,44.06975724647136,False,Low Value
14952,23,7,3534.61,1787,504.94428571428574,157,12.428571428571429,10.0,4564.88,2897.2700327705315,True,High Value
14957,69,1,58.49,34,58.49,0,12.0,69.0,0.0,7.651643005913961,False,Low Value
14958,1,2,376.33,108,188.165,60,16.5,60.0,107.4,78.62101432026606,False,Low Value
14959,32,2,422.38,342,211.19,80,22.0,80.0,273.04,135.73472620681608,False,Low Value
14961,48,5,3179.66,1696,635.932,128,28.4,32.0,3865.02,1749.5481920963996,False,High Value
14962,87,1,126.7,44,126.7,0,5.0,87.0,0.0,7.435047975608638,False,Low Value
14963,0,1,294.2,167,294.2,0,37.0,0.0,1178.14,64.84368364006531,False,Low Value
14964,63,1,206.21,143,206.21,0,13.0,63.0,0.0,26.45930861098721,False,Low Value
14970,68,2,782.25,115,391.125,64,6.0,64.0,809.81,80.53670885833179,False,Low Value
14973,42,1,654.6,51,654.6,0,5.0,42.0,659.85,30.45564151731248,False,Low Value
14976,12,3,450.26,115,150.08666666666667,130,15.333333333333334,65.0,324.6,72.238344676968,False,Low Value
14978,52,4,1527.23,415,381.8075,94,43.75,27.0,394.14,756.7335631944861,False,Medium Value
14981,62,1,102.12,97,102.12,0,8.0,62.0,0.0,7.489422132029354,True,Low Value
14985,14,2,292.01,256,146.005,159,41.0,159.0,0.0,24.713598676969415,False,Low Value
14987,182,1,163.2,64,163.2,0,2.0,182.0,163.2,36.094360249458894,True,Low Value
14988,28,1,334.54,141,334.54,0,40.0,28.0,0.0,62.718106510011076,False,Low Value
14995,96,1,119.31,51,119.31,0,37.0,96.0,112.67,51.38103896509092,True,Low Value
14998,57,1,183.64,105,183.64,0,42.0,57.0,231.23,38.414248194835146,True,Low Value
15002,113,3,1147.5900000000001,525,382.53000000000003,70,24.333333333333332,34.5,494.17,376.33375098520713,False,Medium Value
15005,3,13,2939.67,1792,226.12846153846155,179,38.92307692307692,10.5,3354.0,2844.9762690898406,False,High Value
15012,190,1,188.56,84,188.56,0,46.0,190.0,216.48,18.922848707070465,False,Low Value
15018,69,2,291.34,94,145.67,114,8.5,114.0,204.87,21.717325877222166,False,Low Value
15019,83,1,252.81,150,252.81,0,64.0,83.0,0.0,28.071705077006026,False,Low Value
15021,35,3,664.76,310,221.58666666666667,148,54.333333333333336,73.5,1207.01,240.9446989188107,True,Low Value
15023,34,4,2756.48,1585,689.12,151,65.5,49.0,3945.03,1754.758023092058,False,High Value
15024,113,3,680.59,333,226.86333333333334,70,20.0,35.0,955.84,280.1194739890176,False,Low Value
15026,56,2,230.78,81,115.39,37,13.0,37.0,233.42,32.21634961855889,False,Low Value
15027,35,2,654.12,404,327.06,19,7.0,19.0,412.03000000000003,219.13738151419116,False,Low Value
15028,185,1,185.97,119,185.97,0,14.0,185.0,441.16,37.65609966401422,False,Low Value
15030,84,1,152.76,156,152.76,0,3.0,84.0,365.52,19.979187642379653,False,Low Value
15031,98,1,150.83,67,150.83,0,24.0,98.0,502.36,15.582415259585321,False,Low Value
15032,72,3,4959.1,2968,1653.0333333333335,110,16.666666666666668,55.0,0.0,666.5179964252584,False,Medium Value
15033,24,3,1152.32,657,384.1066666666666,120,57.333333333333336,60.0,1401.56,550.1578080091897,False,Medium Value
15034,49,5,2640.38,1326,528.076,121,36.6,30.5,1633.78,1553.8984813262837,False,High Value
15038,4,4,497.7,123,124.425,182,25.75,28.0,188.04,171.00746250606082,False,Low Value
15039,1,27,13976.34,6589,517.6422222222222,183,33.96296296296296,7.0,5790.25,12578.807690338455,False,High Value
15042,15,1,135.93,30,135.93,0,5.0,15.0,0.0,11.160875071749501,True,Low Value
15044,23,11,4455.7300000000005,1354,405.0663636363637,155,20.545454545454547,12.5,3179.0,3794.5867674463607,False,High Value
15045,74,1,388.9,38,388.9,0,4.0,74.0,346.76,17.638370330176464,False,Low Value
15046,11,8,2257.66,1201,282.2075,143,14.5,16.0,2813.81,1635.734505430107,True,High Value
15047,86,1,343.62,222,343.62,0,22.0,86.0,0.0,31.03575690368639,False,Low Value
15048,37,2,254.25,120,127.125,147,29.5,147.0,126.75,60.04832115353327,False,Low Value
15049,90,1,121.17000000000002,63,121.17000000000002,0,3.0,90.0,0.0,13.236027051518835,True,Low Value
15052,135,1,207.73000000000002,79,207.73000000000002,0,27.0,135.0,0.0,17.907646550795683,False,Low Value
15053,98,1,222.65,257,222.65,0,19.0,98.0,471.3,30.167873750007484,False,Low Value
15057,91,2,1489.5,668,744.75,40,12.5,40.0,0.0,188.8543608005797,False,Low Value
15058,59,5,729.86,336,145.972,68,26.6,6.0,1372.68,397.5730956014633,False,Medium Value
15059,32,4,569.02,228,142.255,119,24.75,23.0,768.7,275.942173489422,False,Low Value
15061,1,30,31280.62,16285,1042.6873333333333,187,8.333333333333334,2.0,23253.52,17126.160219698733,False,High Value
15062,34,3,814.04,541,271.34666666666664,141,15.0,70.0,173.82,461.5187322161672,False,Medium Value
15063,29,1,370.79999999999995,56,370.79999999999995,0,5.0,29.0,0.0,38.83710124810395,False,Low Value
15065,44,2,1406.4,721,703.2,63,36.0,63.0,1751.73,437.8001585271965,True,Medium Value
15067,99,1,848.0500000000001,335,848.0500000000001,0,35.0,99.0,896.71,93.50339668418279,False,Low Value
15068,72,1,239.96,130,239.96,0,39.0,72.0,313.4,34.51680421817501,False,Low Value
15070,189,1,106.2,36,106.2,0,1.0,189.0,0.0,2.7530547182212763,False,Low Value
15071,92,1,588.6700000000001,165,588.6700000000001,0,12.0,92.0,393.40000000000003,32.36177773610991,False,Low Value
15073,2,2,861.96,428,430.98,1,22.0,1.0,181.45,308.78945054909445,False,Medium Value
15078,7,14,4184.16,2124,298.86857142857144,177,14.357142857142858,12.0,5558.95,4296.893441733183,False,High Value
15079,29,4,895.61,389,223.9025,153,11.75,50.0,0.0,451.1869915867125,False,Medium Value
15081,24,2,248.05,113,124.025,158,8.5,158.0,256.75,46.67014459294113,False,Low Value
15083,73,1,88.2,38,88.2,0,5.0,73.0,0.0,5.073373534725041,True,Low Value
15087,98,1,306.94,470,306.94,0,15.0,98.0,0.0,52.147353543383346,False,Low Value
15090,124,1,381.32,208,381.32,0,23.0,124.0,0.0,20.294320970081085,False,Low Value
15092,31,2,457.81,135,228.905,68,13.0,68.0,0.0,87.56314849058448,False,Low Value
15093,23,4,3396.68,2937,849.17,165,20.5,51.0,1200.34,1869.7896220026148,False,High Value
15095,19,1,770.5,705,770.5,0,29.0,19.0,600.1,366.7275474344379,False,Medium Value
15100,150,3,876.0,80,292.0,40,1.0,19.5,0.0,23.802518632471596,True,Low Value
15101,175,1,102.28,34,102.28,0,4.0,175.0,215.25,16.310847691325513,False,Low Value
15104,13,2,993.54,635,496.77,85,33.5,85.0,0.0,334.6015843127023,False,Medium Value
15106,28,2,778.45,560,389.225,57,26.5,57.0,644.07,320.5930085871371,True,Medium Value
15107,127,6,319.5,169,53.25,61,2.6666666666666665,12.0,0.0,5.12319216303325,False,Low Value
15108,3,2,542.45,159,271.225,40,14.5,40.0,616.8,126.53401408591904,False,Low Value
15109,62,1,484.95,131,484.95,0,28.0,62.0,0.0,26.242394828494902,False,Low Value
15110,135,1,169.65,69,169.65,0,9.0,135.0,826.45,11.272193179936693,False,Low Value
15111,189,1,288.5,106,288.5,0,16.0,189.0,1278.98,20.831733414115572,False,Low Value
15114,33,3,717.91,653,239.3033333333333,84,16.333333333333332,42.0,2042.65,441.75147962427394,True,Medium Value
15116,21,1,479.65,147,479.65,0,15.0,21.0,873.1,62.057156728295475,False,Low Value
15117,32,1,312.4,670,312.4,0,8.0,32.0,1239.38,145.66083696605435,False,Low Value
15119,62,1,266.4,88,266.4,0,14.0,62.0,0.0,19.965773744708574,False,Low Value
15121,105,1,295.15,125,295.15,0,18.0,105.0,162.57,24.2078525399977,False,Low Value
15122,20,2,930.61,497,465.305,93,23.0,93.0,703.1700000000001,320.1532929039878,False,Medium Value
15123,22,1,1069.47,509,1069.47,0,53.0,22.0,1129.84,267.0366504332666,False,Low Value
15124,8,1,90.75,89,90.75,0,9.0,8.0,93.44,14.43832838739129,False,Low Value
15125,24,4,7310.72,3964,1827.68,63,18.75,31.0,4217.76,3561.458997099769,False,High Value
15128,36,1,483.7,360,483.7,0,33.0,36.0,987.3,97.05843580915739,False,Low Value
15129,27,4,1120.38,859,280.095,80,10.0,36.0,2327.02,1091.875632579253,False,Medium Value
15132,16,2,489.87,377,244.935,62,12.5,62.0,488.06000000000006,255.86954139163805,False,Low Value
15133,74,2,657.9000000000001,312,328.95000000000005,44,8.5,44.0,324.52,153.0024650103165,True,Low Value
15134,29,2,239.45000000000002,163,119.72500000000001,27,7.0,27.0,1148.54,49.824174219129155,False,Low Value
15135,55,1,139.05,43,139.05,0,9.0,55.0,0.0,8.030243500068753,True,Low Value
15139,56,2,178.96,208,89.48,96,6.5,96.0,0.0,13.84702547275322,True,Low Value
15140,15,3,1127.45,901,375.81666666666666,65,13.0,32.0,1226.8,883.3957948516394,True,Medium Value
15143,42,1,259.45,150,259.45,0,14.0,42.0,0.0,25.633614177723977,True,Low Value
15144,33,5,1695.02,798,339.004,94,10.4,21.0,4885.42,1295.6157413522262,True,High Value
15145,43,2,724.03,438,362.015,21,20.5,21.0,470.7,210.65956093523894,False,Low Value
15146,107,1,834.22,914,834.22,0,63.0,107.0,492.94,235.51718676164907,False,Low Value
15147,56,1,623.5,366,623.5,0,28.0,56.0,0.0,43.47989925513213,False,Low Value
15150,2,2,1318.07,954,659.035,82,47.0,82.0,3973.26,530.7481622425755,True,Medium Value
15152,3,1,756.1,429,756.1,0,43.0,3.0,3989.59,368.6469423088324,False,Medium Value
15157,174,1,1085.46,1078,1085.46,0,54.0,174.0,850.61,103.84299972573112,False,Low Value
15159,1,14,5675.87,2602,405.4192857142857,176,13.071428571428571,4.0,12965.14,6418.934759481842,False,High Value
15160,173,1,158.16,84,158.16,0,4.0,173.0,0.0,7.879526672955052,False,Low Value
15163,8,1,155.0,48,155.0,0,10.0,8.0,149.47,17.717180903760163,False,Low Value
15164,24,2,363.23,142,181.615,130,26.5,130.0,461.35,90.18572356392009,False,Low Value
15165,189,1,487.75,160,487.75,0,27.0,189.0,0.0,5.280834654556751,False,Low Value
15167,137,1,158.8,65,158.8,0,39.0,137.0,0.0,12.006633189447975,False,Low Value
15171,147,1,1289.5,290,1289.5,0,5.0,147.0,0.0,4.774350588765263,False,Low Value
15172,13,2,526.2,480,263.1,39,19.0,39.0,1097.85,276.0483729775056,False,Low Value
15174,139,1,135.75,145,135.75,0,11.0,139.0,0.0,14.6244025749675,True,Low Value
15178,76,1,40.5,30,40.5,0,3.0,76.0,0.0,8.602406272561396,False,Low Value
15179,50,3,1455.1200000000001,1294,485.04,85,15.333333333333334,42.5,751.83,406.4050806503006,True,Medium Value
15180,183,1,87.5,36,87.5,0,6.0,183.0,0.0,6.00797251549225,False,Low Value
15181,86,1,300.0,48,300.0,0,2.0,86.0,389.48,31.462390673113497,True,Low Value
15182,85,1,370.48,144,370.48,0,16.0,85.0,252.37,28.31902852100377,True,Low Value
15184,7,1,235.23,73,235.23,0,20.0,7.0,166.97,25.1233479513252,True,Low Value
15187,28,1,431.6,172,431.6,0,9.0,28.0,4330.58,84.04405801253486,False,Low Value
15189,0,17,5530.21,1903,325.3064705882353,148,4.9411764705882355,7.0,10695.18,6284.414803294137,False,High Value
15192,7,2,737.99,637,368.995,174,20.0,174.0,306.33,392.90833726392935,True,Medium Value
15194,15,9,3661.18,2593,406.79777777777775,169,18.555555555555557,22.5,3955.35,3874.7884498175754,False,High Value
15197,69,2,773.25,202,386.625,105,7.5,105.0,306.36,90.91387680997585,False,Low Value
15199,52,2,657.15,227,328.575,72,3.0,72.0,611.55,118.73724999018758,False,Low Value
15201,20,2,602.27,659,301.135,43,19.0,43.0,634.27,268.5900147910466,False,Low Value
15203,14,2,692.9,673,346.45,113,28.0,113.0,1134.9,389.5149500102129,False,Medium Value
15204,173,1,316.58,258,316.58,0,9.0,173.0,0.0,23.293101590674482,True,Low Value
15206,92,1,17.700000000000003,6,17.700000000000003,0,1.0,92.0,402.6,12.847999833056729,False,Low Value
15208,169,1,65.4,20,65.4,0,3.0,169.0,804.72,10.887971118874852,False,Low Value
15210,41,1,331.18,228,331.18,0,20.0,41.0,0.0,33.96280311154163,False,Low Value
15211,181,1,383.07000000000005,117,383.07000000000005,0,23.0,181.0,511.34000000000003,33.85708959782435,False,Low Value
15212,57,1,101.8,36,101.8,0,5.0,57.0,0.0,5.747369875771161,False,Low Value
15213,135,2,328.35,272,164.175,11,12.0,11.0,0.0,28.4141149483643,True,Low Value
15214,0,2,651.63,556,325.815,58,23.0,58.0,1009.8100000000001,311.8297423339734,False,Medium Value
15218,34,3,1757.26,967,585.7533333333333,100,20.333333333333332,49.5,3999.63,691.9449496955316,True,Medium Value
15220,20,3,858.19,783,286.06333333333333,77,18.666666666666668,38.0,920.77,899.8406170561415,False,Medium Value
15221,182,1,403.25,43,403.25,0,5.0,182.0,0.0,26.294318429367046,False,Low Value
15222,135,1,585.0,440,585.0,0,5.0,135.0,0.0,30.30705344208694,True,Low Value
15223,42,2,755.75,213,377.875,23,10.0,23.0,0.0,93.88046273625183,False,Low Value
15224,174,2,322.08,152,161.04,4,7.0,4.0,0.0,25.40514656639934,False,Low Value
15225,50,1,409.40000000000003,226,409.40000000000003,0,23.0,50.0,0.0,46.32692777015058,False,Low Value
15226,127,1,154.41,71,154.41,0,8.0,127.0,0.0,9.38734082052991,True,Low Value
15227,32,3,876.82,589,292.27333333333337,101,14.333333333333334,50.0,342.58,446.7973764544212,False,Medium Value
15228,111,1,904.85,751,904.85,0,32.0,111.0,2481.86,135.26943635468928,False,Low Value
15230,55,2,429.6,351,214.8,1,11.5,1.0,0.0,79.92083036524977,False,Low Value
15234,93,1,197.0,196,197.0,0,14.0,93.0,0.0,29.872240431953223,False,Low Value
15235,34,12,2247.51,1324,187.29250000000002,155,11.916666666666666,13.0,0.0,362.355344096358,False,Medium Value
15236,115,1,321.05,269,321.05,0,15.0,115.0,0.0,27.26992913601787,False,Low Value
15237,19,2,1093.65,798,546.825,23,38.0,23.0,318.67,509.087809997968,False,Medium Value
15238,0,1,300.14,222,300.14,0,14.0,0.0,771.85,54.758241573615706,True,Low Value
15240,8,3,1045.38,755,348.46000000000004,120,14.0,60.0,661.19,460.0038626555829,False,Medium Value
15241,0,4,1065.36,976,266.34,99,17.5,8.0,691.08,1025.0943618960823,False,Medium Value
15244,64,1,297.94,240,297.94,0,15.0,64.0,333.63,36.85420079050341,False,Low Value
15245,3,2,1737.72,1234,868.86,73,32.5,73.0,778.12,542.3827430280032,False,Medium Value
15246,54,2,514.15,247,257.075,120,16.5,120.0,0.0,111.98536817290379,True,Low Value
15249,13,5,2841.37,1435,568.274,59,28.8,17.5,3847.09,1508.2624891021226,True,High Value
15251,27,2,4095.72,2648,2047.86,30,22.5,30.0,6389.27,779.2612814648825,False,Medium Value
15257,99,1,317.15,46,317.15,0,7.0,99.0,0.0,26.44162300229984,False,Low Value
15258,33,1,315.66,78,315.66,0,16.0,33.0,307.5,43.48038404209317,False,Low Value
15260,3,5,1270.48,622,254.096,185,10.8,23.0,540.29,1156.964048772874,False,Medium Value
15262,140,1,178.95000000000002,73,178.95000000000002,0,10.0,140.0,0.0,11.272193179936693,False,Low Value
15265,52,1,712.24,240,712.24,0,42.0,52.0,793.88,84.15411805543965,False,Low Value
15266,154,1,119.3,18,119.3,0,6.0,154.0,0.0,6.425668994736483,True,Low Value
15270,55,4,1313.75,677,328.4375,71,7.0,8.0,1065.74,1015.3611744252893,True,Medium Value
15271,20,5,735.61,356,147.122,161,12.2,22.5,1757.73,380.2240291569646,False,Medium Value
15279,171,1,290.51,189,290.51,0,19.0,171.0,0.0,26.245248897393587,False,Low Value
15281,14,6,1927.41,1005,321.235,135,19.0,30.0,404.74,1361.6882992445317,True,High Value
15288,17,3,1624.0,573,541.3333333333334,164,23.0,82.0,682.52,538.1181780328592,False,Medium Value
15289,66,1,375.45,333,375.45,0,19.0,66.0,564.33,43.50588448730788,True,Low Value
15290,19,8,2032.57,1133,254.07125,155,9.625,22.0,5910.65,1569.561199657539,False,High Value
15291,64,8,2634.59,831,329.32375,126,7.125,15.0,1988.71,1795.4438397179556,False,High Value
15292,17,1,178.39,55,178.39,0,24.0,17.0,0.0,28.51246135852483,False,Low Value
15296,0,3,2077.59,1139,692.5300000000001,142,37.0,71.0,1595.27,848.8268445884931,False,Medium Value
15298,3,5,1777.2,1325,355.44,179,18.0,45.0,3022.7,1001.7198008868962,False,Medium Value
15299,80,4,2435.01,2577,608.7525,108,1.0,0.0,1472.0,752.3597412777918,True,Medium Value
15301,3,6,2775.91,1529,462.65166666666664,181,20.833333333333332,21.0,2274.04,2029.882972376904,False,High Value
15303,106,1,574.02,248,574.02,0,31.0,106.0,0.0,37.567824073613295,False,Low Value
15304,35,5,381.6,48,76.32000000000001,149,2.4,22.5,312.8,49.58245904542616,True,Low Value
15308,90,1,310.47,175,310.47,0,19.0,90.0,0.0,32.21004476048028,True,Low Value
15311,1,45,33610.33,21716,746.8962222222223,188,28.0,3.0,27022.420000000002,17182.143062152896,True,High Value
15312,31,2,607.9,340,303.95,139,14.5,139.0,316.95,146.19972496682195,False,Low Value
15314,15,1,327.97,313,327.97,0,24.0,15.0,0.0,69.59073322224923,False,Low Value
15316,143,1,165.0,100,165.0,0,1.0,143.0,0.0,30.05074684813019,False,Low Value
15319,100,1,204.5,175,204.5,0,16.0,100.0,0.0,32.36754240468479,True,Low Value
15321,108,1,1159.47,545,1159.47,0,38.0,108.0,1588.8400000000001,125.34821993536806,False,Low Value
15326,150,1,311.71,386,311.71,0,29.0,150.0,0.0,30.6627972478402,False,Low Value
15332,182,4,1661.06,652,415.265,3,8.75,0.0,0.0,17.474128510229317,False,Low Value
15333,24,1,1028.56,344,1028.56,0,16.0,24.0,0.0,86.09624538821272,False,Low Value
15339,134,1,257.9,159,257.9,0,40.0,134.0,316.17,21.665111600412207,False,Low Value
15346,149,1,252.42000000000002,144,252.42000000000002,0,17.0,149.0,0.0,23.319510628536936,False,Low Value
15347,182,1,201.60000000000002,130,201.60000000000002,0,5.0,182.0,0.0,27.70150232464565,False,Low Value
15349,3,1,356.21,244,356.21,0,58.0,3.0,107.7,70.46703377298809,True,Low Value
15350,189,1,115.65,51,115.65,0,5.0,189.0,0.0,11.928775454624247,False,Low Value
15351,186,1,274.67,129,274.67,0,49.0,186.0,1659.99,42.1499843254073,False,Low Value
15353,71,2,770.12,341,385.06,113,30.0,113.0,0.0,154.2282349324039,False,Low Value
15356,34,5,1161.66,638,232.33200000000002,149,51.4,38.5,1556.37,1212.0485550377246,False,Medium Value
15358,24,11,4363.07,3778,396.64272727272726,157,25.545454545454547,17.5,3984.13,4570.310009881506,False,High Value
15361,178,1,418.92,336,418.92,0,7.0,178.0,0.0,29.55087529578535,False,Low Value
15363,189,1,326.0,144,326.0,0,16.0,189.0,0.0,7.618449797089294,False,Low Value
15364,70,1,331.8,84,331.8,0,3.0,70.0,581.39,20.591715448378935,False,Low Value
15365,131,1,208.61,85,208.61,0,12.0,131.0,2105.71,17.503607330426036,False,Low Value
15366,174,1,105.53999999999999,61,105.53999999999999,0,8.0,174.0,496.96999999999997,15.586991916417237,False,Low Value
15367,62,2,1416.18,750,708.09,29,32.5,29.0,461.41,436.115730129934,False,Medium Value
15370,20,3,1127.94,462,375.98,128,17.0,64.0,1258.11,508.98808532507707,False,Medium Value
15373,26,6,1191.75,243,198.625,160,12.333333333333334,35.0,1224.16,400.91787824265356,False,Medium Value
15376,38,1,642.37,371,642.37,0,57.0,38.0,579.19,217.32207001326634,False,Low Value
15379,2,6,3572.4900000000002,2267,595.4150000000001,172,31.0,22.0,130.8,2709.8570884693986,True,High Value
15380,181,1,230.1,78,230.1,0,1.0,181.0,1460.1599999999999,21.005619326502618,False,Low Value
15381,30,2,596.85,171,298.425,54,4.0,54.0,0.0,95.82829577905258,False,Low Value
15382,1,4,2127.12,1628,531.78,110,32.5,25.0,3828.59,1265.816512750951,False,Medium Value
15384,176,1,303.57,248,303.57,0,20.0,176.0,338.84,30.870709419664042,False,Low Value
15386,2,1,394.14,446,394.14,0,31.0,2.0,0.0,187.79021756566317,False,Low Value
15388,86,1,140.54,88,140.54,0,10.0,86.0,0.0,9.419773838388421,False,Low Value
15392,176,1,338.98,402,338.98,0,19.0,176.0,1196.55,59.192741998563264,False,Low Value
15393,97,1,124.10000000000001,94,124.10000000000001,0,8.0,97.0,107.76,12.683496855924977,False,Low Value
15394,20,2,1436.44,546,718.22,154,27.0,154.0,747.1,349.2864085424998,False,Medium Value
15395,142,1,107.45,17,107.45,0,7.0,142.0,0.0,5.195616021803356,False,Low Value
15397,106,1,94.0,20,94.0,0,6.0,106.0,0.0,3.58411696406076,False,Low Value
15400,0,2,458.8,236,229.4,94,3.5,94.0,257.4,77.6661369770918,False,Low Value
15402,12,1,440.99,431,440.99,0,28.0,12.0,185.36,153.53342282755798,False,Low Value
15405,5,1,349.1,193,349.1,0,8.0,5.0,0.0,31.300034602523375,False,Low Value
15406,117,1,252.29,130,252.29,0,42.0,117.0,258.42,27.038174068983725,True,Low Value
15407,0,3,740.73,329,246.91,121,20.666666666666668,60.5,306.01,220.81039234957504,False,Low Value
15408,80,1,267.18,106,267.18,0,34.0,80.0,0.0,25.62423241463459,False,Low Value
15410,19,4,1800.89,565,450.2225,58,15.5,25.0,1649.95,1060.898818834963,False,Medium Value
15414,58,1,36.2,12,36.2,0,5.0,58.0,738.7,16.665872815878117,False,Low Value
15415,129,1,559.61,551,559.61,0,46.0,129.0,0.0,35.89815538629101,False,Low Value
15416,56,2,2274.43,1308,1137.215,43,53.5,43.0,1709.89,362.3064750273739,False,Medium Value
15421,31,3,739.36,379,246.45333333333335,94,13.666666666666666,47.0,211.0,389.3839892697334,False,Medium Value
15422,139,2,97.7,38,48.85,0,3.0,0.0,0.0,4.477212784480202,False,Low Value
15424,70,2,383.34000000000003,554,191.67000000000002,0,8.5,0.0,0.0,74.58669322333861,True,Low Value
15426,73,2,634.13,255,317.065,112,54.0,112.0,769.94,82.7541378761626,True,Low Value
15433,30,2,533.3,534,266.65,53,20.5,53.0,0.0,253.84256661116723,False,Low Value
15434,16,1,306.96,199,306.96,0,12.0,16.0,734.52,69.5270834961025,True,Low Value
15436,50,1,484.1,246,484.1,0,124.0,50.0,583.65,83.55550476273005,False,Low Value
15437,78,1,200.16,79,200.16,0,44.0,78.0,0.0,26.242173288938297,False,Low Value
15440,25,1,125.8,78,125.8,0,20.0,25.0,257.88,29.349722523685987,False,Low Value
15442,65,1,594.0,120,594.0,0,2.0,65.0,0.0,22.063401860869924,False,Low Value
15443,136,1,437.71,182,437.71,0,51.0,136.0,2775.88,27.066610792358684,False,Low Value
15445,80,1,113.5,58,113.5,0,5.0,80.0,0.0,13.080525543095506,False,Low Value
15447,147,1,155.17000000000002,85,155.17000000000002,0,9.0,147.0,0.0,9.061344073494146,False,Low Value
15448,129,1,494.64,232,494.64,0,28.0,129.0,0.0,16.265515842948194,False,Low Value
15449,1,2,647.7,516,323.85,76,20.0,76.0,326.82,309.9714080175929,False,Medium Value
15452,80,1,237.0,134,237.0,0,36.0,80.0,291.48,28.855016350453422,False,Low Value
15453,4,1,194.34,95,194.34,0,39.0,4.0,1177.43,47.07318146137902,False,Low Value
15454,178,1,179.1,86,179.1,0,23.0,178.0,0.0,17.698017956183325,False,Low Value
15456,99,3,434.59000000000003,633,144.86333333333334,75,19.333333333333332,37.5,0.0,198.32726162043565,False,Low Value
15457,78,1,237.07,132,237.07,0,56.0,78.0,0.0,21.054607464719187,False,Low Value
15460,170,1,214.26,107,214.26,0,53.0,170.0,0.0,29.37821235026181,False,Low Value
15462,3,1,105.0,76,105.0,0,5.0,3.0,129.6,14.321050759261256,False,Low Value
15464,154,1,1044.65,348,1044.65,0,155.0,154.0,0.0,2.7887932015346633,False,Low Value
15465,50,12,5163.46,761,430.28833333333336,136,4.833333333333333,13.0,2191.16,3144.470653588901,False,High Value
15482,67,3,1262.24,424,420.74666666666667,108,4.333333333333333,54.0,9577.52,395.02634322181933,False,Medium Value
15483,83,1,110.95,143,110.95,0,48.0,83.0,114.31,40.39154001214329,False,Low Value
15485,152,2,1268.13,578,634.065,37,21.0,37.0,1296.37,82.08625255786619,True,Low Value
15489,27,1,348.26,220,348.26,0,23.0,27.0,786.02,60.70905979830377,False,Low Value
15491,34,3,1644.92,894,548.3066666666667,17,30.0,8.5,1455.17,650.6582017118405,False,Medium Value
15493,66,2,919.45,257,459.725,20,65.0,20.0,1033.96,155.02298060801343,False,Low Value
15497,136,1,970.6,528,970.6,0,10.0,136.0,291.6,60.4171601157349,True,Low Value
15498,6,13,7142.85,3468,549.45,176,23.0,9.0,6173.55,5825.808902067748,False,High Value
15502,92,4,2640.46,1856,660.115,93,20.75,0.0,4283.52,627.7328594916132,False,Medium Value
15503,179,1,141.04,70,141.04,0,66.0,179.0,0.0,21.875384868991013,True,Low Value
15508,5,6,1000.27,440,166.71166666666667,46,15.333333333333334,6.0,0.0,405.5372050138893,False,Medium Value
15510,147,1,250.0,2,250.0,0,1.0,147.0,0.0,4.5622836620242495,False,Low Value
15512,176,1,101.2,56,101.2,0,6.0,176.0,19.8,12.555794628233743,True,Low Value
15513,15,12,6069.46,2430,505.78833333333336,174,11.75,9.0,8688.76,6222.814320183114,True,High Value
15514,42,6,2501.94,1184,416.99,138,15.166666666666666,3.0,1521.78,2045.182463016084,True,High Value
15517,49,1,267.03000000000003,293,267.03000000000003,0,27.0,49.0,0.0,38.714821598703686,False,Low Value
15518,31,4,974.17,695,243.5425,117,26.25,13.0,947.38,1037.2469035669073,True,Medium Value
15521,28,4,1667.78,901,416.945,42,30.75,5.0,1332.42,1138.6433612652038,False,Medium Value
15525,189,1,274.93,113,274.93,0,44.0,189.0,456.94,31.835712484520222,False,Low Value
15527,36,3,900.04,361,300.0133333333333,134,15.333333333333334,66.5,1528.49,268.946515534044,False,Low Value
15528,70,1,229.33,123,229.33,0,26.0,70.0,0.0,24.343059135162708,False,Low Value
15529,27,7,1928.01,1607,275.43,155,41.714285714285715,26.0,2032.04,1637.5976504953815,True,High Value
15530,63,1,548.09,312,548.09,0,49.0,63.0,949.22,62.62804270962693,False,Low Value
15532,174,1,353.8,91,353.8,0,48.0,174.0,1201.03,23.435511221151,False,Low Value
15535,52,3,377.89,97,125.96333333333332,91,15.333333333333334,45.5,125.01,50.90217412126353,False,Low Value
15543,104,1,127.86,86,127.86,0,26.0,104.0,0.0,15.714929956546907,False,Low Value
15544,27,4,1759.47,1376,439.8675,161,31.0,70.0,1787.24,1078.92201597976,False,Medium Value
15545,187,1,135.32999999999998,75,135.32999999999998,0,31.0,187.0,153.64000000000001,30.23920269005571,False,Low Value
15547,10,7,2383.13,1601,340.44714285714286,168,39.714285714285715,29.0,2527.47,1708.6217312958963,False,High Value
15549,132,1,930.3000000000001,394,930.3000000000001,0,57.0,132.0,747.41,59.99792570016831,False,Low Value
15550,118,1,137.9,96,137.9,0,12.0,118.0,437.73,13.583737107234677,False,Low Value
15552,33,1,90.12,60,90.12,0,17.0,33.0,0.0,17.248120816512852,False,Low Value
15554,94,1,217.2,74,217.2,0,14.0,94.0,0.0,19.889702163082795,False,Low Value
15555,6,6,1773.19,1371,295.5316666666667,179,45.833333333333336,11.0,3018.68,1268.2392616365946,False,Medium Value
15561,32,1,265.75,51,265.75,0,7.0,32.0,534.84,35.02860193528521,False,Low Value
15562,168,1,134.55,39,134.55,0,1.0,168.0,0.0,7.873845020661134,False,Low Value
15563,17,2,735.62,742,367.81,158,31.0,158.0,625.82,472.6423923575143,True,Medium Value
15569,148,1,288.5,182,288.5,0,7.0,148.0,1087.21,20.97879218722801,False,Low Value
15570,22,8,2508.7200000000003,933,313.59000000000003,163,25.875,26.0,1640.1,2263.771627814384,False,High Value
15572,65,3,873.54,420,291.18,29,30.0,14.5,1659.88,350.55227248402235,False,Medium Value
15574,175,3,563.54,286,187.84666666666666,13,44.666666666666664,6.5,112.1,44.96539984943696,False,Low Value
15577,121,1,29.65,7,29.65,0,4.0,121.0,229.23,51.46347242063311,False,Low Value
15579,130,1,195.35,55,195.35,0,25.0,130.0,132.25,20.26459386443578,False,Low Value
15581,42,8,630.76,247,78.845,140,13.75,10.0,86.67,69.43397174863541,False,Low Value
15582,36,1,303.61,255,303.61,0,22.0,36.0,379.3,63.434494157229395,False,Low Value
15587,168,1,344.88,120,344.88,0,3.0,168.0,568.8,25.464636403323638,False,Low Value
15589,72,3,478.53,243,159.51,54,9.666666666666666,27.0,0.0,91.59308110528393,False,Low Value
15594,51,1,267.91,145,267.91,0,15.0,51.0,1503.8700000000001,34.926237987685255,False,Low Value
15596,31,4,1389.69,559,347.4225,150,18.75,44.0,16.9,671.3033643329794,False,Medium Value
15599,20,1,448.83,361,448.83,0,29.0,20.0,312.91,123.65487661084666,False,Low Value
15601,20,9,4748.59,3600,527.6211111111111,169,31.666666666666668,17.5,2027.97,4293.934009811197,False,High Value
15602,17,5,542.95,345,108.59,167,3.4,23.5,754.92,163.36171957888834,False,Low Value
15605,68,3,690.1800000000001,266,230.06000000000003,121,13.0,60.0,508.05,166.21119922592007,False,Low Value
15606,39,6,1826.35,553,304.39166666666665,101,8.5,17.0,1093.81,960.6572826603364,False,Medium Value
15607,153,1,104.75999999999999,202,104.75999999999999,0,13.0,153.0,0.0,14.791035992222328,False,Low Value
15609,0,1,298.48,148,298.48,0,16.0,0.0,0.0,46.29831278507819,False,Low Value
15611,7,4,432.1,50,108.025,143,2.5,53.0,1138.3500000000001,44.72304166054308,False,Low Value
15615,0,12,5221.96,2672,435.16333333333336,175,16.916666666666668,21.0,5177.78,5343.635743448802,True,High Value
15620,37,2,875.01,600,437.505,137,30.0,137.0,678.17,427.20858548697595,False,Medium Value
15622,13,5,2602.0,1225,520.4,85,27.6,14.0,1107.56,1508.2624891021226,False,High Value
15624,23,2,311.40000000000003,120,155.70000000000002,49,9.0,49.0,276.73,41.66304434158859,False,Low Value
15625,51,1,695.33,513,695.33,0,36.0,51.0,838.93,166.6489789646713,False,Low Value
15626,146,1,281.88,312,281.88,0,20.0,146.0,393.92,30.227714320509676,False,Low Value
15628,71,2,691.01,423,345.505,111,20.5,111.0,2179.23,240.49341669912496,False,Low Value
15630,21,1,396.86,280,396.86,0,21.0,21.0,789.49,79.85510138353821,False,Low Value
15632,41,3,1242.5,688,414.1666666666667,49,21.333333333333332,24.5,2042.81,841.32183086782,False,Medium Value
15636,98,1,306.7,82,306.7,0,8.0,98.0,418.06,19.837359619933356,False,Low Value
15640,1,8,6707.57,3462,838.44625,187,30.25,22.0,5708.54,5629.211142053993,False,High Value
15641,77,3,1305.38,1096,435.1266666666667,98,27.333333333333332,48.5,581.82,501.59695464013777,True,Medium Value
15643,8,3,664.0,246,221.33333333333334,90,11.0,45.0,0.0,136.4123619318078,False,Low Value
15644,72,3,423.19,279,141.06333333333333,4,37.333333333333336,2.0,380.34999999999997,166.60184698431513,False,Low Value
15646,63,2,340.04,370,170.02,125,14.0,125.0,107.60000000000001,158.18806153735002,False,Low Value
15648,20,2,639.5,218,319.75,62,12.0,62.0,0.0,127.35534913256092,False,Low Value
15649,152,2,816.0,192,408.0,31,1.0,31.0,0.0,9.636960478942827,False,Low Value
15651,77,1,227.32,238,227.32,0,16.0,77.0,418.98,36.91123822929724,False,Low Value
15655,59,1,560.6700000000001,324,560.6700000000001,0,34.0,59.0,0.0,46.76497009107605,False,Low Value
15656,37,2,306.86,100,153.43,63,9.5,63.0,441.64,38.96769191759241,False,Low Value
15658,6,5,1024.1000000000001,242,204.82000000000002,182,9.6,55.0,0.0,133.84845629813861,False,Low Value
15660,20,4,739.02,430,184.755,161,10.25,78.0,861.84,568.5015085238733,False,Medium Value
15661,133,2,309.8,236,154.9,21,2.5,21.0,0.0,15.37286978124175,False,Low Value
15665,59,1,1456.42,1162,1456.42,0,76.0,59.0,765.79,480.578593219567,True,Medium Value
15668,34,1,76.32000000000001,72,76.32000000000001,0,1.0,34.0,0.0,1.0052535489754595,False,Low Value
15669,80,1,198.8,64,198.8,0,11.0,80.0,485.54,18.011353805559047,False,Low Value
15670,113,1,173.05,91,173.05,0,12.0,113.0,0.0,13.403049351116653,False,Low Value
15671,59,3,1033.13,561,344.3766666666667,28,16.666666666666668,13.5,1624.0,339.1204235055608,True,Medium Value
15673,31,2,1696.04,831,848.02,112,40.0,112.0,1030.19,349.6587246317444,False,Medium Value
15674,31,3,1044.95,625,348.31666666666666,39,19.666666666666668,19.5,1066.94,519.8405482751721,False,Medium Value
15675,96,1,45.0,36,45.0,0,3.0,96.0,278.69,7.6848390031521685,True,Low Value
15676,100,1,897.8,555,897.8,0,61.0,100.0,2537.96,190.22967203319712,True,Low Value
15680,182,1,478.89,331,478.89,0,30.0,182.0,854.79,39.66274372254124,False,Low Value
15681,96,1,345.68,256,345.68,0,17.0,96.0,1080.48,31.03575690368639,True,Low Value
15687,3,5,1679.45,657,335.89,143,19.4,21.0,1313.65,1205.9946986901275,False,Medium Value
15689,178,1,103.5,56,103.5,0,6.0,178.0,150.6,18.94972734015588,False,Low Value
15691,68,1,136.8,72,136.8,0,2.0,68.0,0.0,12.312532096670223,False,Low Value
15694,4,7,2986.7,650,426.6714285714285,185,5.285714285714286,28.0,3477.7,1916.0923357252984,False,High Value
15695,83,2,409.98,212,204.99,0,11.0,0.0,0.0,34.197579388304355,True,Low Value
15696,37,6,1629.95,717,271.65833333333336,106,17.0,22.0,1081.16,1112.4573387158182,True,Medium Value
15703,81,1,211.5,66,211.5,0,5.0,81.0,0.0,16.038839767043196,False,Low Value
15704,3,2,1507.32,662,753.66,28,36.0,28.0,786.3000000000001,755.1677055364954,False,Medium Value
15705,17,1,143.1,62,143.1,0,6.0,17.0,0.0,16.59975803327434,False,Low Value
15708,39,5,1957.21,755,391.442,147,32.8,31.0,1278.04,1372.6418914603935,True,High Value
15709,100,1,133.25,121,133.25,0,6.0,100.0,0.0,12.054080678396751,False,Low Value
15712,104,1,299.8,109,299.8,0,18.0,104.0,772.5600000000001,30.37752169945282,False,Low Value
15713,182,1,171.15,59,171.15,0,9.0,182.0,185.55,16.488919817539497,False,Low Value
15716,18,3,884.74,642,294.91333333333336,168,28.666666666666668,83.5,216.37,647.2625776296358,True,Medium Value
15717,50,1,150.3,70,150.3,0,7.0,50.0,0.0,11.518862826572132,True,Low Value
15719,16,7,2427.22,1292,346.74571428571426,137,64.42857142857143,22.5,2601.2000000000003,2527.437534352046,False,High Value
15722,4,2,759.3000000000001,295,379.65000000000003,102,15.0,102.0,1451.91,152.7346565901238,False,Low Value
15723,181,1,190.70000000000002,73,190.70000000000002,0,37.0,181.0,0.0,24.148902263140986,False,Low Value
15724,17,2,218.25,73,109.125,83,5.5,83.0,0.0,21.85281018361144,False,Low Value
15727,14,4,3230.9700000000003,1415,807.7425000000001,160,38.75,50.0,1928.09,1424.680960320415,False,High Value
15729,29,1,85.0,28,85.0,0,5.0,29.0,0.0,8.04869242968304,False,Low Value
15730,23,1,467.43,314,467.43,0,29.0,23.0,653.45,108.58453969675784,True,Low Value
15732,28,2,294.12,215,147.06,159,7.0,159.0,0.0,11.85424466922862,False,Low Value
15733,99,1,162.3,62,162.3,0,10.0,99.0,0.0,22.679953962404273,False,Low Value
15734,16,1,578.65,133,578.65,0,11.0,16.0,760.8000000000001,58.08214182267239,False,Low Value
15737,2,4,712.73,369,178.1825,56,10.75,3.0,475.39,558.4514472599741,True,Medium Value
15738,0,10,2929.06,1764,292.906,188,10.6,20.0,1883.3600000000001,2423.483545596505,True,High Value
15743,1,1,322.55,91,322.55,0,18.0,1.0,453.41,30.06069719400246,True,Low Value
15745,52,1,302.85,127,302.85,0,18.0,52.0,791.74,36.622856846364705,True,Low Value
15749,51,3,44534.3,18028,14844.766666666668,97,3.3333333333333335,48.5,0.0,7.745599720777852,False,Low Value
15750,99,3,610.92,564,203.64,83,21.0,41.5,1852.13,192.45967057786845,False,Low Value
15752,66,3,1042.68,775,347.56,123,52.0,61.0,1583.92,519.571137945315,True,Medium Value
15753,121,1,79.2,144,79.2,0,1.0,121.0,0.0,5.763887749348687,False,Low Value
15754,63,1,91.8,36,91.8,0,6.0,63.0,366.77,12.09116996163001,False,Low Value
15755,51,2,620.73,355,310.365,59,18.5,59.0,1743.52,142.25598976330195,False,Low Value
15756,29,2,244.17,105,122.085,36,43.0,36.0,283.84,184.95267333798367,False,Low Value
15757,34,1,261.36,167,261.36,0,16.0,34.0,453.06,61.264802819239804,True,Low Value
15759,34,3,253.04000000000002,60,84.34666666666668,139,2.3333333333333335,69.5,0.0,22.431981064400784,False,Low Value
15764,0,3,1694.52,871,564.84,92,30.666666666666668,46.0,1585.45,696.0431048517177,False,Medium Value
15768,20,2,479.15,153,239.575,22,9.0,22.0,142.68,89.74961919334137,False,Low Value
15769,14,13,27889.72,15012,2145.363076923077,173,4.230769230769231,8.5,28363.0,21042.629992506867,False,High Value
15775,61,1,104.9,68,104.9,0,7.0,61.0,0.0,11.206099540682336,True,Low Value
15777,57,4,1047.1100000000001,378,261.77750000000003,120,5.25,43.0,0.0,298.548508475278,False,Medium Value
15780,0,3,475.28000000000003,220,158.42666666666668,174,9.666666666666666,86.5,0.0,47.82713654288161,False,Low Value
15781,122,1,83.35,29,83.35,0,5.0,122.0,262.11,4.92047473640457,False,Low Value
15785,13,2,1330.4,754,665.2,98,22.5,98.0,998.5699999999999,454.8592090551581,True,Medium Value
15789,174,1,351.3,438,351.3,0,25.0,174.0,0.0,40.74797403156361,False,Low Value
15791,20,1,1223.24,558,1223.24,0,54.0,20.0,389.45,122.16720877168156,False,Low Value
15793,85,1,306.64,192,306.64,0,3.0,85.0,658.97,30.439414497576127,False,Low Value
15796,4,4,1245.97,411,311.4925,114,16.25,15.0,1461.64,821.6389116791399,False,Medium Value
15797,30,2,1825.2,728,912.6,90,3.0,90.0,367.2,431.1053098035307,True,Medium Value
15799,1,2,481.24,539,240.62,149,18.5,149.0,402.9,262.99710727141417,False,Low Value
15800,63,1,244.5,108,244.5,0,14.0,63.0,452.39,29.096484608774777,False,Low Value
15804,15,1,525.36,314,525.36,0,34.0,15.0,3681.03,104.32321525101348,True,Low Value
15805,2,7,2704.42,1661,386.3457142857143,179,20.714285714285715,23.0,2783.76,2029.882972376904,False,High Value
15806,93,1,300.36,274,300.36,0,16.0,93.0,484.21999999999997,34.18405090347333,True,Low Value
15808,122,4,3651.27,1305,912.8175,63,47.75,22.0,0.0,17.30269151576444,False,Low Value
15809,0,4,399.21000000000004,251,99.80250000000001,118,6.75,46.0,116.56,38.4717786219669,False,Low Value
15810,48,2,854.12,530,427.06,64,29.0,64.0,537.86,289.1914533489274,False,Medium Value
15811,22,4,1294.84,468,323.71,159,18.5,59.0,923.78,711.6595995161364,False,Medium Value
15812,5,3,1054.22,599,351.4066666666667,128,10.666666666666666,64.0,746.9200000000001,474.965607578241,False,Medium Value
15813,24,2,1303.91,603,651.955,31,20.0,31.0,0.0,424.62528010086595,False,Medium Value
15815,28,3,1394.08,1068,464.6933333333333,47,6.333333333333333,23.5,706.52,814.8015388502755,False,Medium Value
15819,15,2,1177.14,914,588.57,77,38.5,77.0,728.3100000000001,509.9573811149199,False,Medium Value
15820,136,1,206.98000000000002,128,206.98000000000002,0,17.0,136.0,0.0,22.882505649630794,False,Low Value
15822,175,1,440.2,160,440.2,0,16.0,175.0,445.27,37.48249512461107,True,Low Value
15826,27,1,720.0,488,720.0,0,28.0,27.0,934.3100000000001,200.61967311870862,False,Low Value
15827,31,9,911.69,369,101.2988888888889,157,6.333333333333333,16.0,924.4,401.92877063163525,False,Medium Value
15831,140,1,309.94,308,309.94,0,17.0,140.0,484.7,27.034777508523774,False,Low Value
15832,70,1,836.79,465,836.79,0,54.0,70.0,0.0,139.9583890754003,True,Low Value
15834,93,2,1270.27,404,635.135,0,75.0,0.0,952.38,128.99595344060893,True,Low Value
15835,76,2,488.31,243,244.155,70,13.0,70.0,465.78000000000003,86.14005896316274,False,Low Value
15838,7,7,8208.88,4348,1172.6971428571428,177,8.142857142857142,28.0,25434.2,7521.913807592766,False,High Value
15841,34,2,613.26,366,306.63,120,12.0,120.0,610.8,141.2517791903429,False,Low Value
15843,120,1,118.95,27,118.95,0,8.0,120.0,0.0,6.8967901965315885,False,Low Value
15845,27,3,1537.16,694,512.3866666666667,126,17.0,62.5,2174.61,701.6559648183304,False,Medium Value
15847,104,1,180.68,348,180.68,0,9.0,104.0,208.59,23.050855901355167,False,Low Value
15852,3,2,160.71,48,80.355,10,11.0,10.0,0.0,14.161163739226556,False,Low Value
15854,20,6,1584.39,580,264.065,157,14.5,32.0,1384.73,1080.3455736092194,False,Medium Value
15855,0,4,474.69,319,118.6725,79,14.5,23.0,237.55,140.11742997050487,False,Low Value
15856,20,8,6816.2,3917,852.025,161,23.625,19.0,9326.18,5905.932201168465,True,High Value
15858,105,2,816.22,725,408.11,77,51.0,77.0,611.35,283.26110315096616,False,Medium Value
15860,49,3,420.26,178,140.08666666666667,135,17.333333333333332,67.0,544.9,99.46590815450239,False,Low Value
15861,83,2,716.24,555,358.12,0,56.5,0.0,2430.68,92.81332322176914,False,Low Value
15862,20,2,491.01,359,245.505,169,43.5,169.0,341.87,168.0002146383046,False,Low Value
15863,9,1,9.2,2,9.2,0,2.0,9.0,59.64,34.50561941790238,True,Low Value
15864,132,1,242.42000000000002,110,242.42000000000002,0,6.0,132.0,1693.9,22.099189595331655,False,Low Value
15865,30,1,313.93,178,313.93,0,16.0,30.0,581.2,70.5090264181699,False,Low Value
15867,12,9,1751.05,959,194.5611111111111,173,25.444444444444443,20.5,2052.55,1246.5164136147498,True,Medium Value
15869,93,2,149.64,175,74.82,0,6.5,0.0,0.0,8.66390232574064,False,Low Value
15874,34,5,2162.8,1050,432.56000000000006,66,16.4,18.5,2243.08,1308.3322857291728,True,High Value
15880,185,1,329.03,202,329.03,0,95.0,185.0,0.0,20.032596389731356,False,Low Value
15881,128,5,501.39,260,100.27799999999999,52,5.8,1.0,0.0,5.197971535374954,False,Low Value
15882,15,4,514.08,264,128.52,169,5.5,0.0,0.0,57.68236711784137,False,Low Value
15889,185,1,268.67,137,268.67,0,56.0,185.0,132.1,29.07258356352365,True,Low Value
15891,43,1,509.13,417,509.13,0,59.0,43.0,0.0,63.177551495522636,False,Low Value
15894,69,2,257.6,163,128.8,115,17.0,115.0,0.0,52.60946258965485,False,Low Value
15897,10,2,208.59,223,104.295,0,10.5,0.0,0.0,25.73800587762583,True,Low Value
15898,43,4,997.94,421,249.485,141,17.5,37.0,385.89,585.4057714535996,False,Medium Value
15899,185,1,56.25,39,56.25,0,4.0,185.0,0.0,4.4086983415902985,False,Low Value
15903,44,2,641.64,676,320.82,67,13.0,67.0,4485.12,353.9296310543218,False,Medium Value
15906,36,3,683.16,225,227.72,35,21.333333333333332,17.5,884.53,296.8890928441241,False,Medium Value
15907,26,1,223.07,146,223.07,0,46.0,26.0,658.8,71.85507279453336,False,Low Value
15910,23,4,550.61,431,137.6525,109,33.0,39.0,678.27,650.4316736549611,False,Medium Value
15912,49,1,141.49,66,141.49,0,13.0,49.0,123.13,14.961394831975188,False,Low Value
15916,8,5,846.95,393,169.39000000000001,174,13.8,45.0,655.91,467.71627859626176,False,Medium Value
15917,64,1,123.1,42,123.1,0,12.0,64.0,0.0,11.000357449295363,False,Low Value
15918,7,2,334.23,153,167.115,80,19.5,80.0,0.0,46.12349000906203,True,Low Value
15919,185,1,214.07999999999998,175,214.07999999999998,0,38.0,185.0,311.61,34.15684983151737,False,Low Value
15922,189,1,369.5,138,369.5,0,11.0,189.0,0.0,6.983990884511192,False,Low Value
15923,189,1,127.08,122,127.08,0,21.0,189.0,0.0,3.856250913165441,False,Low Value
15925,10,1,207.15,93,207.15,0,12.0,10.0,0.0,21.719498462258098,False,Low Value
15932,31,4,1273.25,879,318.3125,74,12.75,26.0,1222.62,1142.7622938628306,False,Medium Value
15935,55,1,108.04,114,108.04,0,11.0,55.0,0.0,14.800472977161006,False,Low Value
15938,17,4,335.3,192,83.825,122,3.25,47.0,69.28,26.821013483470864,False,Low Value
15939,12,8,4617.35,3733,577.16875,135,6.625,19.0,1482.66,3466.463967202322,False,High Value
15940,127,1,35.8,4,35.8,0,1.0,127.0,0.0,3.2409502503364056,True,Low Value
15944,93,1,325.1,50,325.1,0,6.0,93.0,0.0,19.416588201286764,False,Low Value
15945,181,1,181.0,52,181.0,0,2.0,181.0,0.0,17.1590641257068,False,Low Value
15950,176,1,428.82,135,428.82,0,28.0,176.0,1315.89,34.495559666513984,True,Low Value
15951,102,1,375.17,174,375.17,0,22.0,102.0,333.05,32.90090189257423,False,Low Value
15952,41,1,232.65,123,232.65,0,14.0,41.0,549.26,21.88201067545682,False,Low Value
15953,28,4,824.04,450,206.01,157,9.5,48.0,833.24,437.15945614096427,False,Medium Value
15955,20,3,1445.6200000000001,590,481.8733333333334,168,17.333333333333332,84.0,2970.64,571.9162885791299,False,Medium Value
15965,183,1,156.19,74,156.19,0,16.0,183.0,652.6800000000001,19.918675503935887,True,Low Value
15967,135,1,161.9,60,161.9,0,32.0,135.0,235.78,33.41528156564349,False,Low Value
15969,2,1,308.7,44,308.7,0,10.0,2.0,357.4,24.2291488767751,True,Low Value
15970,120,1,314.09999999999997,116,314.09999999999997,0,11.0,120.0,0.0,22.946707813587665,False,Low Value
15971,58,4,1081.2,526,270.3,68,2.5,27.0,3113.7,640.9730856938232,False,Medium Value
15973,183,1,307.82,106,307.82,0,4.0,183.0,0.0,32.90850777821322,False,Low Value
15974,0,4,2054.85,1300,513.7125,104,26.25,27.0,1387.3,1265.816512750951,True,Medium Value
15976,36,1,209.99,125,209.99,0,50.0,36.0,217.65,65.14293955414956,True,Low Value
15980,70,1,760.1800000000001,592,760.1800000000001,0,20.0,70.0,1638.68,165.89358085792952,False,Low Value
15981,27,4,1622.1999999999998,856,405.54999999999995,100,8.5,30.0,1786.28,1202.6533579668092,False,Medium Value
15983,177,3,1138.3700000000001,694,379.4566666666667,13,25.666666666666668,6.0,326.75,383.9216564259258,False,Medium Value
15984,49,5,775.33,356,155.066,134,13.0,39.0,2005.3,313.0055194319047,False,Medium Value
15985,53,1,899.58,878,899.58,0,27.0,53.0,242.84,203.34887640634147,False,Low Value
15987,16,4,516.08,1078,129.02,169,3.25,19.0,916.6899999999999,490.20567801308067,False,Medium Value
15990,103,1,401.37,171,401.37,0,23.0,103.0,390.74,32.90090189257423,True,Low Value
15996,80,3,627.17,256,209.05666666666664,102,25.333333333333332,51.0,405.41,85.26142980370645,False,Low Value
15998,79,2,1775.42,1101,887.71,99,134.5,99.0,1304.8,1122.873869547509,False,Medium Value
16003,176,1,1181.0,184,1181.0,0,20.0,176.0,1554.3700000000001,58.767889109406234,False,Low Value
16005,87,1,154.92,72,154.92,0,55.0,87.0,423.79,34.24163164623917,True,Low Value
16006,27,1,101.4,84,101.4,0,8.0,27.0,0.0,12.089969649539862,False,Low Value
16007,31,1,363.96999999999997,418,363.96999999999997,0,77.0,31.0,1329.84,477.63269855502415,False,Medium Value
16008,21,1,139.15,75,139.15,0,6.0,21.0,339.63,17.427453350138563,False,Low Value
16010,62,3,392.40000000000003,202,130.8,116,24.666666666666668,57.5,0.0,59.8016299620618,False,Low Value
16011,0,7,1218.66,801,174.09428571428572,181,14.0,28.0,2134.3,1247.2885360622452,False,Medium Value
16013,0,23,12801.32,4868,556.5791304347825,186,1.5217391304347827,3.0,24329.28,13009.072799004038,True,High Value
16014,107,1,253.63,102,253.63,0,58.0,107.0,393.2,27.66257609968844,False,Low Value
16016,12,4,791.07,300,197.7675,170,28.5,30.0,674.44,336.0437886637203,False,Medium Value
16019,48,6,2489.5,884,414.9166666666667,132,13.166666666666666,22.0,1296.74,1787.3899907072157,False,High Value
16022,76,1,602.63,255,602.63,0,68.0,76.0,0.0,51.35142292917258,False,Low Value
16023,8,2,500.69,227,250.345,74,32.5,74.0,219.12,110.78733619253471,False,Low Value
16027,35,3,516.6700000000001,510,172.22333333333336,83,2.3333333333333335,41.5,417.95000000000005,181.03108456574722,False,Low Value
16029,3,29,28245.51,16905,973.9831034482758,186,3.6551724137931036,5.0,44462.58,17319.560988084002,False,High Value
16030,126,1,331.24,283,331.24,0,28.0,126.0,0.0,18.762963233623665,False,Low Value
16031,63,1,305.63,219,305.63,0,39.0,63.0,242.27,44.14651844877919,False,Low Value
16033,17,11,3265.37,1134,296.85181818181815,169,34.63636363636363,16.0,5513.45,2524.6917425839674,True,High Value
16034,12,3,437.70000000000005,242,145.9,136,7.333333333333333,68.0,0.0,54.35297218791977,False,Low Value
16036,79,1,188.73000000000002,127,188.73000000000002,0,11.0,79.0,570.19,21.03129656948975,True,Low Value
16037,86,3,855.02,428,285.00666666666666,88,13.0,44.0,0.0,233.37121706552534,False,Low Value
16038,18,1,316.95,187,316.95,0,19.0,18.0,154.83,71.27175615057453,False,Low Value
16040,85,1,422.43,285,422.43,0,22.0,85.0,891.12,43.285609500202995,False,Low Value
16042,148,1,24.95,5,24.95,0,2.0,148.0,1152.52,57.71096266192476,False,Low Value
16043,27,3,676.49,342,225.49666666666667,106,10.333333333333334,53.0,97.5,269.6489804726188,False,Low Value
16045,62,2,861.25,545,430.625,44,27.0,44.0,479.45,274.18238118762616,False,Low Value
16048,189,2,256.44,144,128.22,0,4.0,0.0,0.0,19.13786933903025,True,Low Value
16055,37,1,134.8,22,134.8,0,8.0,37.0,0.0,8.529998216817445,False,Low Value
16057,27,3,1059.54,377,353.18,73,20.0,36.5,1203.58,570.033627960664,False,Medium Value
16059,71,3,641.0,267,213.66666666666666,113,31.0,56.0,812.16,217.90941411537383,False,Low Value
16062,57,2,578.18,333,289.09,123,13.0,123.0,575.44,123.74016048531924,False,Low Value
16063,76,1,335.32,262,335.32,0,23.0,76.0,0.0,34.147331292941494,False,Low Value
16065,181,1,367.14,228,367.14,0,71.0,181.0,0.0,27.216287135260146,False,Low Value
16072,104,1,584.3199999999999,140,584.3199999999999,0,23.0,104.0,0.0,26.613301582764606,False,Low Value
16073,113,1,122.4,48,122.4,0,1.0,113.0,0.0,15.698440159512177,False,Low Value
16076,25,1,305.45,137,305.45,0,16.0,25.0,1929.28,71.09276545729608,True,Low Value
16078,100,1,79.2,16,79.2,0,1.0,100.0,0.0,4.751413155303841,False,Low Value
16080,90,1,130.26,66,130.26,0,5.0,90.0,86.9,11.439327042554122,False,Low Value
16081,1,3,992.37,476,330.79,181,20.666666666666668,90.0,1807.05,437.0762148191215,False,Medium Value
16083,177,1,337.98,384,337.98,0,17.0,177.0,979.64,58.61515227565752,False,Low Value
16084,115,1,436.18,216,436.18,0,38.0,115.0,0.0,35.31757281381279,False,Low Value
16085,53,2,325.04,224,162.52,84,28.0,84.0,656.47,113.63966893130069,True,Low Value
16086,16,3,587.0600000000001,248,195.6866666666667,167,7.666666666666667,83.0,534.33,115.33127202664609,False,Low Value
16091,15,1,157.25,83,157.25,0,10.0,15.0,157.81,16.18781193972104,False,Low Value
16092,13,2,593.73,445,296.865,56,18.5,56.0,224.13,201.01442952953647,False,Low Value
16094,35,1,252.1,164,252.1,0,16.0,35.0,826.13,61.264802819239804,False,Low Value
16096,80,1,320.62,155,320.62,0,12.0,80.0,0.0,20.897593315139083,False,Low Value
16097,56,1,185.04999999999998,87,185.04999999999998,0,10.0,56.0,0.0,12.819176414908616,False,Low Value
16098,1,4,1222.22,324,305.555,188,8.5,64.0,783.41,278.83412645355475,False,Low Value
16099,42,1,318.3,206,318.3,0,19.0,42.0,413.6,33.96280311154163,False,Low Value
16103,3,3,805.26,262,268.42,46,9.666666666666666,23.0,624.38,200.08048957028095,False,Low Value
16105,65,1,336.96,330,336.96,0,13.0,65.0,0.0,38.68290816589689,True,Low Value
16109,35,2,611.88,612,305.94,89,9.0,89.0,0.0,279.0061490734842,False,Low Value
16110,78,2,678.1800000000001,342,339.09000000000003,48,94.0,48.0,642.77,345.0080624382555,False,Medium Value
16112,149,2,136.14000000000001,342,68.07000000000001,5,5.0,5.0,59.599999999999994,9.875950578128814,False,Low Value
16115,29,3,506.3,316,168.76666666666668,80,31.666666666666668,39.5,1154.58,250.6705308791089,True,Low Value
16116,28,1,612.78,248,612.78,0,34.0,28.0,0.0,70.10991977101077,False,Low Value
16117,6,1,232.21,130,232.21,0,30.0,6.0,0.0,35.87473824365722,False,Low Value
16121,32,1,285.94,139,285.94,0,60.0,32.0,568.72,91.94694925367634,True,Low Value
16122,149,2,249.84,446,124.92,33,9.5,33.0,434.58,35.631815794401156,False,Low Value
16124,133,1,249.0,48,249.0,0,11.0,133.0,0.0,24.0064830381163,False,Low Value
16125,183,1,289.35,124,289.35,0,13.0,183.0,0.0,29.114301610319103,False,Low Value
16126,0,2,1844.0,538,922.0,112,21.0,112.0,4443.77,344.4278200520228,False,Medium Value
16128,99,1,388.3,174,388.3,0,20.0,99.0,1491.92,32.90090189257423,False,Low Value
16131,23,2,1664.52,792,832.26,32,17.5,32.0,1842.02,360.52086504241134,False,Medium Value
16133,2,12,6791.37,3873,565.9475,132,9.833333333333334,9.0,7797.67,5813.680418808302,False,High Value
16134,175,1,283.53000000000003,158,283.53000000000003,0,16.0,175.0,334.56,34.64906368052033,False,Low Value
16135,79,1,517.55,209,517.55,0,21.0,79.0,0.0,27.718585862933143,True,Low Value
16136,94,1,159.3,66,159.3,0,8.0,94.0,550.08,31.5713704912851,False,Low Value
16139,23,1,139.8,84,139.8,0,6.0,23.0,495.61,16.855037127469686,False,Low Value
16140,187,1,124.14,104,124.14,0,7.0,187.0,601.04,21.74308222070652,False,Low Value
16142,66,1,535.34,422,535.34,0,37.0,66.0,0.0,103.60656998352452,False,Low Value
16143,29,4,1574.17,537,393.5425,156,18.0,51.0,850.77,558.3950812105717,False,Medium Value
16144,63,1,175.2,16,175.2,0,1.0,63.0,0.0,6.451736019940006,False,Low Value
16145,42,4,1316.28,1159,329.07,133,18.75,49.0,2483.21,894.0855044246207,False,Medium Value
16146,20,2,659.13,367,329.565,28,14.0,28.0,75.0,176.55172221829386,False,Low Value
16148,112,1,76.32000000000001,72,76.32000000000001,0,1.0,112.0,0.0,4.9884244052934035,True,Low Value
16150,86,2,964.48,500,482.24,101,27.5,101.0,1088.54,183.69464043122167,False,Low Value
16152,85,1,1829.04,642,1829.04,0,29.0,85.0,0.0,60.142986290838586,False,Low Value
16153,2,3,700.1,408,233.36666666666667,168,12.666666666666666,84.0,1124.13,403.83945632885394,False,Medium Value
16156,22,3,1030.57,428,343.5233333333333,104,15.333333333333334,51.5,2061.4700000000003,408.66183636133985,False,Medium Value
16159,98,1,348.2,236,348.2,0,14.0,98.0,0.0,23.66708634919242,False,Low Value
16161,14,10,2261.06,1077,226.106,170,23.0,12.0,3272.61,2024.3540283183881,False,High Value
16162,68,1,37.4,4,37.4,0,2.0,68.0,0.0,4.844712744094045,False,Low Value
16163,48,2,856.6,192,428.3,132,3.0,132.0,0.0,95.76602838044846,False,Low Value
16168,2,10,1395.31,675,139.531,183,3.7,13.0,2392.29,1002.6937751881173,True,Medium Value
16170,0,3,944.87,666,314.95666666666665,64,19.666666666666668,32.0,940.18,769.1482897295175,True,Medium Value
16172,58,1,199.38,180,199.38,0,16.0,58.0,940.83,38.615757517437864,True,Low Value
16175,21,2,466.98,220,233.49,35,14.0,35.0,570.61,153.06893937050256,False,Low Value
16180,27,4,2745.43,1612,686.3575,42,19.5,18.0,7508.75,1835.2710013728536,False,High Value
16182,20,2,2517.0,1500,1258.5,91,5.0,91.0,4100.65,473.09531913011233,True,Medium Value
16184,27,1,148.22,26,148.22,0,9.0,27.0,1010.57,17.913217619698607,False,Low Value
16185,49,1,335.0,153,335.0,0,19.0,49.0,194.41,32.27919437803037,False,Low Value
16186,5,5,1347.35,1143,269.46999999999997,183,16.0,26.0,2659.59,1098.9556226748214,False,Medium Value
16187,19,7,2564.64,1545,366.3771428571428,81,16.0,6.5,4346.8,1946.1717007386792,True,High Value
16188,43,2,565.77,439,282.885,16,19.5,16.0,416.09000000000003,166.94262340274776,False,Low Value
16191,79,8,2615.68,1612,326.96,97,5.875,10.0,2564.84,1014.4891108056132,False,Medium Value
16193,53,1,314.45,219,314.45,0,19.0,53.0,0.0,41.002034784702985,True,Low Value
16202,177,1,365.27,191,365.27,0,18.0,177.0,0.0,30.88647653780822,True,Low Value
16203,43,2,318.3,142,159.15,144,10.0,144.0,274.6,49.39894936757426,False,Low Value
16206,25,2,288.75,153,144.375,118,20.0,118.0,248.31,70.93450008157907,False,Low Value
16208,105,1,497.59,243,497.59,0,40.0,105.0,166.67000000000002,40.062460881028834,False,Low Value
16209,3,2,568.0600000000001,518,284.03000000000003,59,13.5,59.0,1694.5600000000002,246.02821395962079,False,Low Value
16210,29,8,10583.210000000001,4173,1322.9012500000001,160,7.75,6.0,10493.09,9400.868293608482,False,High Value
16212,99,1,498.15000000000003,151,498.15000000000003,0,30.0,99.0,192.19,31.247569569146883,True,Low Value
16214,69,2,749.67,320,374.835,16,17.5,16.0,313.08000000000004,128.08959921367799,True,Low Value
16216,83,1,914.9300000000001,254,914.9300000000001,0,37.0,83.0,0.0,60.24355681215797,False,Low Value
16217,51,2,304.25,91,152.125,46,7.5,46.0,0.0,20.50925781885904,False,Low Value
16218,23,4,1728.76,1216,432.19,166,13.5,48.0,1355.92,1095.6342810357044,False,Medium Value
16221,92,2,315.37,267,157.685,91,16.0,91.0,545.49,56.00858198985429,False,Low Value
16222,134,1,773.55,325,773.55,0,120.0,134.0,0.0,30.22935887394346,False,Low Value
16224,56,2,543.21,485,271.605,9,22.0,9.0,752.09,180.40551256079212,False,Low Value
16225,93,2,416.61,200,208.305,0,30.5,0.0,679.71,62.023615923769086,False,Low Value
16226,19,3,255.12,192,85.04,32,2.6666666666666665,15.5,0.0,23.290216430319738,False,Low Value
16227,41,1,314.22,90,314.22,0,6.0,41.0,0.0,15.06005421334751,False,Low Value
16229,29,1,358.2,92,358.2,0,12.0,29.0,652.4,41.65303865455871,False,Low Value
16230,6,2,542.03,365,271.015,30,17.5,30.0,0.0,59.24056904106471,False,Low Value
16232,31,2,366.47,231,183.235,0,9.5,0.0,624.41,60.969731514842145,True,Low Value
16233,146,2,326.5,90,163.25,36,4.5,36.0,210.18,23.602834985180806,False,Low Value
16235,3,3,665.29,251,221.76333333333332,145,12.0,72.5,192.02,173.00846100369216,False,Low Value
16239,6,1,347.9,182,347.9,0,15.0,6.0,66.3,48.24543110005472,False,Low Value
16241,29,4,828.5600000000001,368,207.14000000000001,157,45.25,35.0,1761.75,720.5523880185867,False,Medium Value
16242,30,2,392.9,174,196.45,62,21.5,62.0,3186.96,102.18507286795133,False,Low Value
16244,28,2,1522.75,855,761.375,160,45.5,160.0,0.0,48.1857178239296,False,Low Value
16245,73,1,453.98,258,453.98,0,30.0,73.0,959.6800000000001,46.74421835234529,False,Low Value
16249,17,2,1020.53,487,510.265,38,13.5,38.0,779.5400000000001,337.67848167790146,False,Medium Value
16250,77,2,389.44,208,194.72,112,12.0,112.0,0.0,54.15720176962228,False,Low Value
16253,71,1,1700.4,1340,1700.4,0,53.0,71.0,1983.46,149.90926199610968,False,Low Value
16255,62,4,1061.67,643,265.4175,118,27.5,34.0,1558.24,941.0544379881161,False,Medium Value
16256,83,1,752.4300000000001,581,752.4300000000001,0,13.0,83.0,0.0,61.885601168054734,False,Low Value
16258,35,1,1032.46,372,1032.46,0,35.0,35.0,4171.05,267.23538751699476,False,Low Value
16261,62,1,252.52,137,252.52,0,50.0,62.0,476.02,36.38879466403508,False,Low Value
16265,77,5,2825.14,1318,565.028,103,27.8,21.5,2521.86,1461.1115759455754,False,High Value
16266,16,3,371.84,150,123.94666666666666,5,9.666666666666666,2.5,490.05,54.08275724748722,True,Low Value
16270,169,1,1141.24,688,1141.24,0,54.0,169.0,0.0,58.262180316777666,True,Low Value
16271,174,1,133.22,128,133.22,0,16.0,174.0,1256.42,20.286327296056147,False,Low Value
16274,189,1,331.55,151,331.55,0,63.0,189.0,0.0,4.051436295698299,False,Low Value
16275,13,1,559.87,336,559.87,0,33.0,13.0,0.0,64.84870772232601,True,Low Value
16282,156,1,168.3,114,168.3,0,11.0,156.0,0.0,19.891016504062822,True,Low Value
16283,24,1,277.81,160,277.81,0,36.0,24.0,1291.3,113.25299762258845,False,Low Value
16293,24,4,1129.74,513,282.435,159,15.25,62.0,1119.25,709.7085266825333,False,Medium Value
16297,85,1,301.9,206,301.9,0,20.0,85.0,0.0,32.21004476048028,False,Low Value
16298,3,1,114.30000000000001,50,114.30000000000001,0,7.0,3.0,483.90000000000003,19.913029502718544,False,Low Value
16303,149,1,827.1800000000001,418,827.1800000000001,0,35.0,149.0,4533.45,81.26602769640805,False,Low Value
16306,30,6,632.27,487,105.37833333333333,153,6.833333333333333,30.0,0.0,289.002598977287,False,Medium Value
16308,33,2,960.0,3000,480.0,43,1.0,43.0,1600.0,121.6201176645141,False,Low Value
16309,57,1,334.2,304,334.2,0,21.0,57.0,372.37,45.053865688308534,True,Low Value
16315,147,1,226.37,75,226.37,0,14.0,147.0,0.0,18.00450529728308,False,Low Value
16316,23,5,1829.1100000000001,904,365.822,151,18.2,35.0,1109.8,1516.2004904333676,False,High Value
16317,113,1,570.76,382,570.76,0,30.0,113.0,770.89,61.730723715507644,True,Low Value
16319,34,1,404.40000000000003,72,404.40000000000003,0,3.0,34.0,0.0,34.066742225446866,False,Low Value
16320,29,1,852.6800000000001,654,852.6800000000001,0,47.0,29.0,185.78,325.6291333676594,True,Medium Value
16321,121,3,223.65,63,74.55,18,2.6666666666666665,9.0,150.0,7.080511952225464,True,Low Value
16323,12,1,207.50000000000003,50,207.50000000000003,0,1.0,12.0,0.0,4.403986030894312,False,Low Value
16325,62,1,190.82000000000002,62,190.82000000000002,0,5.0,62.0,403.42,20.331048005516866,False,Low Value
16326,31,3,526.28,104,175.42666666666665,120,17.333333333333332,59.5,2512.94,123.32037056733404,False,Low Value
16327,15,4,2439.04,1582,609.76,170,52.25,53.0,1350.63,1483.6252826456794,False,High Value
16332,121,1,122.30000000000001,40,122.30000000000001,0,10.0,121.0,1460.5,7.393233107569845,True,Low Value
16333,8,16,13087.2,22092,817.95,117,2.0625,0.0,13539.6,9285.314698083308,False,High Value
16339,100,1,94.05,21,94.05,0,17.0,100.0,0.0,5.811978187758453,False,Low Value
16341,17,1,797.65,534,797.65,0,29.0,17.0,1174.22,276.4012933505862,False,Low Value
16348,7,3,556.73,283,185.57666666666668,49,33.333333333333336,24.5,856.58,154.95607093904553,False,Low Value
16349,107,1,53.5,9,53.5,0,9.0,107.0,0.0,5.425767893057817,False,Low Value
16350,150,1,376.7,196,376.7,0,22.0,150.0,739.77,24.187981323385035,False,Low Value
16351,149,1,153.9,90,153.9,0,8.0,149.0,0.0,8.80194636468164,False,Low Value
16353,34,11,2155.28,794,195.93454545454549,151,3.5454545454545454,12.0,4520.43,1366.2354914584657,False,High Value
16356,14,3,211.77,93,70.59,79,10.333333333333334,39.0,0.0,11.818155311808303,False,Low Value
16357,30,1,137.9,22,137.9,0,7.0,30.0,520.98,9.348880050751033,False,Low Value
16358,0,1,462.15000000000003,221,462.15000000000003,0,22.0,0.0,1565.3500000000001,61.945550713145856,False,Low Value
16359,30,5,1016.26,657,203.252,117,8.6,28.5,734.66,946.2868101401026,False,Medium Value
16365,69,3,489.35999999999996,239,163.11999999999998,114,3.3333333333333335,56.5,1051.06,123.88197228512007,True,Low Value
16367,179,1,167.09,87,167.09,0,33.0,179.0,633.58,23.308423063356344,False,Low Value
16369,13,1,354.45,199,354.45,0,15.0,13.0,1188.8799999999999,63.27504820282735,False,Low Value
16370,41,1,272.17,167,272.17,0,61.0,41.0,1029.74,62.61632830025346,False,Low Value
16374,78,1,154.2,51,154.2,0,26.0,78.0,304.58,22.81487212572973,False,Low Value
16377,83,1,676.2,1500,676.2,0,5.0,83.0,0.0,68.13904760723271,False,Low Value
16378,63,3,362.95,267,120.98333333333333,63,7.666666666666667,31.0,0.0,52.56074484964886,True,Low Value
16383,84,1,309.46,298,309.46,0,48.0,84.0,334.3,40.0381228190391,False,Low Value
16384,80,1,409.1,200,409.1,0,24.0,80.0,175.4,27.7817973707722,False,Low Value
16385,182,1,147.20000000000002,67,147.20000000000002,0,19.0,182.0,407.66,19.853004757305612,False,Low Value
16386,70,1,61.10000000000001,26,61.10000000000001,0,4.0,70.0,241.47,6.309304341718149,True,Low Value
16387,139,1,94.36,44,94.36,0,4.0,139.0,0.0,4.518188752369906,True,Low Value
16389,21,2,670.1700000000001,307,335.08500000000004,77,8.0,77.0,711.9,202.67634178153543,False,Low Value
16392,86,1,217.89000000000001,201,217.89000000000001,0,41.0,86.0,0.0,37.16366816247017,False,Low Value
16393,1,6,969.54,561,161.59,184,19.166666666666668,30.0,2071.42,959.5088525445011,False,Medium Value
16394,64,2,619.3,768,309.65,41,25.0,41.0,936.04,277.9417593010537,False,Low Value
16395,140,2,450.56,378,225.28,6,30.0,6.0,1031.5,53.768671894758285,False,Low Value
16398,70,1,1169.95,503,1169.95,0,63.0,70.0,535.85,273.8464364374295,False,Low Value
16399,51,1,176.60999999999999,141,176.60999999999999,0,30.0,51.0,229.61,27.56597577273011,False,Low Value
16401,27,5,1661.8899999999999,1593,332.378,117,12.8,32.0,2436.43,1197.2571177994257,False,Medium Value
16402,81,2,293.45,146,146.725,104,28.0,104.0,0.0,41.410067053663155,False,Low Value
16403,128,1,177.5,114,177.5,0,10.0,128.0,0.0,14.371166074645227,False,Low Value
16405,118,2,167.25,187,83.625,7,2.5,7.0,0.0,3.754036164509503,False,Low Value
16407,10,5,789.79,386,157.958,118,12.2,29.0,1289.89,393.9577969975342,False,Medium Value
16409,58,2,803.5600000000001,535,401.78000000000003,75,59.0,75.0,1219.42,244.42813929265498,True,Low Value
16411,185,1,128.55,69,128.55,0,19.0,185.0,83.15,21.100398194615305,False,Low Value
16414,96,1,50.8,16,50.8,0,3.0,96.0,75.45,8.367427444099063,False,Low Value
16418,42,1,145.91,87,145.91,0,18.0,42.0,485.21,11.82789023252757,False,Low Value
16419,91,2,516.93,205,258.465,36,12.0,36.0,441.78,83.26997882509855,False,Low Value
16422,2,28,19292.850000000002,19447,689.0303571428573,183,7.321428571428571,6.0,15391.550000000001,15294.480468199105,False,High Value
16424,7,1,133.56,88,133.56,0,5.0,7.0,0.0,9.555821087298444,False,Low Value
16425,118,1,302.7,199,302.7,0,21.0,118.0,0.0,21.24564793024274,False,Low Value
16426,92,1,328.37,157,328.37,0,11.0,92.0,1535.39,33.15480140261742,False,Low Value
16427,79,2,241.06,156,120.53,21,4.5,21.0,0.0,23.735465777580185,False,Low Value
16431,29,3,623.28,442,207.76,84,21.666666666666668,42.0,0.0,183.67647087082327,True,Low Value
16434,8,3,716.72,385,238.90666666666667,107,13.333333333333334,53.0,795.08,320.9200584052255,False,Medium Value
16440,31,1,272.46,115,272.46,0,35.0,31.0,3368.21,94.94183348409679,True,Low Value
16441,107,1,211.0,110,211.0,0,12.0,107.0,170.2,26.122346757873636,False,Low Value
16442,44,2,432.43,352,216.215,133,49.5,133.0,176.87,132.5754440065988,False,Low Value
16444,11,2,240.08,134,120.04,69,21.5,69.0,414.59,43.01606291062052,False,Low Value
16446,22,1,2.9,2,2.9,0,2.0,22.0,168469.6,18932.10139161851,False,High Value
16448,14,1,182.99,76,182.99,0,19.0,14.0,0.0,19.841065935292118,False,Low Value
16449,14,2,707.69,367,353.845,82,20.0,82.0,0.0,92.57829651926097,False,Low Value
16455,21,5,1133.78,612,226.756,166,11.8,30.5,707.4,1220.1615069584059,False,Medium Value
16456,44,3,1576.42,856,525.4733333333334,145,27.666666666666668,72.0,581.76,619.484235336085,False,Medium Value
16457,34,1,208.36,140,208.36,0,9.0,34.0,0.0,34.81582318288026,False,Low Value
16458,4,7,1305.7,790,186.52857142857144,173,11.714285714285714,24.0,2177.04,1247.2885360622452,False,Medium Value
16462,2,2,68.0,8,34.0,98,1.0,98.0,68.0,9.232620332041922,True,Low Value
16463,20,1,319.37,179,319.37,0,19.0,20.0,1103.03,72.61127536648247,False,Low Value
16466,25,2,321.52000000000004,164,160.76000000000002,83,16.5,83.0,1274.44,149.782174846706,False,Low Value
16469,62,2,268.3,111,134.15,0,31.0,0.0,357.12,84.75661524576215,False,Low Value
16470,9,2,345.66,170,172.83,165,29.5,165.0,407.11,67.29563664661553,True,Low Value
16471,91,1,223.95000000000002,141,223.95000000000002,0,13.0,91.0,0.0,24.566430593533415,False,Low Value
16473,103,2,217.81,146,108.905,49,6.5,49.0,98.3,24.7821969137016,False,Low Value
16475,90,1,310.0,192,310.0,0,20.0,90.0,234.3,32.21004476048028,False,Low Value
16477,30,5,1552.51,870,310.502,157,19.4,38.5,941.95,1073.2950432467617,False,Medium Value
16483,8,1,139.35,44,139.35,0,19.0,8.0,0.0,11.329859137938453,False,Low Value
16484,7,1,285.7,152,285.7,0,18.0,7.0,118.6,37.51420423916775,False,Low Value
16493,101,2,367.8,244,183.9,44,7.0,44.0,983.83,48.044748105610886,True,Low Value
16494,113,1,826.53,675,826.53,0,47.0,113.0,0.0,135.49446639264252,False,Low Value
16495,92,2,246.51,166,123.255,0,16.5,0.0,401.75,42.82220078968131,False,Low Value
16496,24,2,1185.04,784,592.52,109,35.5,109.0,414.48,577.0688194512801,False,Medium Value
16497,19,5,1550.7,789,310.14,130,17.4,32.0,1414.99,1430.1785873255712,False,High Value
16499,176,2,365.45,127,182.725,4,9.5,4.0,0.0,22.793953767484645,False,Low Value
16500,147,1,165.0,1,165.0,0,1.0,147.0,235.86,55.07507513177855,False,Low Value
16503,30,3,1093.39,445,364.46333333333337,146,22.333333333333332,72.5,338.54,423.0683938589549,False,Medium Value
16509,113,1,363.70000000000005,64,363.70000000000005,0,13.0,113.0,0.0,20.164450373716313,False,Low Value
16510,188,1,248.1,92,248.1,0,13.0,188.0,0.0,25.426984759620588,False,Low Value
16511,83,1,328.35,114,328.35,0,53.0,83.0,587.98,31.220139567285592,False,Low Value
16515,63,2,619.34,303,309.67,64,25.0,64.0,1004.8,125.98463329474141,False,Low Value
16517,93,1,162.7,96,162.7,0,17.0,93.0,0.0,30.60758069191457,False,Low Value
16518,100,1,190.7,124,190.7,0,11.0,100.0,293.62,22.499346853981955,False,Low Value
16519,181,1,103.7,24,103.7,0,5.0,181.0,109.28,11.845525952455235,False,Low Value
16520,2,3,1046.57,558,348.8566666666666,179,52.0,89.0,0.0,460.8935588068005,False,Medium Value
16523,16,8,2835.6,1253,354.45,115,13.25,15.0,6582.87,1893.0281399703902,False,High Value
16525,1,16,8187.110000000001,4325,511.69437500000004,181,7.0,8.0,4840.34,7401.542293919154,False,High Value
16529,6,1,455.25,198,455.25,0,30.0,6.0,0.0,62.477041803534924,False,Low Value
16531,110,3,484.83,353,161.60999999999999,66,10.333333333333334,32.5,759.76,151.37842584982724,False,Low Value
16532,155,1,1910.4,480,1910.4,0,1.0,155.0,4838.4,30.87075546143761,False,Low Value
16539,36,3,1053.61,421,351.2033333333333,153,12.666666666666666,76.5,335.2,363.7917503696224,True,Medium Value
16546,107,2,787.15,549,393.575,81,12.5,81.0,0.0,169.3304704830999,False,Low Value
16549,150,1,119.49000000000001,56,119.49000000000001,0,33.0,150.0,3915.41,29.00719838093329,True,Low Value
16550,1,3,1426.33,939,475.4433333333333,182,52.666666666666664,91.0,872.64,685.4827748769245,False,Medium Value
16551,153,1,311.07,281,311.07,0,11.0,153.0,611.05,26.135408293873404,False,Low Value
16552,59,2,379.73,219,189.865,130,8.5,130.0,0.0,49.60214811395762,False,Low Value
16553,21,9,4731.18,3944,525.6866666666667,154,8.555555555555555,13.0,988.64,4281.808833526517,True,High Value
16554,38,2,314.11,129,157.055,109,10.5,109.0,522.99,40.87216473035722,False,Low Value
16556,18,4,1638.82,926,409.705,158,25.75,49.0,1674.97,962.8722855661207,False,Medium Value
16558,9,10,3450.58,2195,345.058,173,20.8,12.0,4887.91,2701.604490215929,False,High Value
16560,174,1,332.18,169,332.18,0,20.0,174.0,509.23,27.317998402973764,False,Low Value
16565,180,1,173.7,46,173.7,0,3.0,180.0,0.0,23.40731952368156,False,Low Value
16566,9,2,280.12,128,140.06,99,3.0,99.0,334.54,25.866635637029017,False,Low Value
16567,10,2,865.6,996,432.8,142,17.5,142.0,0.0,305.43426588034123,False,Medium Value
16570,21,3,1473.23,887,491.07666666666665,106,18.0,53.0,2265.17,657.2307824754702,False,Medium Value
16571,98,1,436.68,378,436.68,0,29.0,98.0,985.01,68.7035801668416,False,Low Value
16572,92,1,342.58,202,342.58,0,21.0,92.0,667.02,31.03575690368639,True,Low Value
16573,106,1,292.63,111,292.63,0,16.0,106.0,370.98,30.299152211678468,False,Low Value
16583,190,1,233.45,111,233.45,0,14.0,190.0,0.0,13.83308677797518,True,Low Value
16584,70,1,611.94,488,611.94,0,14.0,70.0,324.14,81.24422089477802,False,Low Value
16586,65,1,463.95,95,463.95,0,8.0,65.0,0.0,20.779974025226515,True,Low Value
16587,48,1,225.15,71,225.15,0,13.0,48.0,0.0,22.793278144926457,False,Low Value
16592,0,8,1520.98,1156,190.1225,104,10.375,0.0,2592.7000000000003,1102.759814535873,False,Medium Value
16593,6,2,255.5,85,127.75,138,10.0,138.0,74.53,17.17901317618773,False,Low Value
16596,182,1,120.65,47,120.65,0,6.0,182.0,129.5,21.205670913680155,False,Low Value
16598,102,1,145.05,73,145.05,0,10.0,102.0,0.0,10.515494149555114,False,Low Value
16600,69,2,237.46,368,118.73,85,9.0,85.0,576.06,109.46148377606005,True,Low Value
16607,24,7,1717.06,1020,245.2942857142857,151,10.285714285714286,23.5,1630.65,1594.4337560496713,False,High Value
16609,13,3,1987.6200000000001,823,662.5400000000001,55,36.666666666666664,27.5,3505.84,1014.4068254204614,True,Medium Value
16610,35,1,75.66,66,75.66,0,6.0,35.0,0.0,10.420538349472894,False,Low Value
16611,2,1,129.49,47,129.49,0,9.0,2.0,0.0,12.106586912476681,True,Low Value
16612,3,2,708.9,332,354.45,125,21.0,125.0,478.76,158.98879185715862,False,Low Value
16617,52,1,151.85,91,151.85,0,5.0,52.0,0.0,10.327670152281668,True,Low Value
16618,27,4,1441.29,771,360.3225,111,13.5,48.0,1206.3,861.9826227255613,True,Medium Value
16619,80,1,226.21,133,226.21,0,14.0,80.0,0.0,20.705848038165986,True,Low Value
16620,77,1,95.75999999999999,48,95.75999999999999,0,5.0,77.0,83.2,16.739792289015497,False,Low Value
16621,32,2,490.7,142,245.35,61,8.5,61.0,322.78,86.36105522674671,False,Low Value
16623,62,1,129.45000000000002,39,129.45000000000002,0,5.0,62.0,0.0,8.78519910317633,False,Low Value
16624,13,1,426.43,196,426.43,0,21.0,13.0,384.14,68.8395741327738,True,Low Value
16625,91,1,333.08,164,333.08,0,23.0,91.0,0.0,31.03575690368639,True,Low Value
16626,1,2,1391.8799999999999,754,695.9399999999999,81,36.5,81.0,3021.22,508.10636596303755,False,Medium Value
16628,34,2,712.91,354,356.455,16,19.0,16.0,1475.14,182.55190628213234,False,Low Value
16633,50,1,447.52,177,447.52,0,26.0,50.0,2435.58,60.82436823405862,True,Low Value
16634,39,2,217.9,82,108.95,149,4.5,149.0,0.0,18.56312238118448,True,Low Value
16637,42,1,303.62,140,303.62,0,16.0,42.0,850.85,32.17905892689163,False,Low Value
16638,73,6,1211.44,663,201.90666666666667,111,10.166666666666666,20.0,469.28,964.5968830401121,True,Medium Value
16639,23,2,471.15000000000003,159,235.57500000000002,29,10.0,29.0,786.36,114.119742788754,False,Low Value
16642,24,1,307.73,131,307.73,0,15.0,24.0,380.6,63.44221946779932,False,Low Value
16643,62,1,487.51,269,487.51,0,27.0,62.0,0.0,36.33372587039995,False,Low Value
16644,28,1,722.41,751,722.41,0,54.0,28.0,111.37,257.31202029676456,False,Low Value
16647,21,1,127.75,65,127.75,0,9.0,21.0,86.31,21.3190709487392,False,Low Value
16652,29,3,3054.62,1434,1018.2066666666666,60,15.333333333333334,30.0,3719.35,1261.2794373637714,False,Medium Value
16654,3,3,537.25,220,179.08333333333334,180,8.0,90.0,64.02000000000001,87.52198422399137,False,Low Value
16655,2,2,1230.7,512,615.35,145,29.0,145.0,2558.82,480.359779156205,False,Medium Value
16656,9,6,3557.48,3524,592.9133333333333,171,5.166666666666667,34.0,5068.32,2437.007159705557,False,High Value
16657,71,1,215.43,394,215.43,0,65.0,71.0,659.0,114.39129482340321,True,Low Value
16658,184,1,123.24,40,123.24,0,8.0,184.0,0.0,16.918813459668062,True,Low Value
16659,5,1,39.12,72,39.12,0,2.0,5.0,0.0,6.763652599482231,False,Low Value
16660,27,2,384.36,228,192.18,108,2.5,108.0,883.29,81.53973401646873,True,Low Value
16665,178,1,135.4,59,135.4,0,9.0,178.0,0.0,12.883039911833208,False,Low Value
16667,100,1,200.4,77,200.4,0,20.0,100.0,366.78,20.60505434927381,False,Low Value
16668,30,2,122.58,132,61.29,70,4.0,70.0,184.14000000000001,15.579426203946891,False,Low Value
16670,64,5,1948.22,1261,389.644,111,25.0,30.0,2147.68,1171.2489026808141,False,Medium Value
16672,1,10,4154.34,1566,415.434,82,6.6,8.0,3980.6,3085.9271411130408,False,High Value
16676,29,3,1098.5,412,366.1666666666667,124,21.333333333333332,61.5,493.62,384.0719128583025,False,Medium Value
16678,14,5,1266.65,801,253.33,84,13.8,20.5,1843.34,1098.9920026836305,False,Medium Value
16679,182,1,129.75,29,129.75,0,3.0,182.0,0.0,14.818547722101794,False,Low Value
16681,21,3,875.84,734,291.94666666666666,48,8.333333333333334,23.5,894.5,808.630885363136,True,Medium Value
16682,4,1,525.5,514,525.5,0,11.0,4.0,502.5,179.40622862258843,False,Low Value
16684,22,13,25075.94,18629,1928.9184615384615,152,10.076923076923077,1.0,41577.62,20515.58539176471,False,High Value
16686,10,4,1195.63,1011,298.9075,160,63.25,49.0,1764.25,951.8028600643339,False,Medium Value
16690,18,1,86.5,46,86.5,0,5.0,18.0,139.08,23.81603898828026,False,Low Value
16692,72,2,1126.0,151,563.0,32,1.0,32.0,0.0,6.940434000967827,False,Low Value
16693,88,1,153.41,50,153.41,0,21.0,88.0,324.45,15.582415259585321,False,Low Value
16696,19,3,558.9,126,186.29999999999998,44,3.0,22.0,99.0,104.57886317681096,False,Low Value
16697,57,1,112.75,27,112.75,0,20.0,57.0,0.0,12.558367352578076,False,Low Value
16698,43,2,1998.0,840,999.0,26,2.5,26.0,0.0,53.26175748961474,True,Low Value
16700,17,7,2948.23,2307,421.17571428571426,164,26.428571428571427,22.0,2128.32,2637.475994432254,True,High Value
16701,6,6,2198.29,1887,366.38166666666666,171,9.0,33.0,3200.0099999999998,1482.213612923619,False,High Value
16705,24,8,6608.49,3009,826.06125,151,13.25,0.0,7426.5,6046.401823530596,False,High Value
16709,16,4,1984.5900000000001,521,496.14750000000004,82,12.5,36.0,1045.28,961.3186847354206,False,Medium Value
16710,23,6,1628.83,1089,271.47166666666664,161,42.666666666666664,12.0,839.16,1453.848525726991,False,High Value
16711,118,2,598.8,104,299.4,55,1.5,55.0,1052.23,51.77602556835712,True,Low Value
16712,28,4,1198.22,545,299.555,64,43.0,21.0,2405.44,913.5444992227862,False,Medium Value
16713,52,8,2611.63,1114,326.45375,130,27.75,11.0,4299.15,1780.9496159287157,False,High Value
16714,133,2,1114.06,588,557.03,0,38.0,0.0,0.0,44.72348322309832,False,Low Value
16716,83,2,901.2,120,450.6,44,1.0,44.0,0.0,15.913214643201307,False,Low Value
16717,182,1,307.25,75,307.25,0,15.0,182.0,3535.83,30.094133140404022,False,Low Value
16718,185,1,606.0500000000001,407,606.0500000000001,0,41.0,185.0,0.0,29.268603586348,False,Low Value
16719,52,4,975.68,551,243.92,132,26.25,49.0,794.54,538.9085574443991,False,Medium Value
16721,78,1,292.47,172,292.47,0,37.0,78.0,0.0,31.756502785354137,False,Low Value
16722,0,6,2253.46,2124,375.57666666666665,184,17.333333333333332,27.0,2477.35,2212.405130134076,False,High Value
16725,118,6,756.82,287,126.13666666666667,69,23.166666666666668,12.0,0.0,37.30928194661797,True,Low Value
16726,12,4,777.16,512,194.29,164,21.75,66.0,581.58,515.3379992744489,False,Medium Value
16727,180,1,256.32,167,256.32,0,41.0,180.0,0.0,24.617527548876637,False,Low Value
16728,53,2,326.93,210,163.465,27,46.5,27.0,721.35,144.7970747642432,False,Low Value
16729,7,10,3115.42,2352,311.54200000000003,50,25.0,6.0,4086.59,2224.4923856492514,False,High Value
16730,51,2,480.94,750,240.47,84,18.5,84.0,262.17,297.58983283532797,False,Medium Value
16735,56,2,1044.77,648,522.385,94,27.0,94.0,1202.64,369.15898434583846,True,Medium Value
16738,114,1,3.75,3,3.75,0,1.0,114.0,0.0,5.587036549078997,False,Low Value
16743,27,3,1061.75,863,353.9166666666667,147,28.0,73.0,1151.38,646.7500271759567,True,Medium Value
16745,0,10,4109.44,4212,410.94399999999996,128,24.0,10.0,3071.2599999999998,4279.965076700753,False,High Value
16746,10,8,2871.63,1555,358.95375,164,25.625,26.0,3808.48,1751.00990812629,True,High Value
16748,34,3,910.2,492,303.40000000000003,116,11.333333333333334,58.0,605.7,407.22898422258083,True,Medium Value
16750,48,1,118.7,18,118.7,0,10.0,48.0,505.23,6.284061971821018,False,Low Value
16752,189,1,207.5,54,207.5,0,9.0,189.0,0.0,8.19567087040224,False,Low Value
16754,188,1,2002.4,4280,2002.4,0,2.0,188.0,0.0,3.962476780038693,True,Low Value
16755,42,2,908.47,684,454.235,89,41.0,89.0,566.96,409.37455167067145,False,Medium Value
16756,31,1,239.4,106,239.4,0,13.0,31.0,0.0,53.56963947226897,False,Low Value
16757,135,1,106.83000000000001,81,106.83000000000001,0,7.0,135.0,0.0,9.176719483896028,False,Low Value
16763,15,1,611.8499999999999,319,611.8499999999999,0,23.0,15.0,0.0,66.09104422804047,False,Low Value
16765,110,1,34.0,4,34.0,0,1.0,110.0,0.0,3.337006911144276,False,Low Value
16766,89,2,1145.6,536,572.8,0,17.0,0.0,0.0,68.30492861629612,False,Low Value
16767,35,3,2644.02,1976,881.34,97,30.333333333333332,48.5,2931.54,1051.6778205169887,False,Medium Value
16768,88,1,183.25,47,183.25,0,23.0,88.0,294.84,22.08858245272728,False,Low Value
16769,76,1,361.54,80,361.54,0,33.0,76.0,0.0,22.3041826246693,False,Low Value
16770,53,4,649.38,365,162.345,135,24.25,44.0,107.72,291.19997702547647,False,Medium Value
16771,91,3,1639.75,1038,546.5833333333334,62,58.0,31.0,590.86,432.89550625170097,False,Medium Value
16775,22,4,691.8,146,172.95,161,13.0,39.0,999.71,257.9956731669922,False,Low Value
16777,73,1,173.52,48,173.52,0,35.0,73.0,49.1,42.149457727098145,False,Low Value
16778,90,1,93.18,66,93.18,0,5.0,90.0,152.76,10.937231089651348,False,Low Value
16779,35,10,3780.76,2089,378.076,147,14.6,19.0,6830.96,3842.4566394541816,False,High Value
16780,75,1,161.89,99,161.89,0,15.0,75.0,260.35,38.836610853527226,False,Low Value
16781,188,1,311.25,113,311.25,0,17.0,188.0,0.0,25.955220909321753,False,Low Value
16782,20,7,1336.3500000000001,404,190.90714285714287,161,19.285714285714285,29.5,931.6,1016.152678680979,False,Medium Value
16788,70,1,292.82,180,292.82,0,60.0,70.0,299.92,63.67313810471225,False,Low Value
16791,29,4,555.0,263,138.75,118,26.75,49.0,1138.03,221.52210481331414,False,Low Value
16792,98,2,110.38,44,55.19,0,5.5,0.0,0.0,4.689956059645377,True,Low Value
16795,181,1,414.88,239,414.88,0,64.0,181.0,0.0,29.003797851369278,False,Low Value
16801,9,3,1453.38,478,484.46000000000004,80,23.666666666666668,39.5,140.85,529.2794391457261,False,Medium Value
16804,86,1,118.05,34,118.05,0,19.0,86.0,418.94,12.306070620582256,False,Low Value
16805,176,1,214.76999999999998,270,214.76999999999998,0,55.0,176.0,245.82000000000002,23.951325605518363,False,Low Value
16806,36,2,370.68,184,185.34,18,15.5,18.0,365.53,115.3716348433385,False,Low Value
16807,32,2,651.83,479,325.915,55,18.5,55.0,469.76,320.5930085871371,True,Medium Value
16808,90,1,166.5,116,166.5,0,19.0,90.0,121.92,17.459226195631178,True,Low Value
16809,24,2,343.08,276,171.54,53,32.5,53.0,571.61,118.6175206098696,False,Low Value
16810,8,1,309.54,114,309.54,0,15.0,8.0,0.0,41.18407889077115,True,Low Value
16812,177,1,479.35,81,479.35,0,15.0,177.0,0.0,15.056276018711383,True,Low Value
16813,8,2,301.66,207,150.83,12,60.0,12.0,1350.52,190.63808307598018,True,Low Value
16814,9,12,4087.96,1579,340.66333333333336,176,17.75,14.0,2318.84,3387.701473836389,False,High Value
16816,129,2,325.45,191,162.725,44,10.0,44.0,91.61,29.506009649343422,False,Low Value
16817,2,7,1179.43,574,168.49,182,8.571428571428571,22.0,425.32,932.9374263844637,False,Medium Value
16818,8,3,1147.97,651,382.6566666666667,14,23.0,6.5,2201.6,597.7656457875524,False,Medium Value
16823,43,1,358.38,136,358.38,0,34.0,43.0,0.0,23.836260184561063,True,Low Value
16825,2,1,318.7,358,318.7,0,11.0,2.0,456.48,55.36866630779661,False,Low Value
16832,0,3,199.15,33,66.38333333333334,33,4.0,16.5,0.0,8.739914184944457,False,Low Value
16833,76,3,671.29,306,223.76333333333332,74,10.666666666666666,37.0,435.24,325.4169612779642,False,Medium Value
16834,44,1,413.46,358,413.46,0,24.0,44.0,0.0,56.90508502530845,True,Low Value
16835,189,1,81.75,19,81.75,0,5.0,189.0,99.1,7.557347726928896,True,Low Value
16837,14,8,1814.74,707,226.8425,48,10.75,6.0,1356.24,1214.7675960401682,False,Medium Value
16838,13,2,588.85,185,294.425,90,12.5,90.0,0.0,86.00298931171734,False,Low Value
16839,2,14,7043.27,3859,503.09071428571434,183,8.642857142857142,10.0,9551.08,6209.805914861049,True,High Value
16841,1,3,943.1800000000001,778,314.3933333333334,102,18.666666666666668,50.5,926.64,545.1357079445286,False,Medium Value
16842,118,1,520.5699999999999,370,520.5699999999999,0,30.0,118.0,743.62,41.14263786040921,True,Low Value
16843,13,6,3841.9,2138,640.3166666666667,129,17.5,36.0,6354.67,3653.2866413446327,False,High Value
16849,3,1,124.57,33,124.57,0,8.0,3.0,0.0,10.537930956701052,False,Low Value
16850,150,1,332.41,249,332.41,0,19.0,150.0,0.0,24.38283664428435,False,Low Value
16858,185,1,375.69000000000005,91,375.69000000000005,0,9.0,185.0,0.0,23.089537227815306,False,Low Value
16859,77,1,259.84,376,259.84,0,18.0,77.0,487.97,70.39163216610339,False,Low Value
16863,183,1,164.25,105,164.25,0,9.0,183.0,338.55,39.24044508028903,False,Low Value
16871,27,4,2037.82,861,509.455,60,26.5,15.0,774.5200000000001,1328.6501067916092,False,High Value
16872,0,1,388.36,382,388.36,0,3.0,0.0,291.65999999999997,139.86825503422853,False,Low Value
16873,14,3,3233.45,1599,1077.8166666666666,166,40.666666666666664,82.5,3890.17,1074.1989926429217,False,Medium Value
16875,112,3,805.09,391,268.36333333333334,43,15.333333333333334,21.5,1290.44,308.50367600742646,False,Medium Value
16877,24,1,77.75,35,77.75,0,25.0,24.0,768.87,29.111943903074888,False,Low Value
16880,5,1,269.88,168,269.88,0,27.0,5.0,1221.55,45.489956823258915,False,Low Value
16882,55,2,215.70000000000002,102,107.85000000000001,77,7.5,77.0,489.42,31.059195604839168,False,Low Value
16883,3,2,272.48,103,136.24,184,18.5,184.0,0.0,50.77930227370999,False,Low Value
16885,173,1,177.95,35,177.95,0,27.0,173.0,272.46,21.956654887443747,False,Low Value
16889,11,3,1578.67,925,526.2233333333334,142,44.666666666666664,70.5,0.0,603.7508525257724,False,Medium Value
16891,188,1,217.26,86,217.26,0,63.0,188.0,525.17,31.24810488465576,False,Low Value
16892,0,1,102.98,77,102.98,0,20.0,0.0,415.21,22.75524344742598,True,Low Value
16893,183,1,145.93,62,145.93,0,44.0,183.0,0.0,24.406431796397833,True,Low Value
16897,115,2,289.78000000000003,73,144.89000000000001,14,18.5,14.0,0.0,22.5884806801515,False,Low Value
16898,185,1,112.08,94,112.08,0,29.0,185.0,388.95,28.056606906937414,False,Low Value
16899,23,2,347.55,139,173.775,153,20.5,153.0,923.51,83.50002009364653,False,Low Value
16904,41,6,1231.35,545,205.225,142,35.0,35.0,2403.6,1005.0144088982272,True,Medium Value
16905,53,3,822.1800000000001,260,274.06,135,18.333333333333332,67.0,2215.42,208.48320664178192,False,Low Value
16906,3,3,392.99,183,130.99666666666667,61,13.666666666666666,30.0,166.6,77.96397519512554,False,Low Value
16907,50,3,531.11,167,177.03666666666666,130,29.666666666666668,64.5,397.65000000000003,141.71718846765455,False,Low Value
16912,24,5,1145.8600000000001,473,229.17200000000003,115,9.6,16.0,1409.72,923.6137677800004,False,Medium Value
16913,106,1,113.44,82,113.44,0,8.0,106.0,0.0,10.415923309451188,False,Low Value
16915,64,2,166.79,47,83.395,35,13.0,35.0,454.89000000000004,35.789194809875134,True,Low Value
16916,188,1,196.43,102,196.43,0,48.0,188.0,365.98,45.59931277757397,False,Low Value
16917,93,1,391.52,232,391.52,0,9.0,93.0,0.0,28.73698394881058,False,Low Value
16918,133,1,275.78,173,275.78,0,31.0,133.0,793.04,27.656991524760144,False,Low Value
16919,8,9,2055.35,961,228.3722222222222,176,27.666666666666668,8.0,536.9,1210.1757506766273,False,Medium Value
16923,4,11,3684.7400000000002,1654,334.97636363636366,175,25.727272727272727,19.5,3384.34,3193.614818602141,False,High Value
16926,187,1,230.25,35,230.25,0,14.0,187.0,0.0,29.90434256154672,False,Low Value
16927,92,2,341.45,513,170.725,85,2.5,85.0,201.6,109.66723477995373,True,Low Value
16928,6,7,1094.11,773,156.30142857142854,182,11.571428571428571,22.5,1712.64,828.4243293909352,True,Medium Value
16931,11,9,1903.1100000000001,1221,211.45666666666668,174,44.666666666666664,20.5,2651.76,1297.373292954435,False,High Value
16933,55,1,224.73,127,224.73,0,19.0,55.0,338.5,29.653412270563482,False,Low Value
16938,125,1,267.6,120,267.6,0,14.0,125.0,2444.0800000000004,20.133411557549504,False,Low Value
16940,106,1,757.68,549,757.68,0,82.0,106.0,2292.2,334.9118114249474,False,Medium Value
16942,5,4,898.54,346,224.635,38,28.75,8.0,1006.45,224.8896940117499,True,Low Value
16943,28,3,816.73,145,272.24333333333334,106,11.0,53.0,0.0,121.00712633633115,False,Low Value
16945,18,8,1773.68,1119,221.71,156,13.875,20.0,2571.82,1585.664220354803,False,High Value
16947,52,1,406.48,312,406.48,0,21.0,52.0,0.0,52.774522092316154,False,Low Value
16948,78,2,240.54,246,120.27,63,5.0,63.0,194.48,30.73838045052158,False,Low Value
16949,2,4,893.75,386,223.4375,130,8.0,36.0,392.52,693.9492847996538,False,Medium Value
16950,183,1,172.0,32,172.0,0,3.0,183.0,1006.56,18.213546083945342,False,Low Value
16951,120,1,1053.79,1066,1053.79,0,70.0,120.0,223.96,133.19949506935055,False,Low Value
16954,71,3,941.48,590,313.82666666666665,105,10.666666666666666,52.0,1143.6,404.3359456198372,False,Medium Value
16955,1,4,518.67,266,129.6675,188,6.25,32.0,0.0,79.2529156095218,False,Low Value
16957,55,2,416.64,172,208.32,42,8.0,42.0,0.0,38.185165361857,False,Low Value
16960,69,1,199.58,92,199.58,0,44.0,69.0,305.52,32.369103085934654,False,Low Value
16963,3,1,110.55000000000001,35,110.55000000000001,0,7.0,3.0,0.0,10.192955985015434,False,Low Value
16965,43,1,192.07,243,192.07,0,25.0,43.0,0.0,20.933610990557344,False,Low Value
16966,14,3,1154.4,1176,384.8,42,6.666666666666667,21.0,1000.5699999999999,980.3363340719504,False,Medium Value
16967,5,1,319.02,333,319.02,0,21.0,5.0,0.0,47.809801819523194,True,Low Value
16969,8,1,397.36,388,397.36,0,27.0,8.0,253.04999999999998,157.8960453579698,False,Low Value
16976,83,1,251.51999999999998,88,251.51999999999998,0,2.0,83.0,0.0,15.321390820086176,False,Low Value
16979,114,1,347.15,93,347.15,0,11.0,114.0,1504.8500000000001,17.915708144019305,True,Low Value
16980,71,2,1028.46,739,514.23,36,38.0,36.0,0.0,361.7358576358658,False,Medium Value
16983,87,3,622.34,448,207.4466666666667,98,13.666666666666666,48.5,1283.53,123.19965253531629,True,Low Value
16985,28,6,2915.36,1081,485.8933333333334,146,11.0,44.0,2548.7599999999998,1496.8206629693846,False,High Value
16987,21,1,213.05,47,213.05,0,22.0,21.0,1403.75,69.22219060771461,False,Low Value
16990,35,1,179.0,100,179.0,0,1.0,35.0,0.0,5.415534059161843,True,Low Value
16992,16,2,671.15,356,335.575,84,20.5,84.0,943.16,208.0438102137284,False,Low Value
16996,61,4,700.88,256,175.22,107,4.75,23.0,756.08,205.4941723062247,False,Low Value
16997,104,3,702.0,360,234.0,37,4.0,18.5,0.0,174.3577374563636,False,Low Value
16998,20,3,287.1,74,95.7,99,1.0,49.5,7.9,13.852226363303679,False,Low Value
17001,24,5,1801.94,964,360.38800000000003,150,15.6,37.5,2187.63,1501.086425686237,False,High Value
17002,32,2,993.52,422,496.76,74,15.0,74.0,500.21000000000004,298.6243139721681,False,Medium Value
17007,18,4,462.73,287,115.6825,155,6.5,13.0,427.2,97.00417334058585,True,Low Value
17015,1,1,520.55,546,520.55,0,116.0,1.0,1318.06,690.8789789879856,False,Medium Value
17017,21,11,4493.82,3521,408.5290909090909,168,13.454545454545455,4.5,4200.44,4800.6874925532675,False,High Value
17018,142,1,405.0,60,405.0,0,6.0,142.0,515.1,19.123361419648013,False,Low Value
17019,78,3,995.93,658,331.97666666666663,106,52.0,52.5,262.15,385.4076009532646,False,Medium Value
17025,189,2,160.97,139,80.485,0,2.5,0.0,196.8,10.764398447973058,False,Low Value
17026,1,2,154.83,97,77.415,184,2.0,184.0,0.0,7.6900837924449,True,Low Value
17027,99,3,433.23,190,144.41,33,25.666666666666668,16.0,444.33,123.40934524517449,False,Low Value
17029,53,1,358.0,200,358.0,0,1.0,53.0,358.0,29.098872547278464,True,Low Value
17033,30,2,608.1,190,304.05,145,7.0,145.0,422.04,101.27649097784125,False,Low Value
17034,104,1,141.79999999999998,98,141.79999999999998,0,6.0,104.0,603.72,14.29912656836209,False,Low Value
17035,62,2,433.53000000000003,229,216.76500000000001,65,14.0,65.0,0.0,78.38063155486032,False,Low Value
17041,177,1,304.5,190,304.5,0,17.0,177.0,766.99,30.564888591250003,False,Low Value
17042,13,2,487.59,445,243.795,50,27.5,50.0,548.99,197.3833088617211,True,Low Value
17043,82,1,174.6,162,174.6,0,12.0,82.0,1560.58,20.57578686893171,False,Low Value
17045,64,1,39.95,1,39.95,0,1.0,64.0,299.49,55.97873470565016,False,Low Value
17047,21,2,749.4300000000001,352,374.71500000000003,0,21.5,0.0,351.47,164.7315385283524,False,Low Value
17048,99,2,760.4000000000001,424,380.20000000000005,48,19.0,48.0,164.95000000000002,170.47174113781264,False,Low Value
17049,31,3,1581.8,616,527.2666666666667,61,24.333333333333332,30.5,4073.23,808.5271853402728,False,Medium Value
17050,3,5,2617.39,1334,523.478,112,54.6,20.5,568.25,1485.4746143825166,False,High Value
17051,10,1,240.89,179,240.89,0,40.0,10.0,0.0,51.48185870510549,False,Low Value
17054,23,3,918.82,544,306.27333333333337,37,18.0,18.5,437.51,534.184591060645,False,Medium Value
17058,15,2,819.66,455,409.83,40,24.5,40.0,360.23,389.0117120193455,False,Medium Value
17059,13,3,1497.67,840,499.22333333333336,172,79.0,85.5,1582.72,1602.2596323686705,True,High Value
17060,82,1,234.24,216,234.24,0,5.0,82.0,0.0,23.20472651384636,False,Low Value
17061,9,7,3250.23,1050,464.31857142857143,39,7.285714285714286,6.0,1982.0,855.9665317378415,False,Medium Value
17062,130,4,528.29,406,132.0725,55,17.0,6.0,0.0,15.781086847395308,False,Low Value
17063,105,2,319.37,185,159.685,0,10.0,0.0,1141.77,34.39178168327404,True,Low Value
17064,143,1,143.95,72,143.95,0,21.0,143.0,711.5,13.71513012624502,False,Low Value
17068,5,11,2642.6,1156,240.23636363636362,179,14.454545454545455,16.0,1903.29,2040.751260944563,True,High Value
17069,43,4,1073.07,467,268.2675,146,13.75,18.0,1636.63,637.1547166941937,True,Medium Value
17071,4,4,1044.02,502,261.005,122,17.5,51.0,1385.01,523.5195583329225,False,Medium Value
17075,69,3,696.07,241,232.02333333333334,64,20.666666666666668,31.5,138.05,255.44368920834762,False,Low Value
17076,90,2,334.2,112,167.1,90,7.0,90.0,506.88,36.24647988648724,False,Low Value
17080,86,1,76.32000000000001,72,76.32000000000001,0,1.0,86.0,211.3,4.9884244052934035,False,Low Value
17082,134,1,636.9399999999999,316,636.9399999999999,0,24.0,134.0,1366.91,44.688900937620616,False,Low Value
17083,112,2,996.02,562,498.01,8,17.0,8.0,409.76,157.18195495309374,False,Low Value
17085,67,4,1214.65,628,303.6625,111,35.25,48.0,347.75,746.3993403382837,False,Medium Value
17088,70,1,1015.83,355,1015.83,0,55.0,70.0,975.1800000000001,108.54047538043143,True,Low Value
17090,44,3,649.05,313,216.35,126,5.666666666666667,63.0,1325.6000000000001,244.8013508173411,False,Low Value
17091,2,5,1994.41,1013,398.882,182,22.2,48.5,1833.3500000000001,1001.7198008868962,False,Medium Value
17092,93,1,134.9,109,134.9,0,10.0,93.0,1639.13,13.95764319373708,False,Low Value
17094,138,1,302.0,152,302.0,0,14.0,138.0,0.0,25.174770389544037,False,Low Value
17095,115,2,543.96,234,271.98,35,17.0,35.0,780.2,61.06039917430488,True,Low Value
17096,78,1,133.49,115,133.49,0,9.0,78.0,888.64,11.450799869318152,False,Low Value
17097,140,2,287.64,115,143.82,40,31.5,40.0,666.78,67.60303943160493,False,Low Value
17102,78,1,25.5,2,25.5,0,1.0,78.0,0.0,6.554603572207077,False,Low Value
17105,122,1,319.4,359,319.4,0,38.0,122.0,346.38,28.934106985321687,False,Low Value
17107,25,2,4117.36,1850,2058.68,69,83.0,69.0,6680.12,3827.0850242542565,True,High Value
17109,48,2,464.59000000000003,248,232.29500000000002,0,26.0,0.0,416.7,96.32694107654626,True,Low Value
17114,24,4,444.44,129,111.11,126,17.25,40.0,356.68,126.78154699216383,False,Low Value
17115,49,1,310.02,166,310.02,0,18.0,49.0,527.48,42.54164190422872,False,Low Value
17117,104,1,116.2,68,116.2,0,9.0,104.0,0.0,11.150835312328029,False,Low Value
17118,134,1,157.02,154,157.02,0,10.0,134.0,0.0,11.889459983976938,False,Low Value
17120,49,1,307.46,120,307.46,0,18.0,49.0,0.0,30.241341188336218,True,Low Value
17124,1,1,294.24,129,294.24,0,31.0,1.0,0.0,47.76319714877494,False,Low Value
17126,116,2,501.67,262,250.835,63,53.5,63.0,487.78,82.55976175547582,False,Low Value
17128,151,1,157.09,76,157.09,0,14.0,151.0,0.0,12.326261394116425,False,Low Value
17133,6,3,2478.79,1125,826.2633333333333,76,4.666666666666667,37.5,2413.4500000000003,1270.615624478215,True,Medium Value
17134,81,1,318.7,76,318.7,0,19.0,81.0,94.5,17.141188743890044,True,Low Value
17135,106,2,500.55,420,250.275,82,10.5,82.0,639.18,113.33349131917565,False,Low Value
17138,92,1,380.5,126,380.5,0,24.0,92.0,0.0,26.674080286764585,False,Low Value
17139,27,4,4705.9,1977,1176.475,78,51.75,29.0,5944.87,3793.1614589076403,False,High Value
17140,63,1,454.12,296,454.12,0,16.0,63.0,0.0,35.31304403322342,False,Low Value
17142,55,1,579.0,81,579.0,0,15.0,55.0,0.0,17.082835572308113,False,Low Value
17146,79,2,563.88,208,281.94,95,16.5,95.0,185.9,81.0181590071034,False,Low Value
17147,23,2,973.11,517,486.555,105,23.0,105.0,741.48,320.1532929039878,False,Medium Value
17152,11,3,1689.5,517,563.1666666666666,68,4.666666666666667,34.0,0.0,488.5840540159236,True,Medium Value
17158,49,2,698.55,461,349.275,127,19.5,127.0,568.42,308.10925797569803,True,Medium Value
17160,41,2,1205.07,951,602.535,16,40.0,16.0,2312.96,435.2415682436531,True,Medium Value
17162,7,8,1165.28,689,145.66,114,9.0,0.0,550.1800000000001,717.271909047831,True,Medium Value
17164,29,2,943.22,602,471.61,60,28.5,60.0,1524.13,400.18504985184876,True,Medium Value
17165,100,1,158.68,100,158.68,0,10.0,100.0,0.0,10.342232407045357,False,Low Value
17166,20,1,127.59,57,127.59,0,10.0,20.0,78.75,21.05764611604463,False,Low Value
17171,105,1,224.91,185,224.91,0,16.0,105.0,0.0,32.020493181576626,False,Low Value
17174,34,1,59.9,41,59.9,0,4.0,34.0,0.0,7.705058579049117,False,Low Value
17175,112,1,519.08,332,519.08,0,27.0,112.0,924.61,41.25741443972965,False,Low Value
17176,18,1,306.13,170,306.13,0,15.0,18.0,0.0,76.37537331870661,True,Low Value
17179,48,2,488.31,208,244.155,129,29.5,129.0,223.48000000000002,119.49233083582689,False,Low Value
17180,57,3,552.8,516,184.26666666666665,74,31.333333333333332,37.0,231.17,333.5110750454915,True,Medium Value
17181,190,1,155.52,216,155.52,0,2.0,190.0,84.39999999999999,17.012430611045964,False,Low Value
17187,43,1,203.95,144,203.95,0,10.0,43.0,0.0,13.896384236200026,True,Low Value
17188,132,3,1424.44,710,474.81333333333333,46,12.0,23.0,1049.79,175.3923450647761,True,Low Value
17189,175,1,226.57,102,226.57,0,36.0,175.0,157.18,36.371018564456115,True,Low Value
17190,23,1,195.0,1,195.0,0,1.0,23.0,249.74,35.98920299841126,False,Low Value
17191,8,5,1175.7,639,235.14000000000001,176,28.6,43.5,917.98,724.9950167461252,False,Medium Value
17194,177,1,226.78,112,226.78,0,25.0,177.0,0.0,30.93238821297853,True,Low Value
17198,181,2,521.66,242,260.83,5,38.0,5.0,170.56,84.8218994958974,False,Low Value
17204,57,2,1250.16,508,625.08,22,21.5,22.0,314.4,255.53112729999788,False,Low Value
17211,49,5,1253.94,745,250.788,136,24.8,20.0,1063.28,1136.0215382874887,False,Medium Value
17212,69,1,226.85,147,226.85,0,4.0,69.0,0.0,24.21064548861766,False,Low Value
17213,132,3,936.95,323,312.31666666666666,50,16.333333333333332,24.5,1844.28,104.3077458648976,False,Low Value
17214,65,4,611.97,177,152.9925,110,16.5,43.0,447.15000000000003,80.84067204988672,False,Low Value
17217,50,1,113.5,24,113.5,0,9.0,50.0,0.0,6.066274304178078,False,Low Value
17218,30,5,943.58,394,188.716,154,27.0,13.5,1008.39,666.5381779831628,False,Medium Value
17220,22,5,1462.83,695,292.566,157,36.8,49.5,1724.72,1035.1702823962942,False,Medium Value
17223,126,2,381.89,109,190.945,58,23.0,58.0,0.0,36.16866929235183,False,Low Value
17226,125,1,393.49,406,393.49,0,21.0,125.0,0.0,38.50637020338875,True,Low Value
17227,73,2,366.15,192,183.075,111,8.0,111.0,573.17,49.60214811395762,False,Low Value
17228,24,4,687.58,611,171.895,164,20.5,56.0,1218.51,853.3763818261522,False,Medium Value
17230,80,8,3638.41,1651,454.80125,95,8.625,0.0,0.0,151.27836273429457,False,Low Value
17231,6,6,1704.75,904,284.125,171,47.0,35.0,1419.97,1268.2392616365946,False,Medium Value
17235,188,1,341.9,126,341.9,0,10.0,188.0,208.16,33.70102234265939,False,Low Value
17236,58,4,563.82,317,140.955,120,13.25,44.0,352.31,128.06538550460823,False,Low Value
17238,1,9,1531.84,671,170.20444444444445,186,27.444444444444443,20.0,2187.26,1221.1022902707239,True,Medium Value
17239,129,1,382.5,150,382.5,0,15.0,129.0,0.0,22.885239195399322,False,Low Value
17243,53,11,2776.5,1051,252.4090909090909,133,12.545454545454545,14.0,5755.15,1906.471132836982,False,High Value
17245,21,1,171.45,75,171.45,0,9.0,21.0,0.0,25.04455480398928,False,Low Value
17250,77,1,162.65,70,162.65,0,23.0,77.0,219.32,27.377561054800513,False,Low Value
17251,179,1,269.83,108,269.83,0,37.0,179.0,0.0,27.830689534027588,False,Low Value
17252,2,1,337.01,190,337.01,0,85.0,2.0,11.9,40.83695462844568,True,Low Value
17255,115,1,108.25999999999999,73,108.25999999999999,0,36.0,115.0,183.22,25.86644360506529,False,Low Value
17256,128,1,127.89999999999999,68,127.89999999999999,0,9.0,128.0,112.10000000000001,8.956996107944377,False,Low Value
17259,184,1,367.95,256,367.95,0,74.0,184.0,213.28,32.528362975065,False,Low Value
17262,43,4,955.3600000000001,327,238.84000000000003,139,2.5,34.0,298.0,247.55640316774495,False,Low Value
17263,24,1,63.44,36,63.44,0,23.0,24.0,0.0,17.520972414013045,False,Low Value
17268,60,2,276.48,384,138.24,1,1.0,1.0,487.15999999999997,31.303947793186744,False,Low Value
17272,15,2,1409.44,1161,704.72,63,39.5,63.0,739.19,513.0108117874917,False,Medium Value
17277,44,2,1065.3500000000001,430,532.6750000000001,95,34.5,95.0,0.0,252.60254336640364,True,Low Value
17278,57,1,246.04000000000002,179,246.04000000000002,0,15.0,57.0,0.0,40.015904576847575,False,Low Value
17282,116,1,723.9,606,723.9,0,78.0,116.0,961.5600000000001,350.92611961507487,False,Medium Value
17284,52,2,923.35,771,461.675,100,85.5,100.0,724.13,1074.6121315994517,False,Medium Value
17287,22,4,500.34,240,125.085,166,11.5,46.0,548.72,115.65959335319863,False,Low Value
17288,23,5,663.7,662,132.74,151,5.2,36.5,753.93,839.084541204326,True,Medium Value
17291,124,1,550.8000000000001,72,550.8000000000001,0,1.0,124.0,0.0,7.804036571962762,False,Low Value
17293,124,2,469.35,303,234.675,53,12.5,53.0,1384.71,44.81403405295026,False,Low Value
17302,25,2,303.12,190,151.56,97,17.5,97.0,832.51,86.91635313848847,False,Low Value
17303,177,1,250.04,144,250.04,0,53.0,177.0,0.0,30.942115350492887,True,Low Value
17306,20,8,3195.66,5006,399.4575,149,3.0,20.0,5435.65,2496.4688559539804,False,High Value
17311,133,1,556.46,410,556.46,0,24.0,133.0,828.39,40.77393621774961,False,Low Value
17314,73,3,787.0,380,262.3333333333333,55,11.0,27.0,1740.92,452.93493456623423,False,Medium Value
17315,8,20,2891.37,1837,144.5685,165,11.15,8.0,3349.78,2198.1697922556946,True,High Value
17320,52,2,910.1,466,455.05,131,24.0,131.0,290.52,291.6842613224244,False,Medium Value
17323,31,2,287.67,242,143.835,77,33.0,77.0,615.45,149.42947345567651,False,Low Value
17324,148,2,702.23,606,351.115,34,8.5,34.0,284.25,100.85664175013791,False,Low Value
17325,96,1,96.8,60,96.8,0,6.0,96.0,0.0,10.937231089651348,False,Low Value
17329,131,1,243.36,67,243.36,0,16.0,131.0,279.75,21.108940468305118,False,Low Value
17334,118,2,307.02000000000004,315,153.51000000000002,6,5.5,6.0,0.0,11.39290694454422,False,Low Value
17337,27,3,1946.66,1221,648.8866666666667,99,167.0,49.0,32.95,116.11285085944515,False,Low Value
17338,21,5,3620.85,1589,724.17,156,70.2,35.0,2863.9,2873.34309236277,False,High Value
17339,181,1,60.0,16,60.0,0,4.0,181.0,183.36,7.390215178710342,False,Low Value
17340,9,4,5802.81,3198,1450.7025,173,47.5,50.0,6550.4800000000005,3898.9155437408813,False,High Value
17341,183,1,416.61,246,416.61,0,127.0,183.0,265.68,39.18639304168866,True,Low Value
17343,171,1,193.64000000000001,56,193.64000000000001,0,17.0,171.0,0.0,22.856996060254097,False,Low Value
17345,13,2,125.38,61,62.69,0,10.5,0.0,394.31,11.976882671133998,False,Low Value
17346,3,6,929.84,651,154.97333333333333,185,29.166666666666668,33.0,1693.04,1643.8961958600853,False,High Value
17348,114,1,160.15,199,160.15,0,36.0,114.0,996.45,75.45262424659829,False,Low Value
17351,89,1,198.6,28,198.6,0,3.0,89.0,388.55,14.79512598694359,False,Low Value
17356,128,1,178.22,166,178.22,0,19.0,128.0,0.0,16.439834092236445,False,Low Value
17358,119,2,360.81,190,180.405,52,28.5,52.0,0.0,31.082912232656867,False,Low Value
17360,0,1,320.9,164,320.9,0,53.0,0.0,247.34,65.31991800267201,False,Low Value
17361,2,2,263.92,63,131.96,105,8.0,105.0,224.28,20.81339195149109,False,Low Value
17362,55,2,312.23,191,156.115,70,17.5,70.0,0.0,62.63503684573545,False,Low Value
17364,21,5,2085.45,1240,417.09,126,37.8,35.5,2377.23,1549.4171737858383,True,High Value
17365,16,4,1892.99,2004,473.2475,132,49.5,54.0,2869.33,1337.5296435424757,False,High Value
17367,54,1,167.55,149,167.55,0,33.0,54.0,0.0,27.642070576285704,True,Low Value
17368,75,3,888.92,1081,296.3066666666667,78,14.0,38.5,989.95,743.4019581922971,True,Medium Value
17371,177,1,92.14,39,92.14,0,7.0,177.0,326.26,20.26501238090015,False,Low Value
17372,59,4,741.0500000000001,414,185.26250000000002,119,35.0,43.0,596.13,474.97237340579943,False,Medium Value
17373,129,1,145.25,89,145.25,0,17.0,129.0,501.67,12.04353400591544,False,Low Value
17374,35,2,495.77,85,247.885,62,14.0,62.0,0.0,41.25326803057944,False,Low Value
17375,15,3,400.1,367,133.36666666666667,162,23.0,80.5,0.0,60.74305644819221,False,Low Value
17376,127,1,105.85,35,105.85,0,13.0,127.0,97.35,10.006349019932435,True,Low Value
17377,72,7,1597.6200000000001,663,228.23142857142858,117,15.285714285714286,13.5,2460.7,1029.0394582260913,True,Medium Value
17381,20,16,13818.13,16515,863.633125,168,4.6875,7.0,6457.48,12745.747560716092,True,High Value
17384,35,1,227.64999999999998,43,227.64999999999998,0,3.0,35.0,108.75,22.343197858713644,True,Low Value
17388,27,2,763.2,720,381.6,76,1.0,76.0,496.36000000000007,214.57603827754173,False,Low Value
17389,1,14,5127.54,1268,366.2528571428571,145,4.857142857142857,7.0,26706.14,4664.680768141741,False,High Value
17392,123,2,411.27,275,205.635,51,26.5,51.0,0.0,31.979956081074704,False,Low Value
17394,35,1,203.86999999999998,241,203.86999999999998,0,4.0,35.0,0.0,40.56245253441362,True,Low Value
17396,188,1,397.5,106,397.5,0,3.0,188.0,6915.3,41.82965445630825,False,Low Value
17398,27,2,528.45,259,264.225,44,15.5,44.0,124.92999999999999,160.20576881505855,True,Low Value
17400,26,4,1306.6200000000001,601,326.65500000000003,143,26.5,43.0,791.22,651.0254870477337,False,Medium Value
17402,49,4,784.37,174,196.0925,136,7.5,39.0,1814.48,211.28378466317335,False,Low Value
17404,28,6,13853.62,14852,2308.936666666667,148,15.166666666666666,40.0,17928.2,14347.929613218184,False,High Value
17406,149,3,2184.42,780,728.14,33,35.333333333333336,16.5,0.0,74.9548417645269,False,Low Value
17409,1,2,771.85,105,385.925,63,6.5,63.0,0.0,77.603259794043,False,Low Value
17410,31,1,302.4,100,302.4,0,15.0,31.0,912.32,65.26868347555722,False,Low Value
17411,77,1,285.58,126,285.58,0,16.0,77.0,493.36,31.86357296594162,False,Low Value
17412,12,4,709.82,358,177.455,175,8.75,54.0,548.24,183.43816218915708,False,Low Value
17414,1,1,598.0,1380,598.0,0,5.0,1.0,180.0,140.31967306524677,True,Low Value
17416,13,3,3448.01,2023,1149.3366666666668,84,42.333333333333336,41.5,3445.41,861.5576569150326,False,Medium Value
17418,140,1,167.39000000000001,139,167.39000000000001,0,12.0,140.0,296.07,17.899263611511856,False,Low Value
17419,66,7,2045.8,972,292.25714285714287,117,14.571428571428571,17.0,2180.77,1209.1724227501304,False,Medium Value
17420,190,1,130.85,53,130.85,0,7.0,190.0,467.98,15.468505951594505,False,Low Value
17422,37,2,628.07,347,314.035,75,17.0,75.0,1351.3,154.539911351619,False,Low Value
17423,34,1,449.42,314,449.42,0,11.0,34.0,248.99,91.61163224963286,False,Low Value
17426,98,1,1193.88,546,1193.88,0,66.0,98.0,3843.38,165.1858808792298,False,Low Value
17428,29,13,7288.82,4770,560.6784615384615,156,13.0,12.5,9968.03,5192.942584629581,False,High Value
17429,1,2,376.14,334,188.07,33,14.0,33.0,148.78,91.93291195606673,False,Low Value
17430,181,1,112.6,60,112.6,0,5.0,181.0,153.16,17.74442305033775,False,Low Value
17431,129,1,403.3,292,403.3,0,41.0,129.0,0.0,19.872023542668355,False,Low Value
17436,43,1,122.4,48,122.4,0,4.0,43.0,93.9,10.21804109214631,False,Low Value
17438,70,1,388.45,103,388.45,0,17.0,70.0,0.0,30.463092555277445,False,Low Value
17440,64,2,124.62,162,62.31,0,1.5,0.0,61.800000000000004,17.972604682073126,False,Low Value
17442,37,2,814.83,532,407.415,69,25.0,69.0,1433.73,315.5690729381362,False,Medium Value
17443,36,1,534.24,504,534.24,0,1.0,36.0,0.0,23.86332956884036,True,Low Value
17446,126,1,68.1,102,68.1,0,5.0,126.0,52.8,6.311697072743016,False,Low Value
17449,50,3,1319.69,605,439.8966666666667,125,55.666666666666664,62.0,1196.52,502.3298887545677,True,Medium Value
17450,9,14,55760.26,19928,3982.8757142857144,175,8.5,4.0,138630.53,58932.040471263805,False,High Value
17454,8,4,517.53,243,129.3825,167,15.25,60.0,0.0,93.71731509257006,False,Low Value
17455,20,1,131.7,66,131.7,0,8.0,20.0,0.0,19.792920904031092,True,Low Value
17456,181,1,249.86,222,249.86,0,17.0,181.0,0.0,27.820051170997374,False,Low Value
17457,21,4,1397.6399999999999,672,349.40999999999997,134,2.75,47.0,340.05999999999995,912.6716722607414,False,Medium Value
17460,42,5,462.58000000000004,177,92.516,147,4.4,46.0,159.85000000000002,62.410992567203756,False,Low Value
17462,100,1,463.40999999999997,155,463.40999999999997,0,14.0,100.0,212.28,26.233980927821094,False,Low Value
17463,50,2,925.71,519,462.855,79,50.5,79.0,950.15,277.5705226686795,False,Low Value
17469,21,1,305.36,130,305.36,0,14.0,21.0,1565.6100000000001,66.38641546133663,True,Low Value
17470,34,3,623.11,883,207.70333333333335,150,14.0,74.5,501.96,399.85725612613567,True,Medium Value
17472,7,3,697.54,455,232.51333333333332,108,56.333333333333336,53.5,0.0,284.0547272678934,False,Medium Value
17486,77,1,396.87,191,396.87,0,24.0,77.0,0.0,36.193634398277744,True,Low Value
17489,29,1,208.56,232,208.56,0,16.0,29.0,168.07999999999998,62.55953957018656,False,Low Value
17491,0,4,1324.86,921,331.215,183,9.5,64.0,2234.01,885.0758588819062,True,Medium Value
17492,64,1,374.57,155,374.57,0,12.0,64.0,0.0,28.58622683674086,True,Low Value
17496,175,1,271.05,79,271.05,0,10.0,175.0,0.0,20.2439420188446,True,Low Value
17499,106,1,622.88,711,622.88,0,40.0,106.0,0.0,72.74044323654202,False,Low Value
17501,37,2,288.6,160,144.3,0,9.0,0.0,0.0,32.86021411866854,False,Low Value
17504,22,9,2997.03,1664,333.00333333333333,116,14.11111111111111,5.5,0.0,1897.136968801644,False,High Value
17505,22,1,486.99,269,486.99,0,26.0,22.0,658.85,76.06057268789502,False,Low Value
17507,78,2,605.58,359,302.79,47,43.5,47.0,0.0,95.82622965375461,True,Low Value
17508,97,1,387.31,289,387.31,0,22.0,97.0,0.0,32.90090189257423,False,Low Value
17511,22,15,35750.4,24836,2383.36,167,26.333333333333332,11.0,55311.98,28452.091745682348,False,High Value
17512,16,6,1302.42,1242,217.07000000000002,101,7.833333333333333,18.0,1622.5700000000002,1254.7638755932824,False,Medium Value
17515,22,3,571.37,220,190.45666666666668,111,25.333333333333332,55.5,67.65,156.90354794680104,True,Low Value
17516,33,3,452.01,307,150.67,68,28.666666666666668,34.0,312.87,292.3343922260167,False,Medium Value
17517,125,1,153.94,102,153.94,0,11.0,125.0,0.0,14.99006396752671,False,Low Value
17519,23,3,955.6,566,318.53333333333336,161,15.333333333333334,80.0,888.4200000000001,501.61911671952794,False,Medium Value
17521,15,1,159.56,116,159.56,0,8.0,15.0,563.65,50.8264165564302,False,Low Value
17522,23,2,248.42,210,124.21,11,6.5,11.0,817.73,46.99849820310914,False,Low Value
17524,177,1,145.0,90,145.0,0,6.0,177.0,0.0,11.408677327869007,False,Low Value
17525,176,1,422.7,82,422.7,0,9.0,176.0,0.0,23.768840119406004,False,Low Value
17526,107,3,872.8,140,290.93333333333334,74,3.3333333333333335,36.5,323.1,125.35741339069438,False,Low Value
17527,34,1,292.11,57,292.11,0,7.0,34.0,647.26,35.37466998499579,False,Low Value
17530,22,6,1360.67,789,226.77833333333334,158,42.5,20.0,1001.86,1453.848525726991,False,High Value
17531,6,1,296.7,136,296.7,0,14.0,6.0,0.0,37.13976198749461,False,Low Value
17535,96,1,164.4,136,164.4,0,13.0,96.0,0.0,35.44572749595569,False,Low Value
17537,119,1,620.75,369,620.75,0,60.0,119.0,266.92,49.457583742307335,False,Low Value
17540,132,1,268.8,64,268.8,0,8.0,132.0,310.1,18.205812086453953,False,Low Value
17542,86,1,170.75,134,170.75,0,24.0,86.0,0.0,18.906626032016664,True,Low Value
17548,50,1,103.3,58,103.3,0,5.0,50.0,0.0,17.2117662476159,False,Low Value
17550,13,3,267.16,86,89.05333333333334,45,14.0,22.5,0.0,11.807333794575854,False,Low Value
17551,175,1,290.34000000000003,142,290.34000000000003,0,39.0,175.0,0.0,27.40437687141881,False,Low Value
17552,188,2,298.52,144,149.26,0,6.5,0.0,631.89,22.651558071724263,False,Low Value
17555,151,1,195.45,156,195.45,0,48.0,151.0,284.86,30.752676298457615,True,Low Value
17556,22,1,157.9,101,157.9,0,6.0,22.0,0.0,17.92016965421671,False,Low Value
17560,20,2,486.05,279,243.025,106,8.5,106.0,368.9,116.20691490477766,False,Low Value
17567,49,4,1873.97,1009,468.4925,138,25.0,48.0,2457.5099999999998,917.8236370348395,False,Medium Value
17569,148,1,344.14,159,344.14,0,29.0,148.0,0.0,24.04706578688903,False,Low Value
17571,94,2,358.3,249,179.15,20,22.0,20.0,1066.12,65.8690719732757,False,Low Value
17572,55,2,152.20000000000002,56,76.10000000000001,134,4.0,134.0,74.55000000000001,15.845321650938558,False,Low Value
17574,59,1,185.65,77,185.65,0,8.0,59.0,0.0,14.205678300092062,False,Low Value
17576,30,9,1402.58,849,155.8422222222222,150,16.333333333333332,19.5,2162.25,1145.1618189917485,False,Medium Value
17578,34,1,143.46,138,143.46,0,5.0,34.0,0.0,18.235213028342745,False,Low Value
17580,69,3,212.77,87,70.92333333333333,105,14.666666666666666,52.0,0.0,13.17899468411247,False,Low Value
17581,29,10,3419.56,1579,341.956,158,15.0,0.0,7605.68,2066.1812003585424,False,High Value
17582,52,1,175.27,123,175.27,0,28.0,52.0,0.0,17.177995088243453,False,Low Value
17585,79,2,521.53,653,260.765,75,35.0,75.0,595.15,211.99221359917433,False,Low Value
17588,49,1,397.2,56,397.2,0,10.0,49.0,843.0,26.552678141660216,False,Low Value
17589,3,2,1211.42,818,605.71,53,62.5,53.0,1191.5,754.4278640541118,True,Medium Value
17591,19,5,1627.27,816,325.454,163,27.0,39.0,576.4,1319.2391182561432,False,High Value
17593,169,1,662.9,374,662.9,0,26.0,169.0,3260.96,79.85124886322036,True,Low Value
17594,71,1,315.0,220,315.0,0,14.0,71.0,678.18,35.70712047206715,False,Low Value
17596,7,3,1287.21,2076,429.07,177,38.333333333333336,88.0,1519.48,585.2411107736065,False,Medium Value
17597,30,1,2044.3700000000001,1176,2044.3700000000001,0,55.0,30.0,0.0,160.83231522068579,False,Low Value
17601,55,1,116.00999999999999,103,116.00999999999999,0,9.0,55.0,0.0,16.48675805165786,True,Low Value
17602,140,1,767.05,799,767.05,0,101.0,140.0,4287.37,364.06540411436384,False,Medium Value
17604,33,2,309.36,169,154.68,94,31.5,94.0,0.0,120.62729330471102,False,Low Value
17609,118,2,528.75,265,264.375,25,53.0,25.0,569.53,31.679526027081835,False,Low Value
17611,17,6,1998.84,1411,333.14,160,65.16666666666667,37.0,1962.28,1816.7887865161517,False,High Value
17612,31,2,665.75,487,332.875,83,23.5,83.0,1382.7,313.92810026409717,False,Medium Value
17613,11,7,2512.41,1460,358.9157142857143,111,29.857142857142858,20.5,2032.14,1508.2624891021226,False,High Value
17615,20,2,272.3,110,136.15,18,5.5,18.0,57.3,42.99701754892232,True,Low Value
17616,71,2,408.0,160,204.0,112,1.0,112.0,163.2,49.44582443796096,False,Low Value
17618,64,2,625.48,235,312.74,113,27.0,113.0,304.8,92.15817929696543,False,Low Value
17619,128,1,214.37,124,214.37,0,71.0,128.0,0.0,20.784698140393168,False,Low Value
17621,128,2,901.7800000000001,310,450.89000000000004,41,7.5,41.0,478.12,71.73626665930468,False,Low Value
17624,34,1,400.3,312,400.3,0,25.0,34.0,443.18,77.66330327647982,False,Low Value
17625,74,1,542.03,373,542.03,0,89.0,74.0,1478.3700000000001,302.98779785466735,True,Medium Value
17629,31,3,606.19,444,202.06333333333336,145,19.666666666666668,72.5,1207.93,267.4429206237427,False,Low Value
17630,48,1,335.5,112,335.5,0,19.0,48.0,168.1,34.31958104657674,False,Low Value
17631,48,1,302.55,92,302.55,0,21.0,48.0,225.78,25.68369019284297,True,Low Value
17634,29,5,1811.29,455,362.258,124,34.2,31.0,547.3,885.1090810651583,False,Medium Value
17639,92,1,108.5,49,108.5,0,7.0,92.0,0.0,12.627958062302012,True,Low Value
17643,189,1,101.55,71,101.55,0,8.0,189.0,0.0,2.388995864915071,False,Low Value
17644,19,3,921.77,512,307.25666666666666,57,19.333333333333332,28.5,1973.8700000000001,674.1891720905359,True,Medium Value
17646,35,3,1008.39,323,336.13,145,17.0,72.5,0.0,203.40807637990085,False,Low Value
17648,9,3,1107.39,289,369.13000000000005,57,21.666666666666668,28.5,690.11,220.72197762481017,False,Low Value
17652,7,3,1443.6000000000001,798,481.20000000000005,90,28.333333333333332,45.0,3424.1200000000003,529.4394065061807,False,Medium Value
17654,93,1,117.55,41,117.55,0,22.0,93.0,0.0,12.306070620582256,True,Low Value
17655,26,4,1602.7,728,400.675,155,11.75,61.0,1036.24,942.1305762414759,True,Medium Value
17658,27,1,317.6,216,317.6,0,9.0,27.0,277.82,64.86168527325914,False,Low Value
17659,1,5,1128.02,594,225.60399999999998,187,10.8,36.5,1871.44,1060.5040800865575,False,Medium Value
17663,14,3,790.8100000000001,345,263.60333333333335,88,12.666666666666666,44.0,1012.1,205.2230063433982,True,Low Value
17664,28,1,326.19,409,326.19,0,23.0,28.0,278.45,132.5466317688316,False,Low Value
17667,27,3,1356.67,721,452.22333333333336,87,25.666666666666668,43.5,698.84,644.6281331576091,False,Medium Value
17669,26,3,1611.0,892,537.0,39,6.666666666666667,19.0,1795.72,531.6540820674303,False,Medium Value
17670,44,1,205.7,110,205.7,0,11.0,44.0,0.0,31.010744532167088,False,Low Value
17671,27,2,786.73,311,393.365,154,14.0,154.0,785.98,209.7337394580369,False,Low Value
17672,125,1,1177.8400000000001,643,1177.8400000000001,0,41.0,125.0,2000.33,83.92853770549955,False,Low Value
17673,2,3,1033.1,932,344.3666666666666,133,45.666666666666664,66.5,561.87,621.6461136242364,False,Medium Value
17674,185,1,300.65999999999997,349,300.65999999999997,0,11.0,185.0,250.38000000000002,41.392185434561895,True,Low Value
17675,4,13,7745.61,2952,595.8161538461538,179,17.076923076923077,14.0,12628.67,6185.804080260329,False,High Value
17676,182,1,300.7,158,300.7,0,15.0,182.0,1070.48,36.246647863318266,False,Low Value
17677,29,11,6245.08,3724,567.7345454545455,156,9.909090909090908,8.0,10100.3,5057.990625318112,False,High Value
17678,80,1,298.11,207,298.11,0,16.0,80.0,0.0,28.871188294507302,False,Low Value
17682,9,3,1107.41,575,369.1366666666667,175,18.0,87.0,1366.92,412.13637482028673,False,Medium Value
17685,83,5,1512.72,888,302.544,105,11.0,26.0,1643.1100000000001,545.7050704154375,False,Medium Value
17686,16,4,3036.75,1223,759.1875,102,35.25,0.0,2702.71,1910.6043739118084,False,High Value
17690,3,10,3032.78,1035,303.278,186,15.6,13.0,1694.02,2196.8628155168126,False,High Value
17691,174,2,290.40000000000003,134,145.20000000000002,10,9.5,10.0,0.0,14.319333832911859,False,Low Value
17692,43,3,608.1,516,202.70000000000002,132,12.666666666666666,65.5,117.48,211.973733855138,False,Low Value
17696,2,4,837.59,546,209.3975,178,9.0,87.0,1448.1200000000001,539.7605758153225,False,Medium Value
17697,52,1,338.95000000000005,93,338.95000000000005,0,19.0,52.0,0.0,22.602984650448406,False,Low Value
17698,77,1,154.95,93,154.95,0,8.0,77.0,0.0,10.783656274755739,True,Low Value
17700,29,2,1125.57,499,562.785,67,32.0,67.0,1409.07,322.66106873777574,False,Medium Value
17701,69,1,417.95,109,417.95,0,24.0,69.0,0.0,27.432572932117903,False,Low Value
17702,22,1,439.8,484,439.8,0,30.0,22.0,1384.57,194.8340798906399,True,Low Value
17704,56,1,387.29,175,387.29,0,16.0,56.0,497.9,44.8704568946439,True,Low Value
17705,31,3,357.3,229,119.10000000000001,86,8.333333333333334,42.5,1466.22,50.40340052915883,False,Low Value
17706,4,5,1191.27,527,238.254,178,15.4,38.0,9313.220000000001,905.5558949955299,False,Medium Value
17707,1,2,152.4,144,76.2,151,2.5,151.0,0.0,10.859892014497055,False,Low Value
17708,4,2,263.33,90,131.665,137,17.0,137.0,0.0,29.348810397613295,False,Low Value
17711,106,1,220.53,107,220.53,0,13.0,106.0,164.57,26.13393861529608,False,Low Value
17714,137,1,153.0,92,153.0,0,10.0,137.0,0.0,8.529554214966272,True,Low Value
17715,17,1,326.4,384,326.4,0,1.0,17.0,0.0,23.587448590625023,False,Low Value
17716,65,2,1451.62,821,725.81,18,39.5,18.0,4204.37,457.15930332862297,True,Medium Value
17718,48,1,139.35,83,139.35,0,6.0,48.0,0.0,11.129986510613781,False,Low Value
17719,6,5,1971.46,1294,394.29200000000003,65,21.6,11.0,3424.58,1091.8621256398797,True,Medium Value
17720,42,2,532.38,202,266.19,142,8.5,142.0,663.56,92.96510780962501,False,Low Value
17722,6,3,2100.88,1423,700.2933333333334,176,31.333333333333332,88.0,323.16,691.6811000658042,False,Medium Value
17723,7,3,1161.8000000000002,284,387.2666666666667,23,2.0,11.0,2114.6000000000004,150.7240589894322,False,Low Value
17725,8,4,1269.63,685,317.4075,74,16.0,23.0,2169.45,966.6513209545552,False,Medium Value
17730,2,5,2031.4,1434,406.28000000000003,140,18.6,34.5,3267.08,1402.4448643228557,True,High Value
17732,189,1,303.97,93,303.97,0,18.0,189.0,0.0,7.833512221844796,False,Low Value
17733,78,1,216.95000000000002,87,216.95000000000002,0,12.0,78.0,475.24,16.18439885713034,False,Low Value
17734,50,1,112.97999999999999,66,112.97999999999999,0,9.0,50.0,587.65,15.897209738156732,False,Low Value
17735,3,10,6121.16,3932,612.116,180,35.2,11.0,6988.86,6187.556520989808,False,High Value
17738,98,1,779.9200000000001,292,779.9200000000001,0,41.0,98.0,1099.13,69.20638358042912,False,Low Value
17739,13,3,1070.77,411,356.92333333333335,163,6.0,81.5,1720.58,305.81331412470996,False,Medium Value
17742,149,1,302.57,71,302.57,0,13.0,149.0,52.54,20.958567627432082,False,Low Value
17744,67,4,1288.96,1686,322.24,107,15.5,28.0,1033.44,1036.7939401843942,False,Medium Value
17746,56,1,110.25,29,110.25,0,6.0,56.0,0.0,9.216041734515652,False,Low Value
17749,72,1,369.01,257,369.01,0,22.0,72.0,305.51,36.193634398277744,False,Low Value
17752,175,1,80.64,192,80.64,0,1.0,175.0,0.0,5.3267662999676455,False,Low Value
17754,76,1,264.24,348,264.24,0,26.0,76.0,1400.41,41.81069436276718,False,Low Value
17757,7,15,2425.79,1359,161.71933333333334,180,19.733333333333334,11.0,3163.65,2258.204436285875,False,High Value
17758,24,3,1051.88,664,350.6266666666667,42,42.333333333333336,20.5,2356.32,849.8001739951144,True,Medium Value
17760,189,1,172.54,165,172.54,0,9.0,189.0,115.05,7.596905899881113,False,Low Value
17763,79,1,15.0,12,15.0,0,1.0,79.0,0.0,8.630159067750883,False,Low Value
17764,27,1,230.67000000000002,113,230.67000000000002,0,17.0,27.0,541.88,57.84168504298773,False,Low Value
17765,27,2,258.3,103,129.15,46,20.0,46.0,109.33,71.95130245533413,False,Low Value
17769,95,2,876.76,542,438.38,42,51.5,42.0,3080.67,232.96386391130366,False,Low Value
17770,15,5,1143.27,365,228.654,83,7.6,9.5,0.0,200.3501389697961,True,Low Value
17771,139,1,115.8,110,115.8,0,22.0,139.0,129.53,19.607082929115116,True,Low Value
17774,65,2,594.99,212,297.495,55,33.0,55.0,618.74,101.50710823392845,False,Low Value
17775,71,1,56.4,72,56.4,0,3.0,71.0,0.0,7.866689534678597,False,Low Value
17781,69,1,102.0,8,102.0,0,2.0,69.0,86.02,4.829950996587843,False,Low Value
17783,64,1,112.41,53,112.41,0,30.0,64.0,171.06,50.17016050918347,False,Low Value
17786,133,1,103.35,52,103.35,0,24.0,133.0,163.5,20.445046086700867,False,Low Value
17787,121,3,1668.52,829,556.1733333333333,66,37.333333333333336,32.5,149.02,119.35630721141229,False,Low Value
17789,97,1,225.9,74,225.9,0,14.0,97.0,0.0,19.889702163082795,False,Low Value
17790,15,9,897.01,377,99.66777777777777,166,7.777777777777778,7.5,1067.29,557.4808069694213,False,Medium Value
17795,81,1,155.69,155,155.69,0,15.0,81.0,187.14000000000001,15.849271805561106,False,Low Value
17796,130,3,614.1,158,204.70000000000002,56,25.333333333333332,27.5,75.9,37.71555835736047,False,Low Value
17799,58,6,1387.23,751,231.205,119,28.833333333333332,27.0,1651.94,1038.639246514124,True,Medium Value
17800,34,3,354.85,222,118.28333333333335,116,8.333333333333334,58.0,831.36,65.67304219550059,False,Low Value
17802,188,1,100.2,75,100.2,0,12.0,188.0,1184.84,12.552261184803807,False,Low Value
17809,34,6,2650.7000000000003,582,441.78333333333336,156,3.3333333333333335,27.0,2761.21,1207.6825689809875,False,Medium Value
17811,3,18,4028.98,1836,223.8322222222222,146,19.944444444444443,6.0,3726.14,4630.338715372414,True,High Value
17812,184,1,193.29999999999998,127,193.29999999999998,0,27.0,184.0,506.51,36.21828566092094,False,Low Value
17816,85,2,21.31,22,10.655,96,5.5,96.0,15.25,47.473410498614605,False,Low Value
17817,93,2,269.7,26,134.85,0,6.0,0.0,117.98,10.631892475818196,False,Low Value
17819,11,5,2869.02,876,573.804,176,8.0,50.5,835.85,1243.0873232743443,False,Medium Value
17827,58,4,1580.47,957,395.1175,122,38.5,0.0,406.86,1055.6956417240967,True,Medium Value
17828,1,1,673.16,374,673.16,0,43.0,1.0,491.93,372.36099901155086,False,Medium Value
17829,115,1,889.24,496,889.24,0,30.0,115.0,0.0,73.06074458944249,False,Low Value
17830,78,2,287.65000000000003,65,143.82500000000002,27,8.0,27.0,111.05,16.086617288520912,True,Low Value
17838,108,3,1655.0,1022,551.6666666666666,79,24.333333333333332,39.0,1065.8,331.52427626146294,False,Medium Value
17841,0,49,12255.82,6092,250.11877551020407,188,44.61224489795919,3.0,28240.17,13458.694838607997,False,High Value
17843,119,1,197.73,88,197.73,0,35.0,119.0,0.0,26.103185550449254,False,Low Value
17848,65,4,388.37,244,97.0925,108,6.5,27.0,512.8299999999999,36.82609713696991,True,Low Value
17849,34,4,605.8000000000001,114,151.45000000000002,115,6.5,42.0,0.0,42.86727456614434,False,Low Value
17850,188,34,5391.21,1733,158.565,1,8.735294117647058,0.0,0.0,3.5404552977956376,True,Low Value
17854,1,2,311.26,84,155.63,41,7.5,41.0,0.0,14.036277745857554,False,Low Value
17855,189,1,208.97,197,208.97,0,17.0,189.0,0.0,6.9224727370204695,False,Low Value
17856,49,3,1142.63,577,380.8766666666667,48,3.0,23.5,275.4,527.1374423920953,False,Medium Value
17857,23,9,8783.84,5116,975.9822222222223,158,2.0,15.5,16517.7,8522.458283724793,True,High Value
17858,77,6,2604.7999999999997,2140,434.13333333333327,108,7.166666666666667,15.0,2535.86,1806.0985601180703,False,High Value
17859,121,1,141.92,102,141.92,0,23.0,121.0,0.0,16.986053143739202,True,Low Value
17860,185,1,226.45,93,226.45,0,49.0,185.0,0.0,27.488588407159277,False,Low Value
17861,69,2,457.98,357,228.99,66,21.0,66.0,1639.9,104.15921821623186,False,Low Value
17862,140,1,330.9,100,330.9,0,11.0,140.0,0.0,25.091565567805002,False,Low Value
17863,71,3,1371.9,1118,457.3,114,22.0,57.0,1788.1000000000001,562.4257465524672,True,Medium Value
17864,92,1,200.85,347,200.85,0,29.0,92.0,354.0,44.32843421235318,False,Low Value
17865,21,7,4161.66,2380,594.5228571428571,159,23.857142857142858,24.0,6362.56,4293.934009811197,False,High Value
17867,19,2,604.0500000000001,293,302.02500000000003,85,2.5,85.0,553.82,111.3874877280194,False,Low Value
17869,31,3,310.96,89,103.65333333333332,152,9.333333333333334,76.0,117.22,29.32813001705447,False,Low Value
17870,183,1,326.4,128,326.4,0,1.0,183.0,1539.49,31.099845832336662,False,Low Value
17871,21,1,155.9,182,155.9,0,10.0,21.0,0.0,34.50007810105849,False,Low Value
17873,0,4,1447.54,914,361.885,188,8.5,56.0,272.04,890.7072569132556,False,Medium Value
17874,1,6,683.46,221,113.91000000000001,70,7.666666666666667,0.0,0.0,94.24262710788066,False,Low Value
17880,181,1,458.92,314,458.92,0,26.0,181.0,0.0,32.751148843660594,False,Low Value
17881,120,1,133.35,32,133.35,0,8.0,120.0,0.0,6.337607353760482,False,Low Value
17883,62,1,119.35,48,119.35,0,19.0,62.0,544.99,31.41347110475617,False,Low Value
17884,128,3,590.54,542,196.84666666666666,59,29.666666666666668,29.5,104.53,67.09377502210604,False,Low Value
17886,27,2,377.71000000000004,218,188.85500000000002,38,22.5,38.0,491.57,143.0617153633697,False,Low Value
17888,28,3,168.73,189,56.24333333333333,145,7.333333333333333,72.0,547.27,25.15764385103449,False,Low Value
17889,28,2,201.37,77,100.685,109,10.0,109.0,0.0,16.694155598044254,False,Low Value
17890,139,2,586.89,402,293.445,38,45.0,38.0,0.0,52.92882546822316,False,Low Value
17893,41,1,107.21000000000001,149,107.21000000000001,0,15.0,41.0,0.0,15.675563585719452,False,Low Value
17894,101,6,866.58,318,144.43,80,23.5,7.0,251.96,189.80461774978687,False,Low Value
17897,183,2,410.67,151,205.335,6,32.5,6.0,131.14,109.82359452511184,False,Low Value
17898,23,1,99.84,124,99.84,0,20.0,23.0,52.22,22.045291331979218,False,Low Value
17900,6,2,112.19999999999999,73,56.099999999999994,0,3.0,0.0,0.0,5.479994154146392,False,Low Value
17905,168,2,392.9,171,196.45,21,13.5,21.0,406.09000000000003,28.354429042860996,False,Low Value
17906,63,1,72.89999999999999,26,72.89999999999999,0,12.0,63.0,0.0,7.428291484056581,False,Low Value
17908,190,1,232.03,169,232.03,0,51.0,190.0,0.0,11.670174547036218,False,Low Value
17912,126,5,310.06,184,62.012,54,7.4,2.5,0.0,3.4413675707802254,True,Low Value
17913,172,1,218.05,100,218.05,0,31.0,172.0,190.6,30.597579964961962,False,Low Value
17917,72,2,226.71,130,113.355,106,30.0,106.0,108.32000000000001,50.77079215869534,False,Low Value
17920,16,5,1500.74,1014,300.148,173,22.8,44.0,2606.86,1027.501057446279,True,Medium Value
17921,82,1,278.07,137,278.07,0,43.0,82.0,542.16,31.699829542393886,False,Low Value
17923,98,1,207.50000000000003,50,207.50000000000003,0,1.0,98.0,0.0,17.624714428034494,True,Low Value
17924,118,2,502.2,108,251.1,72,1.5,72.0,2460.3,51.68702617311815,False,Low Value
17925,189,1,244.08,72,244.08,0,1.0,189.0,0.0,4.888370984031997,False,Low Value
17926,20,1,211.73000000000002,134,211.73000000000002,0,11.0,20.0,185.56,51.85998655768503,False,Low Value
17928,62,1,78.26,46,78.26,0,17.0,62.0,106.2,20.838794397204715,False,Low Value
17929,71,2,435.0,60,217.5,54,1.5,54.0,408.0,54.61344849312848,False,Low Value
17930,55,1,390.6,172,390.6,0,5.0,55.0,1349.88,39.97316833302346,False,Low Value
17931,72,1,297.2,164,297.2,0,49.0,72.0,111.16000000000001,43.878329996260156,False,Low Value
17932,27,1,589.01,391,589.01,0,42.0,27.0,742.5600000000001,198.10541892787995,False,Low Value
17937,74,4,3327.48,1248,831.87,104,7.25,41.0,973.74,1165.1635366754472,False,Medium Value
17940,34,4,1507.68,6912,376.92,84,2.5,27.0,644.5,1246.0992663381005,False,Medium Value
17946,49,2,149.57999999999998,75,74.78999999999999,26,9.0,26.0,0.0,7.244197007584779,False,Low Value
17949,5,15,10632.0,3336,708.8,182,1.0666666666666667,6.5,47398.48,16467.50159402366,True,High Value
17950,181,2,263.17,186,131.585,0,19.5,0.0,219.03,34.15610445660969,False,Low Value
17951,174,2,409.50000000000006,220,204.75000000000003,15,4.5,15.0,599.0400000000001,22.88290265823109,False,Low Value
17954,1,8,1516.44,1559,189.555,186,34.875,33.0,797.69,1317.4718786310407,True,High Value
17955,15,4,557.3,273,139.325,20,4.75,1.0,0.0,52.78399107135907,False,Low Value
17956,65,1,12.75,1,12.75,0,1.0,65.0,0.0,2.826750261062467,False,Low Value
17961,12,20,874.39,303,43.7195,175,7.95,6.0,422.05,208.26317348960612,False,Low Value
17964,188,1,261.76,195,261.76,0,35.0,188.0,201.45000000000002,38.23842624763064,True,Low Value
17965,69,6,1323.78,686,220.63,116,25.0,30.0,1275.41,1025.3300658776159,False,Medium Value
17966,1,2,283.5,675,141.75,76,6.0,76.0,814.9300000000001,228.99194930888086,False,Low Value
17967,188,1,112.27,73,112.27,0,41.0,188.0,0.0,24.582140805188534,False,Low Value
17968,190,1,265.1,151,265.1,0,74.0,190.0,0.0,4.442627600162153,False,Low Value
17969,177,1,125.2,131,125.2,0,7.0,177.0,103.0,17.062745392283897,False,Low Value
17970,27,1,562.79,513,562.79,0,27.0,27.0,0.0,151.34915202329472,False,Low Value
17972,58,1,135.19,36,135.19,0,30.0,58.0,0.0,27.57874839501601,False,Low Value
17974,36,1,164.07,85,164.07,0,18.0,36.0,539.92,37.63599023210598,False,Low Value
17975,9,7,2776.87,892,396.69571428571425,174,20.142857142857142,31.5,1703.09,1751.00990812629,True,High Value
17976,188,1,321.79,93,321.79,0,56.0,188.0,0.0,20.91316003814324,True,Low Value
17978,181,1,300.92,499,300.92,0,12.0,181.0,0.0,49.68573827979895,True,Low Value
17979,76,2,231.67,79,115.835,0,26.5,0.0,497.34000000000003,51.31599491100246,False,Low Value
17980,20,2,562.75,456,281.375,154,13.0,154.0,248.7,305.24834373534185,False,Medium Value
17987,1,1,198.57,261,198.57,0,13.0,1.0,0.0,44.71616738750011,False,Low Value
17988,143,1,64.99000000000001,14,64.99000000000001,0,13.0,143.0,136.13,8.700395483364373,False,Low Value
17990,53,3,630.84,414,210.28,124,9.666666666666666,62.0,0.0,183.50308264678287,False,Low Value
17991,41,2,93.35,25,46.675,0,2.5,0.0,0.0,7.301922299115635,False,Low Value
17994,6,3,554.18,368,184.72666666666666,100,24.333333333333332,50.0,120.71000000000001,131.54162880857592,False,Low Value
17995,98,1,76.1,133,76.1,0,2.0,98.0,0.0,7.398272208883647,False,Low Value
17999,182,1,190.34,94,190.34,0,37.0,182.0,190.05,28.642739443629743,False,Low Value
18004,178,1,157.92,75,157.92,0,32.0,178.0,0.0,16.409330847439303,False,Low Value
18008,19,7,2065.41,1517,295.0585714285714,115,3.4285714285714284,13.5,50.78,1329.1238490098253,False,High Value
18009,51,1,247.39,125,247.39,0,31.0,51.0,0.0,32.46663222075131,True,Low Value
18010,73,1,174.8,60,174.8,0,14.0,73.0,0.0,17.586939206846036,True,Low Value
18011,189,1,102.78999999999999,71,102.78999999999999,0,28.0,189.0,0.0,5.559987643452873,False,Low Value
18016,2,3,482.86,205,160.95333333333335,177,19.0,88.0,994.8,169.1472011450902,False,Low Value
18017,126,1,165.0,100,165.0,0,1.0,126.0,358.0,28.77418098661599,False,Low Value
18018,15,1,37.45,3,37.45,0,2.0,15.0,84.69,14.634390057383445,False,Low Value
18032,150,1,73.5,42,73.5,0,5.0,150.0,0.0,5.004631383125713,False,Low Value
18036,62,1,109.95,82,109.95,0,38.0,62.0,293.17,42.7579587159217,False,Low Value
18037,41,5,60.82,18,12.164,137,3.4,28.0,9.2,12.9431119494662,False,Low Value
18040,62,1,239.00000000000003,96,239.00000000000003,0,12.0,62.0,118.2,25.946632848712724,False,Low Value
18041,29,13,2551.61,2404,196.27769230769232,159,17.846153846153847,9.5,1545.76,2296.1098086487937,False,High Value
18043,23,2,421.59,229,210.795,160,44.0,160.0,107.7,50.242665488375486,False,Low Value
18044,14,6,883.21,509,147.20166666666668,162,10.5,28.0,1205.39,679.4564875572731,False,Medium Value
18048,19,2,172.29,127,86.145,0,3.5,0.0,0.0,10.118238077602541,False,Low Value
18050,175,1,74.4,40,74.4,0,5.0,175.0,0.0,6.882188517784968,False,Low Value
18055,20,6,3362.53,1113,560.4216666666667,165,25.333333333333332,20.0,3398.81,2155.8064223336137,False,High Value
18056,104,1,363.65000000000003,211,363.65000000000003,0,19.0,104.0,0.0,32.90090189257423,True,Low Value
18061,23,5,1190.6200000000001,706,238.12400000000002,159,5.0,41.0,928.79,757.0217342657604,False,Medium Value
18062,37,2,485.92,356,242.96,116,10.0,116.0,234.6,131.1989547764672,False,Low Value
18064,51,1,408.0,160,408.0,0,2.0,51.0,406.0,46.62631298143295,True,Low Value
18065,0,8,1412.15,591,176.51875,180,10.375,0.0,980.6800000000001,1000.7913671319264,False,Medium Value
18068,105,1,101.7,6,101.7,0,1.0,105.0,0.0,2.1766505462291943,False,Low Value
18069,51,2,674.01,447,337.005,92,88.0,92.0,1335.23,764.1658440215592,False,Medium Value
18071,74,2,453.0,260,226.5,108,12.5,108.0,0.0,72.93286787262488,True,Low Value
18072,2,1,247.44,288,247.44,0,18.0,2.0,0.0,49.05328198127294,False,Low Value
18073,1,3,504.24,420,168.08,11,2.6666666666666665,5.5,3355.5800000000004,202.7872515735171,False,Low Value
18074,190,1,489.6,190,489.6,0,13.0,190.0,0.0,6.301283805350869,False,Low Value
18075,20,6,1270.72,652,211.78666666666666,156,11.333333333333334,22.0,1341.03,1377.9093010284219,True,High Value
18077,43,4,879.38,675,219.845,140,20.75,36.0,1705.03,837.1821083551666,False,Medium Value
18078,33,2,336.13,145,168.065,41,14.5,41.0,0.0,43.26189793108626,False,Low Value
18079,55,1,1612.83,3843,1612.83,0,28.0,55.0,2000.32,253.9184653282375,False,Low Value
18080,59,1,841.4999999999999,330,841.4999999999999,0,1.0,59.0,390.0,30.67218652822259,False,Low Value
18085,146,2,689.95,265,344.975,43,14.5,43.0,0.0,55.88381295619487,False,Low Value
18086,90,1,101.34,106,101.34,0,7.0,90.0,0.0,7.920938839789599,True,Low Value
18087,107,1,3202.92,3906,3202.92,0,1.0,107.0,0.0,1.8734893107123485,True,Low Value
18092,1,7,4670.04,2408,667.1485714285715,181,5.571428571428571,16.0,4398.22,4067.6399831054027,False,High Value
18093,114,2,1117.52,724,558.76,4,11.5,4.0,989.0,139.59163546245077,False,Low Value
18094,35,3,1777.2,1904,592.4,73,12.666666666666666,36.0,1240.1000000000001,1046.8424373971104,False,Medium Value
18095,129,2,580.05,419,290.025,20,10.5,20.0,0.0,33.095183689545,False,Low Value
18097,21,3,1456.56,1086,485.52,148,18.666666666666668,74.0,1205.84,723.8902383997321,False,Medium Value
18102,1,16,75641.63,17369,4727.601875,181,5.625,0.0,184015.67,55075.45172552141,False,High Value
18106,146,1,421.9,126,421.9,0,33.0,146.0,0.0,29.439677379618434,True,Low Value
18108,70,1,271.0,84,271.0,0,17.0,70.0,0.0,22.183513367169226,False,Low Value
18109,10,11,2471.68,859,224.6981818181818,175,16.727272727272727,9.0,5533.24,2049.2644752090487,False,High Value
18113,185,1,76.32000000000001,72,76.32000000000001,0,1.0,185.0,0.0,4.02140951445477,False,Low Value
18114,106,1,220.1,55,220.1,0,28.0,106.0,0.0,17.86079046348457,False,Low Value
18116,50,7,1235.95,649,176.56428571428572,130,47.285714285714285,10.5,163.56,1165.952506904576,False,Medium Value
18118,3,15,3500.94,1725,233.39600000000002,182,50.53333333333333,9.5,2121.7400000000002,2547.0762689844587,False,High Value
18119,184,1,180.70000000000002,124,180.70000000000002,0,29.0,184.0,0.0,27.291706754343874,False,Low Value
18120,30,1,111.15,31,111.15,0,17.0,30.0,0.0,20.356380904361618,False,Low Value
18125,18,3,933.9,691,311.3,114,54.333333333333336,56.5,197.85,503.99178685930065,False,Medium Value
18129,59,1,112.55,48,112.55,0,13.0,59.0,0.0,27.04401617665847,False,Low Value
18133,28,1,931.5,1350,931.5,0,1.0,28.0,0.0,22.13410743552272,False,Low Value
18135,6,1,109.82000000000001,88,109.82000000000001,0,9.0,6.0,572.09,12.597139341890232,False,Low Value
18136,28,2,600.85,295,300.425,107,16.0,107.0,183.48000000000002,142.0147033094908,False,Low Value
18138,111,1,152.65,38,152.65,0,8.0,111.0,0.0,7.320245369992875,True,Low Value
18142,32,1,282.48,292,282.48,0,9.0,32.0,737.04,65.11815096748239,False,Low Value
18144,28,7,1605.65,783,229.37857142857143,160,3.857142857142857,27.5,1283.1,970.3271971545662,False,Medium Value
18145,21,2,1023.78,863,511.89,107,33.5,107.0,1837.77,427.3112555554838,False,Medium Value
18146,36,1,76.65,27,76.65,0,4.0,36.0,83.7,7.480328076396708,False,Low Value
18149,32,2,549.68,280,274.84,58,7.0,58.0,62.400000000000006,110.98475274968358,False,Low Value
18150,18,1,227.58,140,227.58,0,14.0,18.0,339.0,51.23169904625048,True,Low Value
18151,106,1,312.55,111,312.55,0,17.0,106.0,340.8,26.754900378806653,False,Low Value
18155,108,1,113.93,91,113.93,0,8.0,108.0,257.69,9.66083739005439,False,Low Value
18156,186,1,186.88,68,186.88,0,50.0,186.0,488.76,34.87557924152974,False,Low Value
18159,117,1,530.15,139,530.15,0,23.0,117.0,0.0,19.06340877534191,False,Low Value
18160,16,1,318.55,147,318.55,0,19.0,16.0,319.51,53.43357750004391,True,Low Value
18161,69,2,546.32,317,273.16,66,13.5,66.0,1072.3700000000001,125.45736112834197,False,Low Value
18168,20,5,1044.89,509,208.978,168,23.6,46.0,115.15,670.7201331128557,False,Medium Value
18170,33,1,304.21,119,304.21,0,11.0,33.0,676.1,59.49318440111431,False,Low Value
18171,55,2,464.59000000000003,167,232.29500000000002,95,13.5,95.0,766.72,84.76145003813158,False,Low Value
18172,27,7,3720.16,1412,531.4514285714286,78,13.285714285714286,8.0,3841.52,2737.5818801377904,False,High Value
18173,15,3,1728.8400000000001,1028,576.2800000000001,75,8.333333333333334,37.0,378.0,1000.9834080462955,False,Medium Value
18176,174,1,476.35,283,476.35,0,30.0,174.0,0.0,26.61029923509387,False,Low Value
18177,20,4,713.1,362,178.275,51,10.5,22.0,627.77,438.18775061722556,True,Medium Value
18178,36,3,1099.94,696,366.6466666666667,144,22.666666666666668,72.0,490.87,592.3905216657835,False,Medium Value
18179,68,4,1103.16,729,275.79,83,13.5,10.0,690.01,954.3141430452607,False,Medium Value
18183,43,2,632.07,371,316.035,47,18.5,47.0,0.0,163.3619221581649,False,Low Value
18185,65,1,304.25,183,304.25,0,17.0,65.0,0.0,35.65341156476569,False,Low Value
18188,106,1,426.6,164,426.6,0,16.0,106.0,1574.44,45.91794757231609,False,Low Value
18189,84,1,633.1,352,633.1,0,40.0,84.0,457.14,43.45690527128383,False,Low Value
18190,8,2,284.46000000000004,140,142.23000000000002,138,7.5,138.0,0.0,25.7194603806855,False,Low Value
18191,78,1,207.8,140,207.8,0,7.0,78.0,0.0,18.745449795268065,False,Low Value
18196,106,1,450.78000000000003,241,450.78000000000003,0,78.0,106.0,235.85,48.45193557211247,False,Low Value
18198,4,11,3500.7900000000004,2909,318.2536363636364,148,8.090909090909092,15.0,1924.77,2856.9020583959527,False,High Value
18202,16,3,1396.99,581,465.66333333333336,111,22.666666666666668,55.5,0.0,495.9326371839912,False,Medium Value
18204,8,1,540.98,387,540.98,0,84.0,8.0,1434.3700000000001,554.0201737291188,True,Medium Value
18210,83,1,142.4,62,142.4,0,5.0,83.0,2478.98,9.851272969542991,True,Low Value
18211,95,1,137.9,56,137.9,0,8.0,95.0,462.17,11.439327042554122,False,Low Value
18212,142,1,216.07,92,216.07,0,30.0,142.0,0.0,17.856642464323404,False,Low Value
18213,53,1,232.48,232,232.48,0,15.0,53.0,0.0,37.912934210932654,False,Low Value
18218,27,2,641.9200000000001,536,320.96000000000004,70,10.0,70.0,0.0,292.87005086977507,False,Medium Value
18219,31,5,912.3100000000001,395,182.46200000000002,154,10.8,40.5,1157.46,646.8369395872065,False,Medium Value
18220,43,1,305.28,288,305.28,0,2.0,43.0,0.0,22.45811054193806,True,Low Value
18221,1,2,537.01,301,268.505,26,15.0,26.0,504.6,137.6320354900793,False,Low Value
18223,22,7,2757.48,1256,393.92571428571426,152,19.285714285714285,28.0,3727.06,2194.4953272707876,False,High Value
18224,80,1,158.95000000000002,69,158.95000000000002,0,10.0,80.0,0.0,6.413522515483178,False,Low Value
18225,20,5,1668.07,942,333.614,161,19.0,49.0,3836.89,962.8722855661207,False,Medium Value
18226,2,6,2600.34,1843,433.39000000000004,152,18.833333333333332,16.0,2627.71,2482.560580530985,True,High Value
18227,34,1,93.75,21,93.75,0,5.0,34.0,0.0,5.420736918141574,False,Low Value
18229,0,9,3209.9,802,356.65555555555557,188,6.777777777777778,22.5,4067.0,2046.4019985201016,False,High Value
18230,23,3,1254.3,662,418.09999999999997,95,15.666666666666666,47.0,1555.9,671.5561845689712,False,Medium Value
18231,8,5,2071.77,819,414.354,96,23.4,23.5,0.0,1091.8621256398797,False,Medium Value
18232,9,2,370.98,170,185.49,4,12.0,4.0,221.99,65.57087784674327,False,Low Value
18233,142,1,440.0,4,440.0,0,1.0,142.0,0.0,3.8700853761000973,False,Low Value
18235,33,1,430.46,332,430.46,0,29.0,33.0,1366.02,111.6873003231344,False,Low Value
18236,2,2,304.5,118,152.25,54,9.0,54.0,577.74,35.089854391142424,False,Low Value
18239,35,5,1561.6100000000001,795,312.322,153,17.6,45.0,0.0,743.7626399055555,False,Medium Value
18241,34,1,365.83,241,365.83,0,24.0,34.0,1707.26,69.03609688382544,True,Low Value
18242,12,2,694.08,408,347.04,17,13.0,17.0,1538.41,281.41686006742333,True,Low Value
18245,28,4,1306.29,1023,326.5725,143,23.0,42.0,1260.77,689.8741575654855,True,Medium Value
18246,49,1,232.9,70,232.9,0,2.0,49.0,363.2,22.016556090362293,True,Low Value
18248,2,1,496.46,242,496.46,0,28.0,2.0,307.56,56.97042871160303,False,Low Value
18250,126,1,349.27,199,349.27,0,21.0,126.0,0.0,16.98115357160038,False,Low Value
18257,23,3,721.2,316,240.4,89,11.0,44.0,1616.43,297.4315081246994,False,Medium Value
18259,182,1,376.3,116,376.3,0,7.0,182.0,1962.3,34.983755606081985,False,Low Value
18260,22,5,2201.2200000000003,1298,440.244,152,22.0,31.5,427.13,1516.2004904333676,False,High Value
18263,69,1,307.6,328,307.6,0,15.0,69.0,905.56,44.02723958340487,False,Low Value
18269,182,1,168.60000000000002,76,168.60000000000002,0,7.0,182.0,0.0,16.013773898520217,False,Low Value
18270,83,1,111.95,41,111.95,0,5.0,83.0,171.20000000000002,7.384701915058445,False,Low Value
18272,41,2,980.54,788,490.27,21,27.5,21.0,2098.04,389.7237333076811,False,Medium Value
18273,74,1,51.0,20,51.0,0,1.0,74.0,153.0,8.038557355878925,False,Low Value
18280,94,1,180.60000000000002,45,180.60000000000002,0,10.0,94.0,0.0,8.60969049233142,False,Low Value
18283,17,5,513.57,325,102.71400000000001,136,43.2,33.0,1526.01,352.18470019339225,False,Medium Value
18287,18,1,765.28,488,765.28,0,27.0,18.0,1072.0,260.4952976098274,False,Low Value
