CustomerID,Frequency,Monetary,TotalQuantity,FirstPurchase,LastPurchase,Recency,TenureDays,Cluster,Segment
12346,1,77183.6,74215,2011-01-18 10:01:00,2011-01-18 10:01:00,326,0,2,Loyal Mid-Value
12347,7,4310.0,2458,2010-12-07 14:57:00,2011-12-07 15:52:00,2,365,0,Champions
12348,4,1437.24,2332,2010-12-16 19:09:00,2011-09-25 13:13:00,75,282,2,Loyal Mid-Value
12349,1,1457.55,630,2011-11-21 09:51:00,2011-11-21 09:51:00,19,0,3,New / Low Engagement
12350,1,294.40000000000003,196,2011-02-02 16:01:00,2011-02-02 16:01:00,310,0,1,At Risk / Lapsed
12352,7,1385.74,526,2011-02-16 12:33:00,2011-11-03 14:37:00,36,260,2,Loyal Mid-Value
12353,1,89.0,20,2011-05-19 17:47:00,2011-05-19 17:47:00,204,0,1,At Risk / Lapsed
12354,1,1079.4,530,2011-04-21 13:11:00,2011-04-21 13:11:00,232,0,1,At Risk / Lapsed
12355,1,459.40000000000003,240,2011-05-09 13:49:00,2011-05-09 13:49:00,214,0,1,At Risk / Lapsed
12356,3,2487.43,1573,2011-01-18 09:50:00,2011-11-17 08:40:00,23,302,2,Loyal Mid-Value
12357,1,6207.67,2708,2011-11-06 16:07:00,2011-11-06 16:07:00,33,0,2,Loyal Mid-Value
12358,2,928.0600000000001,242,2011-07-12 10:04:00,2011-12-08 10:26:00,2,149,3,New / Low Engagement
12359,4,6310.03,1609,2011-01-12 12:43:00,2011-10-13 12:47:00,58,274,2,Loyal Mid-Value
12360,3,2302.06,1156,2011-05-23 09:43:00,2011-10-18 15:22:00,52,148,2,Loyal Mid-Value
12361,1,174.9,90,2011-02-25 13:51:00,2011-02-25 13:51:00,287,0,1,At Risk / Lapsed
12362,10,4737.2300000000005,2197,2011-02-17 10:30:00,2011-12-06 15:40:00,3,292,0,Champions
12363,2,552.0,408,2011-04-11 13:29:00,2011-08-22 10:18:00,110,132,1,At Risk / Lapsed
12364,4,1208.1,1499,2011-08-19 15:24:00,2011-12-02 10:22:00,8,104,3,New / Low Engagement
12365,1,320.69,173,2011-02-21 13:51:00,2011-02-21 13:51:00,291,0,1,At Risk / Lapsed
12367,1,150.9,172,2011-12-05 16:48:00,2011-12-05 16:48:00,4,0,3,New / Low Engagement
12370,4,3421.94,2349,2010-12-14 12:58:00,2011-10-19 14:51:00,51,309,2,Loyal Mid-Value
12371,1,1527.96,582,2011-10-11 10:43:00,2011-10-11 10:43:00,60,0,2,Loyal Mid-Value
12372,3,1196.04,788,2011-02-16 12:46:00,2011-09-29 12:12:00,72,224,2,Loyal Mid-Value
12373,1,324.6,196,2011-02-01 13:10:00,2011-02-01 13:10:00,311,0,1,At Risk / Lapsed
12374,1,622.9300000000001,339,2011-11-14 15:37:00,2011-11-14 15:37:00,25,0,3,New / Low Engagement
12375,2,377.5,176,2011-09-02 14:23:00,2011-11-29 10:36:00,11,87,3,New / Low Engagement
12377,2,1548.1200000000001,942,2010-12-20 09:37:00,2011-01-28 15:45:00,315,39,2,Loyal Mid-Value
12378,1,4008.62,2529,2011-08-02 10:34:00,2011-08-02 10:34:00,130,0,2,Loyal Mid-Value
12379,2,777.24,402,2011-06-22 16:32:00,2011-09-19 10:09:00,82,88,2,Loyal Mid-Value
12380,4,2427.81,1110,2011-06-07 09:49:00,2011-11-18 11:27:00,22,164,2,Loyal Mid-Value
12381,3,1474.81,797,2011-08-12 09:57:00,2011-12-05 12:44:00,5,115,3,New / Low Engagement
12383,5,1628.56,1518,2010-12-22 14:28:00,2011-06-08 08:02:00,185,167,2,Loyal Mid-Value
12384,2,425.27,122,2011-08-10 11:23:00,2011-11-11 08:39:00,29,92,3,New / Low Engagement
12386,2,401.9,354,2010-12-08 09:53:00,2011-01-06 12:37:00,338,29,1,At Risk / Lapsed
12388,6,2780.6600000000003,1462,2011-01-17 11:12:00,2011-11-24 12:30:00,16,311,0,Champions
12390,1,504.84000000000003,350,2011-09-21 09:33:00,2011-09-21 09:33:00,80,0,1,At Risk / Lapsed
12391,1,439.66,293,2011-11-18 12:07:00,2011-11-18 12:07:00,22,0,3,New / Low Engagement
12393,4,1582.6000000000001,816,2011-01-11 09:47:00,2011-09-28 15:41:00,72,260,2,Loyal Mid-Value
12394,2,1080.48,808,2011-05-06 14:01:00,2011-10-07 08:08:00,64,153,2,Loyal Mid-Value
12395,12,2682.63,2097,2010-12-03 16:35:00,2011-11-20 15:21:00,19,351,0,Champions
12397,2,2214.9,1250,2011-07-27 14:21:00,2011-11-04 09:52:00,36,99,2,Loyal Mid-Value
12398,1,1435.66,1389,2011-10-25 10:27:00,2011-10-25 10:27:00,46,0,2,Loyal Mid-Value
12399,4,1033.65,1173,2011-03-23 09:42:00,2011-08-12 13:15:00,119,142,2,Loyal Mid-Value
12401,1,69.3,10,2011-02-09 13:50:00,2011-02-09 13:50:00,303,0,1,At Risk / Lapsed
12402,1,195.60000000000002,92,2011-01-20 13:49:00,2011-01-20 13:49:00,323,0,1,At Risk / Lapsed
12403,1,391.70000000000005,94,2011-10-21 10:51:00,2011-10-21 10:51:00,50,0,1,At Risk / Lapsed
12405,1,1390.39,849,2011-07-14 08:52:00,2011-07-14 08:52:00,149,0,1,At Risk / Lapsed
12406,2,3415.3,1818,2011-06-09 10:23:00,2011-11-17 19:22:00,22,161,2,Loyal Mid-Value
12407,5,1507.12,1403,2011-03-20 13:21:00,2011-10-21 10:11:00,50,214,2,Loyal Mid-Value
12408,5,2618.55,1391,2011-03-24 14:46:00,2011-11-07 12:27:00,33,227,2,Loyal Mid-Value
12409,3,11072.67,5551,2011-06-10 12:19:00,2011-09-22 10:38:00,79,103,2,Loyal Mid-Value
12410,2,533.33,207,2011-02-04 10:38:00,2011-02-04 10:39:00,309,0,1,At Risk / Lapsed
12412,3,1142.88,824,2011-06-23 13:51:00,2011-09-26 10:16:00,75,94,2,Loyal Mid-Value
12413,3,686.1,282,2011-01-06 16:12:00,2011-10-04 09:00:00,67,270,2,Loyal Mid-Value
12414,3,442.41,297,2011-02-02 14:51:00,2011-05-06 14:51:00,217,93,1,At Risk / Lapsed
12415,20,124564.53,77373,2011-01-06 11:12:00,2011-11-15 14:22:00,24,313,0,Champions
12417,9,3226.1,1527,2010-12-17 11:51:00,2011-12-06 14:52:00,3,354,0,Champions
12418,1,668.58,407,2011-08-19 11:08:00,2011-08-19 11:08:00,113,0,1,At Risk / Lapsed
12420,1,600.39,345,2011-10-07 08:55:00,2011-10-07 08:55:00,64,0,1,At Risk / Lapsed
12421,4,639.04,478,2011-01-24 15:09:00,2011-11-24 09:07:00,16,303,3,New / Low Engagement
12422,3,683.5600000000001,367,2011-01-19 09:13:00,2011-09-05 09:48:00,96,229,2,Loyal Mid-Value
12423,8,1634.31,1324,2010-12-21 10:54:00,2011-12-09 10:10:00,1,352,0,Champions
12424,2,1760.96,740,2011-06-30 12:06:00,2011-06-30 12:06:00,163,0,2,Loyal Mid-Value
12425,1,777.2,496,2011-09-22 17:31:00,2011-09-22 17:31:00,78,0,1,At Risk / Lapsed
12426,1,510.73,254,2011-05-29 12:26:00,2011-05-29 12:26:00,195,0,1,At Risk / Lapsed
12427,3,699.8,526,2010-12-03 10:44:00,2011-11-18 08:56:00,22,349,3,New / Low Engagement
12428,8,6405.26,3509,2011-03-01 09:33:00,2011-11-14 08:22:00,26,257,0,Champions
12429,4,3388.4,1538,2010-12-09 12:05:00,2011-11-30 17:22:00,9,356,0,Champions
12430,1,216.4,116,2011-10-27 15:09:00,2011-10-27 15:09:00,43,0,1,At Risk / Lapsed
12431,15,6314.95,2889,2010-12-01 10:03:00,2011-11-04 11:55:00,36,338,0,Champions
12432,4,4359.32,1800,2011-06-20 13:27:00,2011-10-28 11:43:00,43,129,2,Loyal Mid-Value
12433,7,13375.87,11071,2010-12-01 13:24:00,2011-12-09 10:02:00,1,372,0,Champions
12434,2,806.14,394,2011-03-24 13:05:00,2011-09-16 12:38:00,85,175,2,Loyal Mid-Value
12435,2,7829.89,2055,2011-03-17 07:40:00,2011-09-21 09:06:00,80,188,2,Loyal Mid-Value
12436,1,429.01,209,2011-09-01 12:09:00,2011-09-01 12:09:00,100,0,1,At Risk / Lapsed
12437,18,4447.41,2894,2011-01-12 14:13:00,2011-12-08 11:35:00,2,329,0,Champions
12438,2,2466.85,1169,2011-07-22 13:29:00,2011-11-25 13:28:00,14,125,2,Loyal Mid-Value
12441,1,155.55,120,2010-12-08 10:45:00,2010-12-08 10:45:00,367,0,1,At Risk / Lapsed
12442,1,144.06,181,2011-12-06 14:22:00,2011-12-06 14:22:00,3,0,3,New / Low Engagement
12444,5,4085.46,1130,2011-06-21 14:00:00,2011-11-18 13:23:00,21,149,2,Loyal Mid-Value
12445,1,77.4,60,2011-11-17 18:43:00,2011-11-17 18:43:00,22,0,3,New / Low Engagement
12446,1,1002.3100000000001,351,2011-10-13 12:50:00,2011-10-13 12:50:00,58,0,1,At Risk / Lapsed
12447,1,431.49,187,2011-04-10 13:25:00,2011-04-10 13:25:00,243,0,1,At Risk / Lapsed
12448,1,365.45,240,2011-10-26 13:46:00,2011-10-26 13:46:00,44,0,1,At Risk / Lapsed
12449,4,3596.29,1523,2011-06-05 15:37:00,2011-11-17 13:46:00,22,164,2,Loyal Mid-Value
12450,2,197.88,128,2011-06-19 14:36:00,2011-07-06 14:41:00,156,17,1,At Risk / Lapsed
12451,5,8995.52,6574,2011-01-19 09:05:00,2011-11-29 08:40:00,11,313,0,Champions
12452,1,348.57,181,2011-11-23 08:05:00,2011-11-23 08:05:00,17,0,3,New / Low Engagement
12453,1,707.09,473,2011-07-28 14:08:00,2011-07-28 14:08:00,134,0,1,At Risk / Lapsed
12454,1,3528.34,1006,2011-10-14 17:13:00,2011-10-14 17:13:00,56,0,2,Loyal Mid-Value
12455,5,2339.86,2084,2011-02-16 09:56:00,2011-09-27 15:31:00,73,223,2,Loyal Mid-Value
12456,3,2581.04,1618,2011-03-30 09:12:00,2011-10-26 14:41:00,44,210,2,Loyal Mid-Value
12457,6,2043.23,835,2011-04-14 18:57:00,2011-10-04 13:13:00,66,172,2,Loyal Mid-Value
12458,2,787.4,502,2011-02-28 10:55:00,2011-09-29 15:25:00,71,213,2,Loyal Mid-Value
12461,1,626.88,282,2011-07-08 10:23:00,2011-07-08 10:23:00,155,0,1,At Risk / Lapsed
12462,2,937.59,527,2011-02-09 14:44:00,2011-11-21 09:11:00,19,284,3,New / Low Engagement
12463,4,1200.78,768,2011-04-12 12:47:00,2011-10-17 13:44:00,53,188,2,Loyal Mid-Value
12464,8,957.05,95,2011-02-03 13:30:00,2011-11-29 13:33:00,10,299,0,Champions
12465,2,682.19,475,2011-06-23 13:37:00,2011-11-22 16:34:00,17,152,3,New / Low Engagement
12468,2,657.5400000000001,362,2011-01-27 13:29:00,2011-06-05 11:36:00,188,128,1,At Risk / Lapsed
12471,27,17388.65,8092,2010-12-10 09:35:00,2011-12-07 15:43:00,2,362,0,Champions
12472,7,6068.11,4120,2010-12-05 14:19:00,2011-11-07 14:01:00,32,336,0,Champions
12473,3,2585.73,2394,2011-06-01 10:15:00,2011-10-17 11:27:00,54,138,2,Loyal Mid-Value
12474,18,6694.09,4798,2011-01-14 10:06:00,2011-11-22 14:39:00,17,312,0,Champions
12475,1,669.38,532,2011-10-17 10:10:00,2011-10-17 10:10:00,54,0,1,At Risk / Lapsed
12476,11,5898.42,2357,2010-12-13 14:39:00,2011-11-24 12:40:00,16,345,0,Champions
12477,6,13219.74,3653,2011-02-11 12:45:00,2011-11-17 09:51:00,23,278,0,Champions
12478,1,545.99,233,2011-12-06 09:56:00,2011-12-06 09:56:00,4,0,3,New / Low Engagement
12479,1,473.2,382,2011-11-28 13:26:00,2011-11-28 13:26:00,11,0,3,New / Low Engagement
12480,4,2885.63,1685,2011-01-07 15:27:00,2011-11-11 14:52:00,28,307,2,Loyal Mid-Value
12481,10,5003.82,3262,2010-12-09 10:13:00,2011-11-17 08:29:00,23,342,0,Champions
12483,8,1910.98,1094,2011-01-04 14:20:00,2011-11-22 17:02:00,17,322,0,Champions
12484,4,3939.32,2166,2011-01-07 14:04:00,2011-11-04 15:18:00,35,301,2,Loyal Mid-Value
12488,3,1244.66,526,2011-09-25 10:34:00,2011-11-30 08:50:00,10,65,3,New / Low Engagement
12489,1,298.93,103,2011-01-07 13:13:00,2011-01-07 13:13:00,336,0,1,At Risk / Lapsed
12490,10,4859.93,3033,2011-01-14 09:13:00,2011-12-04 16:07:00,5,324,0,Champions
12491,1,424.40000000000003,258,2011-11-01 12:18:00,2011-11-01 12:18:00,39,0,3,New / Low Engagement
12492,2,227.21,190,2011-08-26 14:51:00,2011-10-07 15:15:00,63,42,1,At Risk / Lapsed
12493,2,379.74,204,2011-05-26 14:53:00,2011-06-27 10:17:00,166,31,1,At Risk / Lapsed
12494,7,1084.1,698,2010-12-09 11:31:00,2011-11-24 09:34:00,16,349,2,Loyal Mid-Value
12497,1,953.1,1231,2011-09-19 12:29:00,2011-09-19 12:29:00,82,0,1,At Risk / Lapsed
12498,3,349.70000000000005,156,2011-10-13 09:30:00,2011-11-18 12:53:00,21,36,3,New / Low Engagement
12500,11,4059.8199999999997,2667,2011-01-10 09:48:00,2011-11-16 16:20:00,23,310,0,Champions
12501,1,2025.39,1775,2011-01-07 12:28:00,2011-01-07 12:28:00,337,0,1,At Risk / Lapsed
12502,5,2995.87,794,2011-02-03 10:41:00,2011-09-05 11:52:00,96,214,2,Loyal Mid-Value
12504,2,428.04999999999995,87,2011-11-09 14:56:00,2011-11-21 16:02:00,18,12,3,New / Low Engagement
12506,1,73.5,23,2011-04-21 08:54:00,2011-04-21 08:54:00,233,0,1,At Risk / Lapsed
12507,3,1052.81,885,2011-02-14 09:24:00,2011-07-28 17:09:00,134,164,2,Loyal Mid-Value
12508,2,397.88,271,2011-11-10 16:27:00,2011-11-13 15:37:00,26,2,3,New / Low Engagement
12509,1,158.5,54,2011-02-28 14:45:00,2011-02-28 14:45:00,284,0,1,At Risk / Lapsed
12510,2,814.5699999999999,347,2011-01-18 14:04:00,2011-07-20 10:15:00,143,182,1,At Risk / Lapsed
12512,2,132.18,96,2011-10-04 14:53:00,2011-10-04 14:55:00,66,0,1,At Risk / Lapsed
12513,1,558.29,459,2011-08-19 10:51:00,2011-08-19 10:51:00,113,0,1,At Risk / Lapsed
12514,1,1017.6800000000001,440,2011-03-17 16:38:00,2011-03-17 16:38:00,267,0,1,At Risk / Lapsed
12515,1,278.7,128,2010-12-21 15:43:00,2010-12-21 15:43:00,353,0,1,At Risk / Lapsed
12516,2,1186.06,868,2011-06-12 11:37:00,2011-09-23 09:13:00,78,102,2,Loyal Mid-Value
12517,4,2301.6,1351,2011-06-02 15:13:00,2011-11-11 13:57:00,28,161,2,Loyal Mid-Value
12518,5,1840.89,1306,2011-08-21 13:18:00,2011-12-09 10:13:00,1,109,0,Champions
12519,1,276.84000000000003,172,2011-10-07 09:26:00,2011-10-07 09:26:00,64,0,1,At Risk / Lapsed
12520,5,2346.26,1423,2011-03-11 11:35:00,2011-09-21 15:23:00,79,194,2,Loyal Mid-Value
12521,1,545.68,306,2011-07-20 10:51:00,2011-07-20 10:51:00,143,0,1,At Risk / Lapsed
12522,2,156.72,192,2011-10-19 14:41:00,2011-10-31 15:30:00,39,12,3,New / Low Engagement
12523,11,1699.77,860,2011-01-12 09:43:00,2011-11-20 12:55:00,19,312,0,Champions
12524,8,3945.72,3669,2011-01-10 10:35:00,2011-11-30 15:31:00,9,324,0,Champions
12526,3,1172.66,624,2011-09-06 14:19:00,2011-12-09 12:09:00,1,93,3,New / Low Engagement
12527,3,330.71000000000004,233,2011-01-18 12:05:00,2011-09-19 11:55:00,82,243,1,At Risk / Lapsed
12528,6,1645.48,740,2011-01-31 09:05:00,2011-11-30 14:40:00,9,303,0,Champions
12530,4,1500.28,904,2011-01-07 10:04:00,2011-10-11 12:34:00,60,277,2,Loyal Mid-Value
12531,1,125.22,45,2011-11-25 11:12:00,2011-11-25 11:12:00,15,0,3,New / Low Engagement
12532,1,313.83000000000004,151,2011-11-09 13:47:00,2011-11-09 13:47:00,30,0,3,New / Low Engagement
12534,1,981.18,645,2011-08-01 10:26:00,2011-08-01 10:26:00,131,0,1,At Risk / Lapsed
12535,2,716.35,219,2011-06-06 12:47:00,2011-09-09 08:48:00,92,94,1,At Risk / Lapsed
12536,1,4279.71,2801,2011-10-11 14:52:00,2011-10-11 14:52:00,59,0,2,Loyal Mid-Value
12538,1,363.95,191,2011-11-10 17:16:00,2011-11-10 17:16:00,29,0,3,New / Low Engagement
12539,4,5568.35,2067,2011-01-10 09:11:00,2011-11-17 13:30:00,22,311,2,Loyal Mid-Value
12540,17,11580.24,6620,2010-12-13 09:39:00,2011-11-20 11:31:00,20,342,0,Champions
12541,3,841.18,675,2011-03-04 09:32:00,2011-11-10 10:40:00,30,251,2,Loyal Mid-Value
12544,1,316.7,134,2011-11-03 16:15:00,2011-11-03 16:15:00,36,0,3,New / Low Engagement
12545,2,832.39,517,2011-03-25 12:04:00,2011-09-25 13:39:00,75,184,2,Loyal Mid-Value
12546,2,1021.5,628,2011-09-23 09:44:00,2011-10-24 12:09:00,47,31,2,Loyal Mid-Value
12547,2,151.8,132,2011-03-04 12:46:00,2011-05-26 12:38:00,198,82,1,At Risk / Lapsed
12548,1,67.19999999999999,48,2011-06-26 15:35:00,2011-06-26 15:35:00,166,0,1,At Risk / Lapsed
12550,1,824.83,564,2011-09-21 14:35:00,2011-09-21 14:35:00,79,0,1,At Risk / Lapsed
12551,1,168.0,100,2010-12-17 11:23:00,2010-12-17 11:23:00,358,0,1,At Risk / Lapsed
12552,1,317.82,85,2011-10-31 12:11:00,2011-10-31 12:11:00,40,0,3,New / Low Engagement
12553,10,3278.28,1942,2011-01-14 10:42:00,2011-12-01 16:38:00,8,321,0,Champions
12556,2,599.56,355,2011-07-11 13:35:00,2011-10-20 13:06:00,50,100,3,New / Low Engagement
12557,5,11990.960000000001,4384,2010-12-03 12:20:00,2011-11-23 16:59:00,16,355,0,Champions
12558,1,269.96,196,2011-12-02 10:41:00,2011-12-02 10:41:00,8,0,3,New / Low Engagement
12559,2,525.71,281,2011-01-24 10:12:00,2011-02-02 09:49:00,311,8,1,At Risk / Lapsed
12560,2,1918.01,1098,2011-07-19 15:55:00,2011-12-04 13:54:00,5,137,3,New / Low Engagement
12561,1,238.85,177,2011-02-10 11:39:00,2011-02-10 11:39:00,303,0,1,At Risk / Lapsed
12562,7,3385.7400000000002,1757,2011-05-25 12:44:00,2011-12-01 17:20:00,8,190,0,Champions
12564,1,402.9,130,2011-03-23 14:55:00,2011-03-23 14:55:00,261,0,1,At Risk / Lapsed
12565,1,145.92000000000002,80,2011-02-24 10:34:00,2011-02-24 10:34:00,289,0,1,At Risk / Lapsed
12566,1,297.65,262,2011-09-14 14:30:00,2011-09-14 14:30:00,86,0,1,At Risk / Lapsed
12567,10,8609.28,4261,2010-12-05 11:57:00,2011-11-17 11:02:00,23,346,0,Champions
12569,32,3152.69,1747,2011-04-01 13:47:00,2011-12-07 16:24:00,2,250,0,Champions
12571,2,519.61,523,2011-08-10 12:35:00,2011-10-31 10:19:00,40,81,3,New / Low Engagement
12572,2,912.4200000000001,446,2011-10-19 08:20:00,2011-12-01 09:20:00,9,43,3,New / Low Engagement
12573,1,160.54,84,2011-04-26 15:52:00,2011-04-26 15:52:00,227,0,1,At Risk / Lapsed
12574,1,182.45000000000002,59,2011-01-28 09:20:00,2011-01-28 09:20:00,316,0,1,At Risk / Lapsed
12576,5,1315.83,967,2011-02-08 11:31:00,2011-11-04 10:11:00,36,268,2,Loyal Mid-Value
12577,3,622.65,468,2010-12-15 16:21:00,2011-11-04 13:24:00,35,323,2,Loyal Mid-Value
12578,2,2402.51,1182,2011-01-13 15:34:00,2011-11-18 13:30:00,21,308,2,Loyal Mid-Value
12579,1,386.42,282,2011-09-22 17:15:00,2011-09-22 17:15:00,78,0,1,At Risk / Lapsed
12580,1,379.7,236,2011-04-07 10:24:00,2011-04-07 10:24:00,247,0,1,At Risk / Lapsed
12581,1,179.71,160,2011-10-31 08:56:00,2011-10-31 08:56:00,40,0,1,At Risk / Lapsed
12582,2,351.36,296,2011-02-24 11:42:00,2011-04-15 08:45:00,239,49,1,At Risk / Lapsed
12583,15,6705.38,5028,2010-12-01 08:45:00,2011-12-07 08:07:00,3,370,0,Champions
12584,9,2254.15,413,2011-03-04 15:15:00,2011-12-06 09:35:00,4,276,0,Champions
12585,2,1824.1,1267,2010-12-23 12:58:00,2011-04-19 13:39:00,234,117,2,Loyal Mid-Value
12586,1,196.94,79,2011-11-22 16:24:00,2011-11-22 16:24:00,17,0,3,New / Low Engagement
12587,1,104.0,50,2011-12-02 12:47:00,2011-12-02 12:47:00,8,0,3,New / Low Engagement
12588,1,174.9,52,2011-10-31 15:01:00,2011-10-31 15:01:00,39,0,1,At Risk / Lapsed
12589,2,574.68,302,2011-07-18 12:05:00,2011-11-11 10:19:00,29,115,3,New / Low Engagement
12590,1,9341.26,4282,2011-05-12 14:46:00,2011-05-12 14:46:00,211,0,2,Loyal Mid-Value
12591,1,368.85,225,2011-01-26 14:35:00,2011-01-26 14:35:00,317,0,1,At Risk / Lapsed
12592,2,401.6,288,2011-05-10 13:44:00,2011-09-08 15:04:00,92,121,1,At Risk / Lapsed
12593,3,382.1,204,2011-05-05 09:29:00,2011-08-23 12:43:00,109,110,1,At Risk / Lapsed
12594,9,3208.2200000000003,1772,2011-01-21 09:52:00,2011-11-02 12:20:00,38,285,0,Champions
12596,2,450.27,468,2011-04-11 13:22:00,2011-10-19 13:02:00,51,190,3,New / Low Engagement
12597,4,3195.22,2214,2011-03-16 14:00:00,2011-11-20 13:33:00,19,248,2,Loyal Mid-Value
12598,7,2807.08,1952,2011-02-28 11:58:00,2011-11-30 12:18:00,10,275,0,Champions
12599,7,888.58,948,2011-02-08 13:28:00,2011-11-10 13:34:00,29,275,2,Loyal Mid-Value
12600,10,2311.04,758,2010-12-03 12:57:00,2011-11-11 10:29:00,29,342,0,Champions
12601,5,487.06,240,2011-01-11 10:38:00,2011-06-03 10:17:00,190,142,2,Loyal Mid-Value
12602,1,153.12,162,2011-10-12 11:22:00,2011-10-12 11:22:00,59,0,1,At Risk / Lapsed
12603,1,613.1999999999999,56,2011-11-18 10:42:00,2011-11-18 10:42:00,22,0,3,New / Low Engagement
12604,2,236.18,200,2011-03-23 12:06:00,2011-09-21 14:08:00,79,182,1,At Risk / Lapsed
12607,1,1579.51,1228,2011-10-10 16:06:00,2011-10-10 16:06:00,60,0,2,Loyal Mid-Value
12609,3,964.85,639,2011-01-25 15:13:00,2011-09-22 16:34:00,78,240,2,Loyal Mid-Value
12610,4,1747.54,1039,2011-08-05 13:52:00,2011-11-17 09:34:00,23,103,2,Loyal Mid-Value
12611,1,1193.32,846,2011-10-18 13:12:00,2011-10-18 13:12:00,52,0,2,Loyal Mid-Value
12612,1,668.04,260,2011-09-26 15:35:00,2011-09-26 15:35:00,74,0,1,At Risk / Lapsed
12613,4,3092.38,1630,2011-03-22 15:42:00,2011-10-13 14:59:00,57,204,2,Loyal Mid-Value
12614,1,315.6,76,2011-03-07 10:22:00,2011-03-07 10:22:00,278,0,1,At Risk / Lapsed
12615,4,2093.19,1365,2011-06-24 13:35:00,2011-12-07 15:02:00,2,166,0,Champions
12616,2,641.3,280,2011-02-15 14:17:00,2011-09-05 15:17:00,95,202,1,At Risk / Lapsed
12617,1,352.98,210,2011-11-10 14:39:00,2011-11-10 14:39:00,29,0,3,New / Low Engagement
12618,1,137.31,95,2011-11-18 11:10:00,2011-11-18 11:10:00,22,0,3,New / Low Engagement
12619,8,2945.56,3360,2011-03-31 13:10:00,2011-11-23 14:52:00,16,237,0,Champions
12620,3,1303.41,1179,2011-05-19 12:10:00,2011-11-25 10:20:00,15,189,2,Loyal Mid-Value
12621,20,12411.67,7369,2010-12-09 10:16:00,2011-12-08 11:25:00,2,364,0,Champions
12622,1,162.1,68,2011-04-21 16:39:00,2011-04-21 16:39:00,232,0,1,At Risk / Lapsed
12623,1,269.1,189,2011-03-08 13:50:00,2011-03-08 13:50:00,276,0,1,At Risk / Lapsed
12624,2,569.13,351,2011-06-15 12:34:00,2011-08-25 15:04:00,106,71,1,At Risk / Lapsed
12625,2,2413.82,1597,2011-01-24 13:27:00,2011-05-12 09:54:00,212,107,2,Loyal Mid-Value
12626,9,5954.4800000000005,3416,2011-01-17 11:01:00,2011-11-16 16:06:00,23,303,0,Champions
12627,6,4082.53,2730,2011-07-22 13:59:00,2011-11-29 12:07:00,11,129,0,Champions
12628,3,732.46,445,2011-10-06 09:28:00,2011-12-05 13:15:00,4,60,3,New / Low Engagement
12630,2,1030.88,542,2011-10-27 10:41:00,2011-11-30 10:48:00,10,34,3,New / Low Engagement
12631,1,480.5,232,2011-10-13 13:53:00,2011-10-13 13:53:00,57,0,1,At Risk / Lapsed
12633,4,1929.98,1149,2011-02-25 08:44:00,2011-10-12 11:40:00,59,229,2,Loyal Mid-Value
12635,2,1509.18,1162,2011-07-08 08:43:00,2011-09-11 11:04:00,90,65,2,Loyal Mid-Value
12637,8,5804.9,2983,2011-01-20 10:47:00,2011-10-03 13:46:00,67,256,2,Loyal Mid-Value
12638,1,511.69,573,2011-11-06 13:11:00,2011-11-06 13:11:00,33,0,3,New / Low Engagement
12639,1,366.1,198,2011-04-15 12:48:00,2011-04-15 12:48:00,239,0,1,At Risk / Lapsed
12640,3,994.58,301,2011-09-19 12:01:00,2011-11-16 11:52:00,24,57,2,Loyal Mid-Value
12641,1,145.9,71,2011-08-16 13:26:00,2011-08-16 13:26:00,115,0,1,At Risk / Lapsed
12642,3,905.26,546,2011-08-24 09:23:00,2011-11-14 15:03:00,25,82,2,Loyal Mid-Value
12643,6,3041.64,1788,2011-01-11 11:48:00,2011-08-03 12:56:00,128,204,2,Loyal Mid-Value
12644,1,477.90999999999997,325,2011-08-02 10:33:00,2011-08-02 10:33:00,130,0,1,At Risk / Lapsed
12645,4,1631.18,1076,2011-01-27 13:08:00,2011-11-06 12:38:00,34,282,2,Loyal Mid-Value
12646,2,1346.97,897,2011-10-21 12:52:00,2011-12-05 10:14:00,5,44,3,New / Low Engagement
12647,12,3146.82,1399,2010-12-05 14:02:00,2011-11-17 12:56:00,22,346,0,Champions
12648,1,300.05,159,2011-07-08 11:55:00,2011-07-08 11:55:00,155,0,1,At Risk / Lapsed
12649,3,569.51,583,2011-05-11 14:37:00,2011-08-24 14:41:00,107,105,2,Loyal Mid-Value
12650,1,242.44,250,2011-12-06 16:34:00,2011-12-06 16:34:00,3,0,3,New / Low Engagement
12651,1,114.0,78,2011-01-09 12:46:00,2011-01-09 12:46:00,335,0,1,At Risk / Lapsed
12652,1,793.98,498,2011-01-12 15:00:00,2011-01-12 15:00:00,331,0,1,At Risk / Lapsed
12653,2,2209.85,919,2011-02-16 10:53:00,2011-07-14 10:41:00,149,147,2,Loyal Mid-Value
12654,5,529.98,260,2011-02-17 13:16:00,2011-11-29 10:10:00,11,284,3,New / Low Engagement
12656,5,3619.17,1699,2011-04-20 09:20:00,2011-11-22 13:42:00,17,216,2,Loyal Mid-Value
12657,4,1427.18,1032,2011-09-22 11:40:00,2011-11-28 15:47:00,11,67,2,Loyal Mid-Value
12658,1,632.05,317,2011-11-21 10:22:00,2011-11-21 10:22:00,19,0,3,New / Low Engagement
12659,1,73.68,104,2011-11-10 11:53:00,2011-11-10 11:53:00,30,0,1,At Risk / Lapsed
12660,1,227.10000000000002,126,2011-11-28 13:26:00,2011-11-28 13:26:00,11,0,3,New / Low Engagement
12662,11,3543.78,2041,2010-12-01 13:04:00,2011-12-09 11:59:00,1,372,0,Champions
12664,9,4391.88,1188,2011-01-21 11:42:00,2011-12-01 17:07:00,8,314,0,Champions
12665,1,45.0,36,2011-01-19 08:34:00,2011-01-19 08:34:00,325,0,1,At Risk / Lapsed
12667,1,460.13,391,2011-10-12 17:00:00,2011-10-12 17:00:00,58,0,1,At Risk / Lapsed
12668,4,3177.15,1599,2010-12-19 12:46:00,2011-11-28 10:56:00,12,343,2,Loyal Mid-Value
12669,2,1427.73,1104,2011-03-28 10:15:00,2011-07-12 09:54:00,151,105,2,Loyal Mid-Value
12670,5,2744.05,1383,2011-04-21 10:16:00,2011-11-29 15:23:00,10,222,0,Champions
12672,1,225.9,78,2011-01-14 09:20:00,2011-01-14 09:20:00,330,0,1,At Risk / Lapsed
12673,2,574.52,349,2011-01-17 11:46:00,2011-12-04 13:55:00,5,321,3,New / Low Engagement
12674,4,1844.6,1126,2011-05-16 09:10:00,2011-11-01 12:12:00,39,169,2,Loyal Mid-Value
12676,6,1091.39,664,2011-02-01 15:41:00,2011-11-15 12:25:00,25,286,2,Loyal Mid-Value
12678,9,16331.46,10900,2010-12-21 14:26:00,2011-10-28 13:04:00,42,310,0,Champions
12679,4,951.02,545,2011-03-01 12:26:00,2011-10-12 12:30:00,59,225,2,Loyal Mid-Value
12680,4,790.81,439,2011-08-18 15:44:00,2011-12-09 12:50:00,1,112,3,New / Low Engagement
12681,22,12365.54,7457,2010-12-07 10:08:00,2011-11-25 11:33:00,15,353,0,Champions
12682,31,11019.82,5485,2010-12-03 13:59:00,2011-12-06 10:00:00,4,367,0,Champions
12683,14,7612.57,4934,2010-12-09 10:37:00,2011-12-05 16:28:00,4,361,0,Champions
12684,6,2073.63,1973,2011-05-10 12:55:00,2011-12-02 09:53:00,8,205,0,Champions
12685,6,2575.08,1507,2011-09-07 10:28:00,2011-11-11 13:46:00,28,65,2,Loyal Mid-Value
12686,1,71.14,106,2010-12-03 09:51:00,2010-12-03 09:51:00,372,0,1,At Risk / Lapsed
12688,1,4873.81,3028,2011-08-18 08:49:00,2011-08-18 08:49:00,114,0,2,Loyal Mid-Value
12689,2,1139.61,622,2011-08-04 10:04:00,2011-11-14 08:31:00,26,101,2,Loyal Mid-Value
12690,1,335.01,103,2011-05-18 09:09:00,2011-05-18 09:09:00,206,0,1,At Risk / Lapsed
12691,5,927.8,388,2010-12-17 14:46:00,2011-11-11 16:49:00,28,329,2,Loyal Mid-Value
12693,4,711.91,247,2011-01-24 12:58:00,2011-08-04 17:51:00,127,192,2,Loyal Mid-Value
12694,2,761.67,503,2011-06-09 17:48:00,2011-09-30 13:06:00,70,112,2,Loyal Mid-Value
12695,4,582.1,220,2011-05-13 13:15:00,2011-12-02 13:22:00,7,203,3,New / Low Engagement
12697,3,757.59,503,2011-06-23 15:44:00,2011-11-11 08:47:00,29,140,2,Loyal Mid-Value
12700,4,4525.99,2944,2011-05-08 16:10:00,2011-12-02 10:47:00,8,207,0,Champions
12701,2,725.71,674,2011-04-11 13:02:00,2011-09-21 10:47:00,80,162,2,Loyal Mid-Value
12702,1,201.0,52,2011-11-20 10:36:00,2011-11-20 10:36:00,20,0,3,New / Low Engagement
12703,1,265.55,163,2011-09-29 17:52:00,2011-09-29 17:52:00,71,0,1,At Risk / Lapsed
12704,8,1740.84,991,2011-06-23 10:20:00,2011-12-02 13:15:00,7,162,0,Champions
12705,8,6382.29,3970,2010-12-17 15:58:00,2011-11-24 13:17:00,15,341,0,Champions
12707,1,603.42,256,2011-02-21 08:38:00,2011-02-21 08:38:00,292,0,1,At Risk / Lapsed
12708,10,2442.91,1292,2010-12-06 10:43:00,2011-11-10 09:52:00,30,338,0,Champions
12709,15,9400.52,3895,2010-12-08 09:49:00,2011-11-24 15:38:00,15,351,0,Champions
12710,3,1023.02,844,2011-05-22 14:05:00,2011-09-04 12:00:00,97,104,2,Loyal Mid-Value
12712,13,3928.13,1036,2010-12-03 14:30:00,2011-11-11 08:19:00,29,342,0,Champions
12713,1,794.55,505,2011-12-09 12:16:00,2011-12-09 12:16:00,1,0,3,New / Low Engagement
12714,5,4294.86,3046,2011-02-18 10:53:00,2011-11-30 15:43:00,9,285,0,Champions
12715,1,263.36,190,2011-08-25 15:22:00,2011-08-25 15:22:00,106,0,1,At Risk / Lapsed
12716,2,963.49,703,2011-07-29 13:28:00,2011-12-06 08:55:00,4,129,3,New / Low Engagement
12717,2,830.98,502,2011-04-08 10:32:00,2011-07-11 14:47:00,151,94,1,At Risk / Lapsed
12718,1,202.25,201,2011-09-29 16:38:00,2011-09-29 16:38:00,71,0,1,At Risk / Lapsed
12719,2,572.95,370,2011-10-05 14:50:00,2011-12-04 13:45:00,5,59,3,New / Low Engagement
12720,25,5115.73,4635,2010-12-05 15:21:00,2011-12-07 08:03:00,3,366,0,Champions
12721,6,2386.13,1944,2010-12-20 11:38:00,2011-11-08 12:13:00,32,323,2,Loyal Mid-Value
12722,4,979.63,565,2011-07-12 11:55:00,2011-09-15 14:50:00,85,65,2,Loyal Mid-Value
12723,5,707.07,433,2011-10-05 15:52:00,2011-12-06 10:19:00,4,61,3,New / Low Engagement
12724,4,923.41,439,2011-01-11 15:00:00,2011-12-04 16:02:00,5,327,3,New / Low Engagement
12725,1,371.8,162,2010-12-03 15:45:00,2010-12-03 15:45:00,371,0,1,At Risk / Lapsed
12726,7,2411.1,3132,2010-12-17 12:56:00,2011-11-11 13:35:00,28,329,2,Loyal Mid-Value
12727,7,3440.7,2068,2011-01-23 15:17:00,2011-11-29 11:46:00,11,309,0,Champions
12728,4,728.33,413,2011-01-11 13:31:00,2011-09-29 15:31:00,71,261,2,Loyal Mid-Value
12729,1,417.01,231,2011-08-18 11:40:00,2011-08-18 11:40:00,114,0,1,At Risk / Lapsed
12731,12,18751.91,8429,2010-12-10 10:56:00,2011-11-16 11:59:00,24,341,0,Champions
12732,1,218.26000000000002,110,2011-06-13 11:33:00,2011-06-13 11:33:00,180,0,1,At Risk / Lapsed
12733,1,383.95,137,2011-04-19 16:19:00,2011-04-19 16:19:00,234,0,1,At Risk / Lapsed
12734,1,110.39999999999999,88,2010-12-22 12:47:00,2010-12-22 12:47:00,353,0,1,At Risk / Lapsed
12735,2,689.5699999999999,363,2011-01-06 14:26:00,2011-01-28 13:37:00,315,21,1,At Risk / Lapsed
12736,1,144.0,168,2011-01-11 07:57:00,2011-01-11 07:57:00,333,0,1,At Risk / Lapsed
12738,1,137.35,147,2010-12-02 18:27:00,2010-12-02 18:27:00,372,0,1,At Risk / Lapsed
12739,1,975.54,485,2011-09-01 17:45:00,2011-09-01 17:45:00,99,0,1,At Risk / Lapsed
12740,1,427.6,342,2011-10-07 10:44:00,2011-10-07 10:44:00,64,0,1,At Risk / Lapsed
12743,2,540.13,315,2011-07-28 16:06:00,2011-07-28 16:21:00,134,0,1,At Risk / Lapsed
12744,4,9120.39,5234,2011-01-25 13:26:00,2011-10-14 14:54:00,56,262,2,Loyal Mid-Value
12747,11,4196.01,1275,2010-12-05 15:38:00,2011-12-07 14:34:00,2,366,0,Champions
12748,206,31650.78,25051,2010-12-01 12:48:00,2011-12-09 12:20:00,1,372,0,Champions
12749,5,4040.88,1470,2011-05-10 15:25:00,2011-12-06 09:56:00,4,209,0,Champions
12750,1,275.88,137,2011-08-03 09:13:00,2011-08-03 09:13:00,129,0,1,At Risk / Lapsed
12752,1,4366.78,2262,2011-09-19 13:32:00,2011-09-19 13:32:00,81,0,2,Loyal Mid-Value
12753,6,21429.39,11421,2010-12-12 11:44:00,2011-11-17 10:52:00,23,339,0,Champions
12754,3,3010.7400000000002,6481,2011-02-04 10:31:00,2011-04-18 09:00:00,236,72,2,Loyal Mid-Value
12755,2,3811.9500000000003,1491,2010-12-09 10:44:00,2011-03-04 12:42:00,281,85,2,Loyal Mid-Value
12756,1,112.08,144,2011-09-14 09:31:00,2011-09-14 09:31:00,87,0,1,At Risk / Lapsed
12757,9,4176.75,2387,2011-05-12 19:01:00,2011-11-24 12:30:00,16,195,0,Champions
12758,2,2791.59,2135,2011-03-08 12:05:00,2011-08-15 10:22:00,117,159,2,Loyal Mid-Value
12759,3,1411.44,894,2011-03-09 08:09:00,2011-10-18 14:49:00,52,223,2,Loyal Mid-Value
12762,2,1702.52,1220,2011-11-14 14:23:00,2011-12-02 10:23:00,8,17,3,New / Low Engagement
12763,2,494.08,316,2010-12-05 15:46:00,2011-07-24 14:12:00,138,230,1,At Risk / Lapsed
12764,1,1693.88,386,2011-01-27 10:19:00,2011-01-27 10:19:00,317,0,1,At Risk / Lapsed
12766,7,6457.63,3627,2010-12-08 13:53:00,2011-12-06 08:46:00,4,362,0,Champions
12769,1,1143.6,356,2011-04-15 10:25:00,2011-04-15 10:25:00,239,0,1,At Risk / Lapsed
12770,1,1351.45,743,2011-05-13 09:33:00,2011-05-13 09:33:00,211,0,1,At Risk / Lapsed
12772,1,752.47,551,2011-10-11 09:19:00,2011-10-11 09:19:00,60,0,1,At Risk / Lapsed
12775,5,1281.04,870,2011-02-01 13:45:00,2011-11-22 16:33:00,17,294,2,Loyal Mid-Value
12778,6,693.23,817,2011-01-31 14:35:00,2011-11-20 11:30:00,20,292,2,Loyal Mid-Value
12779,8,3981.36,2024,2010-12-03 13:40:00,2011-11-02 11:43:00,38,333,0,Champions
12781,2,786.74,670,2011-02-28 08:43:00,2011-10-07 10:37:00,64,221,2,Loyal Mid-Value
12782,5,1938.92,1072,2010-12-17 11:30:00,2011-12-05 09:16:00,5,352,0,Champions
12783,4,1295.8700000000001,611,2011-09-25 15:35:00,2011-12-07 15:56:00,2,73,3,New / Low Engagement
12784,1,476.82,278,2011-11-24 12:53:00,2011-11-24 12:53:00,15,0,3,New / Low Engagement
12785,1,255.95,129,2010-12-10 13:48:00,2010-12-10 13:48:00,364,0,1,At Risk / Lapsed
12787,3,418.66,258,2011-05-31 09:36:00,2011-11-30 08:44:00,10,182,3,New / Low Engagement
12789,1,76.85,3,2011-10-05 13:34:00,2011-10-05 13:34:00,65,0,1,At Risk / Lapsed
12790,1,294.92,164,2011-05-31 14:14:00,2011-05-31 14:14:00,192,0,1,At Risk / Lapsed
12791,1,177.60000000000002,96,2010-12-01 11:27:00,2010-12-01 11:27:00,374,0,1,At Risk / Lapsed
12792,1,344.54,215,2011-03-28 11:36:00,2011-03-28 11:36:00,257,0,1,At Risk / Lapsed
12793,2,461.48,292,2010-12-03 15:14:00,2011-01-09 12:12:00,335,36,1,At Risk / Lapsed
12794,2,860.41,592,2011-09-02 12:01:00,2011-10-17 14:54:00,53,45,2,Loyal Mid-Value
12795,1,318.48,64,2011-11-21 10:27:00,2011-11-21 10:27:00,19,0,3,New / Low Engagement
12797,1,226.03,117,2010-12-09 10:55:00,2010-12-09 10:55:00,366,0,1,At Risk / Lapsed
12798,3,6977.04,5256,2011-06-22 10:11:00,2011-11-29 15:52:00,10,160,0,Champions
12802,1,397.58,312,2011-06-06 09:36:00,2011-06-06 09:36:00,187,0,1,At Risk / Lapsed
12808,3,455.65,187,2010-12-06 10:27:00,2011-11-03 10:05:00,37,331,3,New / Low Engagement
12809,1,405.31,217,2011-06-15 10:51:00,2011-06-15 10:51:00,178,0,1,At Risk / Lapsed
12811,2,458.85,227,2011-02-28 15:39:00,2011-03-23 10:55:00,262,22,1,At Risk / Lapsed
12812,1,229.64000000000001,164,2011-10-26 09:54:00,2011-10-26 09:54:00,45,0,1,At Risk / Lapsed
12814,1,85.92,48,2011-08-30 12:11:00,2011-08-30 12:11:00,102,0,1,At Risk / Lapsed
12815,2,863.46,374,2011-05-25 13:34:00,2011-07-15 10:21:00,148,50,1,At Risk / Lapsed
12816,2,452.2,125,2011-06-16 13:24:00,2011-09-05 12:41:00,96,80,1,At Risk / Lapsed
12817,1,126.04,52,2011-03-03 16:28:00,2011-03-03 16:28:00,281,0,1,At Risk / Lapsed
12818,1,1182.0800000000002,920,2011-03-23 12:06:00,2011-03-23 12:06:00,262,0,1,At Risk / Lapsed
12820,4,942.34,722,2011-01-17 12:34:00,2011-12-06 15:12:00,3,323,3,New / Low Engagement
12821,1,92.72,70,2011-05-09 15:51:00,2011-05-09 15:51:00,214,0,1,At Risk / Lapsed
12822,2,948.88,550,2011-09-13 13:46:00,2011-09-30 10:04:00,71,16,2,Loyal Mid-Value
12823,5,1759.5,230,2011-02-16 12:15:00,2011-09-26 07:35:00,75,221,2,Loyal Mid-Value
12824,1,397.12,232,2011-10-11 12:49:00,2011-10-11 12:49:00,60,0,1,At Risk / Lapsed
12826,7,1474.72,1058,2010-12-09 15:21:00,2011-12-07 10:25:00,3,362,0,Champions
12827,3,430.15000000000003,197,2011-10-26 15:44:00,2011-12-04 12:17:00,6,38,3,New / Low Engagement
12828,6,1018.71,494,2011-08-01 16:16:00,2011-12-07 08:45:00,3,127,0,Champions
12829,2,293.0,376,2010-12-14 14:54:00,2011-01-07 11:13:00,337,23,1,At Risk / Lapsed
12830,6,6814.64,9848,2011-06-21 10:53:00,2011-11-02 11:54:00,38,134,2,Loyal Mid-Value
12831,1,215.05,135,2011-03-22 13:02:00,2011-03-22 13:02:00,262,0,1,At Risk / Lapsed
12832,2,383.03000000000003,195,2011-09-02 13:48:00,2011-11-07 13:30:00,32,65,3,New / Low Engagement
12833,1,417.38,156,2011-07-17 13:46:00,2011-07-17 13:46:00,145,0,1,At Risk / Lapsed
12834,1,312.38,110,2011-03-02 09:49:00,2011-03-02 09:49:00,283,0,1,At Risk / Lapsed
12836,4,2610.36,1062,2011-02-01 11:19:00,2011-10-11 15:10:00,59,252,2,Loyal Mid-Value
12837,1,134.1,24,2011-06-19 16:07:00,2011-06-19 16:07:00,173,0,1,At Risk / Lapsed
12838,2,671.95,355,2010-12-01 11:57:00,2011-11-06 12:20:00,34,340,3,New / Low Engagement
12839,14,5591.42,3807,2010-12-07 15:48:00,2011-12-07 12:33:00,3,364,0,Champions
12840,4,2726.77,1511,2011-04-27 12:21:00,2011-07-19 09:29:00,144,82,2,Loyal Mid-Value
12841,25,3991.58,2720,2010-12-03 10:43:00,2011-12-05 11:13:00,5,367,0,Champions
12842,2,1118.99,547,2011-02-04 12:36:00,2011-09-30 15:33:00,70,238,2,Loyal Mid-Value
12843,8,1702.26,781,2011-03-20 14:38:00,2011-10-05 12:09:00,66,198,2,Loyal Mid-Value
12844,2,325.96000000000004,125,2011-08-01 13:11:00,2011-11-10 13:31:00,29,101,3,New / Low Engagement
12845,4,354.09000000000003,204,2011-02-22 14:10:00,2011-03-17 13:34:00,267,22,1,At Risk / Lapsed
12847,1,843.64,873,2011-11-17 13:16:00,2011-11-17 13:16:00,22,0,3,New / Low Engagement
12849,2,992.65,579,2011-03-16 12:26:00,2011-11-08 13:41:00,31,237,2,Loyal Mid-Value
12851,1,131.81,106,2011-09-04 12:41:00,2011-09-04 12:41:00,97,0,1,At Risk / Lapsed
12852,1,311.55,149,2011-02-18 08:47:00,2011-02-18 08:47:00,295,0,1,At Risk / Lapsed
12853,6,1957.1000000000001,800,2011-01-28 10:28:00,2011-07-28 11:29:00,135,181,2,Loyal Mid-Value
12854,3,1316.25,626,2011-01-25 13:35:00,2011-09-22 12:15:00,79,239,2,Loyal Mid-Value
12855,1,38.1,30,2010-12-02 09:37:00,2010-12-02 09:37:00,373,0,1,At Risk / Lapsed
12856,6,2170.78,1076,2011-10-07 12:38:00,2011-12-02 10:52:00,8,55,0,Champions
12857,2,1106.4,343,2011-02-10 12:32:00,2011-05-13 10:20:00,211,91,1,At Risk / Lapsed
12863,1,521.1999999999999,188,2011-10-18 14:15:00,2011-10-18 14:15:00,52,0,1,At Risk / Lapsed
12864,1,147.12,216,2011-07-24 13:03:00,2011-07-24 13:03:00,138,0,1,At Risk / Lapsed
12865,2,1568.23,925,2011-08-08 10:11:00,2011-11-13 14:31:00,26,97,2,Loyal Mid-Value
12866,1,499.12,167,2011-03-01 14:11:00,2011-03-01 14:11:00,283,0,1,At Risk / Lapsed
12867,7,4009.34,4284,2010-12-14 16:39:00,2011-11-13 15:30:00,26,333,0,Champions
12868,6,1607.0600000000002,928,2010-12-01 12:50:00,2011-06-07 10:42:00,186,187,2,Loyal Mid-Value
12871,2,380.64,200,2011-05-16 13:32:00,2011-09-16 15:07:00,84,123,1,At Risk / Lapsed
12872,2,599.97,319,2010-12-09 14:44:00,2011-01-17 10:52:00,327,38,1,At Risk / Lapsed
12873,1,374.0,128,2011-03-02 14:58:00,2011-03-02 14:58:00,282,0,1,At Risk / Lapsed
12875,2,343.2300000000001,2019,2010-12-12 12:03:00,2011-07-19 15:30:00,143,219,1,At Risk / Lapsed
12876,2,2053.02,1930,2011-05-27 13:34:00,2011-10-13 12:26:00,58,138,2,Loyal Mid-Value
12877,12,1535.77,1178,2010-12-16 12:23:00,2011-12-06 10:30:00,4,354,0,Champions
12878,2,854.99,547,2011-03-18 14:02:00,2011-04-17 13:07:00,236,29,1,At Risk / Lapsed
12879,3,573.22,370,2011-09-09 12:11:00,2011-10-26 12:24:00,45,47,2,Loyal Mid-Value
12881,1,298.0,21,2011-03-09 11:44:00,2011-03-09 11:44:00,276,0,1,At Risk / Lapsed
12882,2,1463.04,246,2011-11-06 11:22:00,2011-11-30 16:18:00,9,24,3,New / Low Engagement
12883,4,703.47,196,2011-09-11 15:18:00,2011-11-15 09:32:00,25,64,2,Loyal Mid-Value
12884,1,309.05,43,2011-09-12 13:10:00,2011-09-12 13:10:00,88,0,1,At Risk / Lapsed
12885,3,1175.22,655,2011-08-08 11:45:00,2011-10-07 13:40:00,63,60,2,Loyal Mid-Value
12886,2,1378.4,770,2011-05-04 11:21:00,2011-10-03 10:09:00,68,151,2,Loyal Mid-Value
12888,2,354.12,76,2011-03-29 14:31:00,2011-05-09 16:02:00,214,41,1,At Risk / Lapsed
12890,1,376.72,256,2011-11-15 17:26:00,2011-11-15 17:26:00,24,0,3,New / Low Engagement
12891,3,331.0,950,2011-02-20 11:28:00,2011-06-07 12:31:00,186,107,1,At Risk / Lapsed
12893,1,176.55,90,2011-11-09 12:34:00,2011-11-09 12:34:00,31,0,3,New / Low Engagement
12895,2,372.8,210,2011-09-14 08:35:00,2011-10-28 13:51:00,42,44,3,New / Low Engagement
12897,2,216.5,110,2011-02-11 11:40:00,2011-05-19 12:13:00,205,97,1,At Risk / Lapsed
12901,28,17654.54,23075,2011-03-14 10:41:00,2011-12-01 10:07:00,9,261,0,Champions
12902,1,138.68,66,2011-03-20 12:06:00,2011-03-20 12:06:00,265,0,1,At Risk / Lapsed
12904,2,496.06,294,2011-06-20 13:18:00,2011-11-21 14:34:00,18,154,3,New / Low Engagement
12906,5,2919.81,1749,2011-09-22 15:03:00,2011-11-28 09:55:00,12,66,0,Champions
12908,2,750.0,1200,2011-01-31 12:37:00,2011-06-16 15:39:00,176,136,1,At Risk / Lapsed
12909,5,2178.67,1280,2011-03-31 12:51:00,2011-10-31 12:43:00,40,213,2,Loyal Mid-Value
12910,8,3075.04,1692,2011-04-12 10:01:00,2011-11-16 14:28:00,23,218,0,Champions
12912,5,1662.3,670,2011-10-30 11:35:00,2011-12-07 08:55:00,3,37,0,Champions
12913,5,2483.63,1419,2010-12-06 16:36:00,2011-12-05 12:11:00,5,363,0,Champions
12915,2,363.65,93,2010-12-02 12:33:00,2011-07-14 11:34:00,149,223,1,At Risk / Lapsed
12916,4,2944.95,1083,2011-01-23 10:43:00,2011-07-24 10:35:00,139,181,2,Loyal Mid-Value
12917,1,594.0,120,2011-08-03 16:42:00,2011-08-03 16:42:00,128,0,1,At Risk / Lapsed
12919,6,1335.19,673,2011-06-23 09:22:00,2011-12-01 13:47:00,8,161,0,Champions
12920,1,162.78,128,2011-11-22 15:05:00,2011-11-22 15:05:00,17,0,3,New / Low Engagement
12921,37,16587.09,9526,2010-12-01 15:06:00,2011-11-30 16:22:00,9,364,0,Champions
12922,1,405.38,370,2011-07-01 15:35:00,2011-07-01 15:35:00,161,0,1,At Risk / Lapsed
12923,1,171.57,67,2011-10-06 16:20:00,2011-10-06 16:20:00,64,0,1,At Risk / Lapsed
12924,4,925.75,480,2011-01-16 11:49:00,2011-09-12 13:55:00,88,239,2,Loyal Mid-Value
12925,2,694.05,541,2011-09-26 11:05:00,2011-12-05 11:11:00,5,70,3,New / Low Engagement
12928,5,2062.7,1472,2010-12-15 15:45:00,2011-11-04 14:24:00,35,323,2,Loyal Mid-Value
12929,1,117.85,37,2011-02-01 12:08:00,2011-02-01 12:08:00,312,0,1,At Risk / Lapsed
12930,2,415.8,252,2011-06-21 13:25:00,2011-09-22 15:18:00,78,93,1,At Risk / Lapsed
12931,15,42055.96,28004,2010-12-17 09:45:00,2011-11-18 12:39:00,22,336,0,Champions
12933,3,607.53,499,2011-03-01 11:30:00,2011-11-15 16:38:00,24,259,3,New / Low Engagement
12935,7,2160.7,1853,2011-01-24 13:58:00,2011-12-07 17:25:00,2,317,0,Champions
12936,4,1063.9,559,2011-09-22 13:51:00,2011-11-22 17:32:00,17,61,2,Loyal Mid-Value
12937,4,1504.27,1007,2011-03-17 14:19:00,2011-11-24 15:05:00,15,252,2,Loyal Mid-Value
12938,1,114.14,140,2011-11-14 11:21:00,2011-11-14 11:21:00,26,0,3,New / Low Engagement
12939,8,11581.8,4876,2011-01-09 11:20:00,2011-10-06 14:33:00,64,270,0,Champions
12940,2,899.69,404,2011-09-13 10:16:00,2011-10-16 12:09:00,55,33,2,Loyal Mid-Value
12942,3,675.6,198,2010-12-09 09:34:00,2011-07-31 14:39:00,131,234,2,Loyal Mid-Value
12944,2,604.51,289,2010-12-20 10:41:00,2011-11-04 11:04:00,36,319,3,New / Low Engagement
12945,1,462.95,165,2011-02-24 14:15:00,2011-02-24 14:15:00,288,0,1,At Risk / Lapsed
12947,6,1603.99,1165,2010-12-01 16:21:00,2011-07-19 10:06:00,144,229,2,Loyal Mid-Value
12948,7,2064.95,1080,2011-03-20 10:17:00,2011-11-23 17:10:00,16,248,0,Champions
12949,8,4167.22,2381,2011-04-01 13:20:00,2011-11-09 11:25:00,31,221,0,Champions
12950,3,1843.0,1380,2011-11-15 13:48:00,2011-12-07 13:17:00,2,21,3,New / Low Engagement
12951,6,1064.07,503,2011-01-13 10:33:00,2011-12-01 12:14:00,9,322,2,Loyal Mid-Value
12952,4,1387.79,653,2011-09-22 16:37:00,2011-12-04 10:35:00,6,72,3,New / Low Engagement
12953,1,329.85,84,2011-11-30 09:24:00,2011-11-30 09:24:00,10,0,3,New / Low Engagement
12955,11,4757.16,3664,2011-03-17 09:03:00,2011-12-08 16:29:00,1,266,0,Champions
12956,1,108.07,34,2011-02-06 16:08:00,2011-02-06 16:08:00,306,0,1,At Risk / Lapsed
12957,8,4017.54,2549,2011-01-04 12:18:00,2011-11-30 09:53:00,10,329,0,Champions
12962,2,266.39,129,2011-08-18 13:38:00,2011-12-02 15:55:00,7,106,3,New / Low Engagement
12963,8,1856.63,881,2010-12-09 09:14:00,2011-12-01 12:55:00,8,357,0,Champions
12965,1,769.8100000000001,282,2011-09-11 15:31:00,2011-09-11 15:31:00,89,0,1,At Risk / Lapsed
12966,1,160.18,75,2011-11-30 12:38:00,2011-11-30 12:38:00,10,0,3,New / Low Engagement
12967,2,1660.9,438,2010-12-03 09:49:00,2010-12-16 19:10:00,358,13,2,Loyal Mid-Value
12968,1,135.95,73,2011-08-19 15:44:00,2011-08-19 15:44:00,112,0,1,At Risk / Lapsed
12970,4,405.47,268,2011-01-21 14:04:00,2011-12-02 14:30:00,7,315,3,New / Low Engagement
12971,86,11189.91,9289,2010-12-02 16:42:00,2011-12-06 12:20:00,4,368,0,Champions
12974,1,144.8,24,2011-05-26 09:33:00,2011-05-26 09:33:00,198,0,1,At Risk / Lapsed
12976,1,738.6,561,2011-05-12 09:55:00,2011-05-12 09:55:00,212,0,1,At Risk / Lapsed
12977,1,39.24,12,2011-07-06 16:40:00,2011-07-06 16:40:00,156,0,1,At Risk / Lapsed
12980,9,7374.900000000001,886,2010-12-16 11:36:00,2011-07-05 09:34:00,158,200,2,Loyal Mid-Value
12981,2,372.21999999999997,242,2011-07-29 14:14:00,2011-11-10 12:00:00,30,103,3,New / Low Engagement
12982,1,390.54,288,2011-04-11 11:51:00,2011-04-11 11:51:00,243,0,1,At Risk / Lapsed
12984,1,97.5,26,2011-11-21 12:37:00,2011-11-21 12:37:00,19,0,3,New / Low Engagement
12985,2,1239.38,1533,2011-11-11 12:44:00,2011-12-09 10:46:00,1,27,3,New / Low Engagement
12987,2,558.7,219,2011-05-26 12:00:00,2011-09-27 12:03:00,74,124,1,At Risk / Lapsed
12988,1,505.82,126,2011-02-20 14:31:00,2011-02-20 14:31:00,292,0,1,At Risk / Lapsed
12989,15,6924.11,2943,2010-12-10 13:24:00,2011-12-06 15:28:00,3,361,0,Champions
12990,3,409.5,200,2011-02-02 15:39:00,2011-11-08 13:01:00,31,278,3,New / Low Engagement
12991,2,503.76,405,2011-08-19 14:39:00,2011-11-16 15:34:00,23,89,3,New / Low Engagement
12993,4,414.76,240,2011-02-14 14:29:00,2011-11-16 15:49:00,23,275,3,New / Low Engagement
12994,3,974.42,459,2011-03-16 08:31:00,2011-12-05 15:43:00,4,264,3,New / Low Engagement
12995,1,211.32,108,2011-09-15 15:44:00,2011-09-15 15:44:00,85,0,1,At Risk / Lapsed
12997,4,1226.89,664,2011-01-26 15:49:00,2011-11-17 15:47:00,22,294,2,Loyal Mid-Value
12999,3,455.88,342,2011-04-08 10:26:00,2011-05-27 13:24:00,196,49,1,At Risk / Lapsed
13000,3,534.85,379,2010-12-10 10:26:00,2011-08-25 10:43:00,107,258,2,Loyal Mid-Value
13001,13,9785.97,5490,2011-01-17 12:45:00,2011-12-05 14:51:00,4,322,0,Champions
13002,1,120.95,73,2011-01-25 15:18:00,2011-01-25 15:18:00,318,0,1,At Risk / Lapsed
13003,3,149.05,103,2011-05-09 08:23:00,2011-08-26 10:50:00,106,109,1,At Risk / Lapsed
13004,18,5655.91,4822,2010-12-17 08:20:00,2011-11-28 11:27:00,12,346,0,Champions
13005,2,513.7,172,2011-04-07 13:32:00,2011-06-19 10:53:00,174,72,1,At Risk / Lapsed
13006,1,81.57,55,2011-10-14 13:49:00,2011-10-14 13:49:00,56,0,1,At Risk / Lapsed
13008,1,229.47,175,2011-01-20 14:24:00,2011-01-20 14:24:00,323,0,1,At Risk / Lapsed
13011,1,50.550000000000004,13,2010-12-02 17:22:00,2010-12-02 17:22:00,372,0,1,At Risk / Lapsed
13012,8,1646.8400000000001,820,2011-02-18 09:43:00,2011-11-30 13:05:00,9,285,0,Champions
13013,13,4810.9400000000005,2224,2010-12-03 12:28:00,2011-12-08 15:01:00,1,370,0,Champions
13014,10,3466.28,905,2011-03-03 18:28:00,2011-11-29 12:27:00,11,270,0,Champions
13015,5,3339.64,1609,2011-04-04 14:28:00,2011-10-17 13:19:00,53,195,2,Loyal Mid-Value
13016,3,789.89,527,2011-08-08 15:00:00,2011-09-27 14:08:00,73,49,2,Loyal Mid-Value
13017,1,204.0,48,2011-12-02 15:53:00,2011-12-02 15:53:00,7,0,3,New / Low Engagement
13018,28,7277.7,5435,2011-02-17 11:05:00,2011-11-23 13:28:00,16,279,0,Champions
13021,9,2616.38,1352,2010-12-16 10:12:00,2011-12-05 16:37:00,4,354,0,Champions
13023,2,599.9,280,2011-08-02 09:34:00,2011-10-06 16:27:00,64,65,1,At Risk / Lapsed
13026,5,975.36,1620,2011-03-09 11:35:00,2011-12-08 16:58:00,1,274,0,Champions
13027,6,6912.0,17280,2010-12-20 12:45:00,2011-08-18 09:39:00,114,240,2,Loyal Mid-Value
13028,2,661.3199999999999,798,2011-10-25 14:09:00,2011-11-17 11:10:00,23,22,3,New / Low Engagement
13029,3,1247.5,134,2010-12-21 13:53:00,2011-11-09 09:13:00,31,322,2,Loyal Mid-Value
13030,2,752.44,348,2010-12-06 14:31:00,2011-11-28 14:30:00,11,356,3,New / Low Engagement
13032,2,1010.1800000000001,375,2011-09-13 16:40:00,2011-10-18 15:54:00,52,34,2,Loyal Mid-Value
13033,1,190.55,83,2010-12-17 14:23:00,2010-12-17 14:23:00,357,0,1,At Risk / Lapsed
13034,2,642.77,369,2010-12-05 14:52:00,2011-10-16 12:21:00,55,314,2,Loyal Mid-Value
13035,2,921.88,644,2011-03-24 09:21:00,2011-09-27 08:57:00,74,186,2,Loyal Mid-Value
13037,3,881.07,431,2011-03-28 15:42:00,2011-07-24 15:46:00,138,118,2,Loyal Mid-Value
13038,3,908.46,360,2011-02-22 11:43:00,2011-09-20 14:37:00,80,210,2,Loyal Mid-Value
13040,2,676.99,355,2011-11-06 13:53:00,2011-12-01 10:38:00,9,24,3,New / Low Engagement
13043,1,516.42,254,2011-03-11 14:52:00,2011-03-11 14:52:00,273,0,1,At Risk / Lapsed
13044,1,560.47,429,2011-02-21 15:20:00,2011-02-21 15:20:00,291,0,1,At Risk / Lapsed
13045,1,305.28000000000003,221,2011-09-01 15:04:00,2011-09-01 15:04:00,99,0,1,At Risk / Lapsed
13046,2,629.3100000000001,264,2011-03-18 15:43:00,2011-11-09 08:36:00,31,235,3,New / Low Engagement
13047,9,3232.59,1390,2010-12-01 08:34:00,2011-10-14 11:15:00,57,317,2,Loyal Mid-Value
13048,4,1819.41,1228,2011-01-16 14:36:00,2011-11-25 13:23:00,14,312,2,Loyal Mid-Value
13049,2,656.6800000000001,268,2011-01-25 16:33:00,2011-10-06 15:31:00,64,253,2,Loyal Mid-Value
13050,17,5833.11,3747,2010-12-08 09:30:00,2011-11-25 09:18:00,15,351,0,Champions
13052,1,348.15,222,2011-05-11 14:12:00,2011-05-11 14:12:00,212,0,1,At Risk / Lapsed
13055,3,1214.41,894,2011-05-10 08:58:00,2011-09-22 14:26:00,78,135,2,Loyal Mid-Value
13058,3,271.4,52,2011-07-11 12:01:00,2011-11-15 12:43:00,25,127,3,New / Low Engagement
13059,1,183.4,35,2011-04-04 10:40:00,2011-04-04 10:40:00,250,0,1,At Risk / Lapsed
13060,1,307.53000000000003,123,2011-03-31 11:37:00,2011-03-31 11:37:00,254,0,1,At Risk / Lapsed
13061,1,248.60999999999999,107,2011-09-28 16:04:00,2011-09-28 16:04:00,72,0,1,At Risk / Lapsed
13062,1,346.98,343,2011-06-01 15:12:00,2011-06-01 15:12:00,191,0,1,At Risk / Lapsed
13064,4,1105.59,514,2011-01-16 13:41:00,2011-11-27 12:31:00,13,314,2,Loyal Mid-Value
13065,1,205.86,74,2010-12-01 16:52:00,2010-12-01 16:52:00,373,0,1,At Risk / Lapsed
13066,2,470.8,322,2011-11-07 17:06:00,2011-11-15 12:57:00,24,7,3,New / Low Engagement
13067,1,115.46000000000001,32,2011-09-18 13:38:00,2011-09-18 13:38:00,82,0,1,At Risk / Lapsed
13068,2,344.0,200,2011-01-24 08:20:00,2011-11-29 15:00:00,10,309,3,New / Low Engagement
13069,24,4431.44,5873,2010-12-05 11:02:00,2011-12-09 08:39:00,1,368,0,Champions
13070,1,228.8,110,2011-05-31 13:45:00,2011-05-31 13:45:00,192,0,1,At Risk / Lapsed
13072,1,177.15,69,2011-03-18 08:12:00,2011-03-18 08:12:00,267,0,1,At Risk / Lapsed
13075,1,919.61,485,2011-08-02 10:19:00,2011-08-02 10:19:00,130,0,1,At Risk / Lapsed
13077,4,728.02,862,2010-12-08 14:59:00,2011-12-08 19:24:00,1,365,3,New / Low Engagement
13078,26,12627.94,5630,2010-12-08 09:07:00,2011-12-06 15:36:00,3,363,0,Champions
13079,5,220.10000000000002,62,2011-07-22 14:41:00,2011-12-05 16:53:00,4,136,3,New / Low Engagement
13080,1,58.08,120,2011-06-13 14:59:00,2011-06-13 14:59:00,179,0,1,At Risk / Lapsed
13081,11,28337.38,19068,2010-12-03 17:20:00,2011-11-28 10:54:00,12,359,0,Champions
13082,9,3613.63,4324,2011-01-05 15:42:00,2011-08-05 16:16:00,126,212,2,Loyal Mid-Value
13083,2,303.75,187,2011-09-25 10:46:00,2011-12-05 15:01:00,4,71,3,New / Low Engagement
13085,2,416.08,216,2011-02-17 13:57:00,2011-07-05 12:11:00,158,137,1,At Risk / Lapsed
13089,97,58762.08,31025,2010-12-05 10:27:00,2011-12-07 09:02:00,3,366,0,Champions
13090,13,8895.82,2262,2010-12-02 07:48:00,2011-12-01 12:39:00,9,364,0,Champions
13091,1,345.82,466,2011-11-11 15:54:00,2011-11-11 15:54:00,28,0,3,New / Low Engagement
13092,5,477.83,279,2010-12-15 12:27:00,2011-09-30 11:18:00,71,288,2,Loyal Mid-Value
13093,8,7832.47,3961,2010-12-01 15:00:00,2011-03-09 12:14:00,276,97,2,Loyal Mid-Value
13094,12,1927.3200000000002,1716,2010-12-06 10:34:00,2011-11-18 14:07:00,21,347,0,Champions
13095,1,74.39999999999999,144,2011-09-30 12:03:00,2011-09-30 12:03:00,71,0,1,At Risk / Lapsed
13097,10,6003.22,2360,2010-12-14 15:13:00,2011-11-07 10:43:00,33,327,0,Champions
13098,28,28882.44,15968,2011-01-26 13:46:00,2011-12-08 14:14:00,1,316,0,Champions
13099,1,207.36,288,2011-09-01 17:40:00,2011-09-01 17:40:00,99,0,1,At Risk / Lapsed
13101,1,101.19,113,2011-04-19 14:37:00,2011-04-19 14:37:00,234,0,1,At Risk / Lapsed
13102,24,6424.09,4204,2010-12-09 13:38:00,2011-12-08 12:52:00,1,363,0,Champions
13103,1,243.94,82,2011-10-31 09:38:00,2011-10-31 09:38:00,40,0,1,At Risk / Lapsed
13104,6,1098.48,504,2010-12-20 11:58:00,2011-12-06 13:10:00,3,351,0,Champions
13106,1,76.5,18,2011-07-29 15:12:00,2011-07-29 15:12:00,133,0,1,At Risk / Lapsed
13107,4,1531.6200000000001,1293,2011-01-10 12:28:00,2011-10-26 14:52:00,44,289,2,Loyal Mid-Value
13108,1,350.05999999999995,298,2010-12-02 10:35:00,2010-12-02 10:35:00,373,0,1,At Risk / Lapsed
13109,2,786.54,520,2011-07-05 14:56:00,2011-10-11 10:16:00,60,97,2,Loyal Mid-Value
13110,7,1488.67,388,2011-02-01 15:24:00,2011-11-08 14:30:00,31,279,2,Loyal Mid-Value
13113,24,12245.960000000001,3045,2010-12-08 13:21:00,2011-12-09 12:49:00,1,365,0,Champions
13115,4,2294.78,1567,2011-06-08 16:15:00,2011-11-28 12:38:00,12,172,2,Loyal Mid-Value
13116,1,501.14,291,2011-07-24 14:33:00,2011-07-24 14:33:00,138,0,1,At Risk / Lapsed
13117,8,984.91,945,2010-12-02 13:11:00,2011-11-18 12:02:00,22,350,2,Loyal Mid-Value
13118,5,1197.81,410,2011-02-24 12:32:00,2011-11-20 12:46:00,20,269,2,Loyal Mid-Value
13120,1,30.6,12,2011-04-15 10:19:00,2011-04-15 10:19:00,239,0,1,At Risk / Lapsed
13121,1,283.73,252,2011-03-15 16:47:00,2011-03-15 16:47:00,269,0,1,At Risk / Lapsed
13122,2,922.39,585,2011-04-13 14:12:00,2011-09-06 15:53:00,94,146,2,Loyal Mid-Value
13124,3,3756.33,2119,2010-12-15 15:00:00,2011-09-11 12:45:00,90,269,2,Loyal Mid-Value
13126,8,2099.64,2143,2010-12-08 11:42:00,2011-12-05 10:00:00,5,361,0,Champions
13127,1,259.17,127,2011-09-23 10:26:00,2011-09-23 10:26:00,78,0,1,At Risk / Lapsed
13130,1,64.0,32,2011-09-06 15:30:00,2011-09-06 15:30:00,94,0,1,At Risk / Lapsed
13131,3,1073.3,447,2011-06-05 10:54:00,2011-11-16 13:21:00,23,164,2,Loyal Mid-Value
13132,1,77.3,20,2011-03-23 12:44:00,2011-03-23 12:44:00,262,0,1,At Risk / Lapsed
13133,2,109.8,32,2011-02-08 15:48:00,2011-03-11 10:31:00,274,30,1,At Risk / Lapsed
13134,4,1793.58,1059,2011-04-13 12:57:00,2011-09-15 10:35:00,86,154,2,Loyal Mid-Value
13135,1,3096.0,4300,2011-05-27 10:52:00,2011-05-27 10:52:00,197,0,2,Loyal Mid-Value
13136,5,2607.61,1328,2011-05-11 12:47:00,2011-10-14 13:41:00,56,156,2,Loyal Mid-Value
13137,8,3603.29,2204,2011-02-04 11:54:00,2011-11-29 12:09:00,11,298,0,Champions
13138,6,962.39,473,2010-12-02 15:03:00,2011-11-17 16:51:00,22,350,2,Loyal Mid-Value
13139,7,5064.9400000000005,2425,2011-03-25 11:57:00,2011-11-23 13:54:00,16,243,0,Champions
13140,3,422.46999999999997,185,2010-12-08 15:12:00,2011-08-23 15:33:00,108,258,1,At Risk / Lapsed
13141,5,2388.75,1548,2011-01-28 13:04:00,2011-09-16 09:54:00,85,230,2,Loyal Mid-Value
13142,1,307.09000000000003,258,2011-11-20 16:07:00,2011-11-20 16:07:00,19,0,3,New / Low Engagement
13144,1,110.95,21,2011-01-11 11:15:00,2011-01-11 11:15:00,333,0,1,At Risk / Lapsed
13145,4,618.52,145,2010-12-02 18:06:00,2011-10-31 12:45:00,40,332,2,Loyal Mid-Value
13146,1,228.91,154,2011-11-13 15:29:00,2011-11-13 15:29:00,26,0,3,New / Low Engagement
13147,4,712.8,144,2011-09-01 12:28:00,2011-11-29 13:59:00,10,89,3,New / Low Engagement
13148,12,3683.26,1965,2010-12-10 13:06:00,2011-11-10 15:23:00,29,335,0,Champions
13149,4,1676.06,1280,2011-02-23 13:57:00,2011-11-25 13:09:00,14,274,2,Loyal Mid-Value
13151,1,1257.8700000000001,363,2011-02-17 12:29:00,2011-02-17 12:29:00,296,0,1,At Risk / Lapsed
13153,1,486.22,418,2011-12-04 12:14:00,2011-12-04 12:14:00,6,0,3,New / Low Engagement
13155,4,971.76,497,2010-12-06 12:44:00,2011-11-06 15:41:00,33,335,2,Loyal Mid-Value
13157,4,1741.22,1439,2011-02-14 14:03:00,2011-10-21 13:50:00,49,248,2,Loyal Mid-Value
13158,4,1201.06,784,2011-01-25 09:58:00,2011-09-06 11:58:00,95,224,2,Loyal Mid-Value
13159,4,1429.35,1058,2011-08-16 11:44:00,2011-12-01 11:20:00,9,106,2,Loyal Mid-Value
13160,1,91.8,56,2011-11-17 13:07:00,2011-11-17 13:07:00,22,0,3,New / Low Engagement
13161,1,112.75,29,2011-01-30 14:03:00,2011-01-30 14:03:00,313,0,1,At Risk / Lapsed
13162,4,1688.29,1713,2011-01-09 10:43:00,2011-08-09 15:59:00,122,212,2,Loyal Mid-Value
13165,2,1021.48,1376,2010-12-23 14:06:00,2011-10-24 15:05:00,46,305,2,Loyal Mid-Value
13166,1,417.2,216,2011-03-01 15:16:00,2011-03-01 15:16:00,283,0,1,At Risk / Lapsed
13167,4,779.33,773,2011-07-19 12:13:00,2011-11-21 12:24:00,19,125,2,Loyal Mid-Value
13168,4,1299.59,670,2011-01-25 13:55:00,2011-11-03 12:56:00,36,281,2,Loyal Mid-Value
13169,2,712.88,272,2011-04-01 14:24:00,2011-10-07 12:11:00,64,188,2,Loyal Mid-Value
13170,1,108.81,141,2011-11-13 12:19:00,2011-11-13 12:19:00,27,0,3,New / Low Engagement
13171,3,468.40999999999997,229,2011-02-13 14:16:00,2011-11-18 10:27:00,22,277,3,New / Low Engagement
13173,2,353.65,277,2010-12-07 14:30:00,2011-12-05 15:51:00,4,363,3,New / Low Engagement
13174,3,2738.82,1351,2010-12-05 16:24:00,2011-11-23 14:35:00,16,352,2,Loyal Mid-Value
13176,1,481.49,448,2011-10-24 15:43:00,2011-10-24 15:43:00,46,0,1,At Risk / Lapsed
13177,1,282.45,91,2011-10-06 09:56:00,2011-10-06 09:56:00,65,0,1,At Risk / Lapsed
13178,11,5725.47,3570,2010-12-14 12:22:00,2011-11-13 16:14:00,26,334,0,Champions
13182,1,121.18,201,2011-10-25 13:46:00,2011-10-25 13:46:00,45,0,1,At Risk / Lapsed
13183,9,3957.78,2208,2011-01-09 10:50:00,2011-12-02 10:30:00,8,326,0,Champions
13184,10,1667.95,1661,2011-02-22 17:25:00,2011-11-25 12:02:00,15,275,0,Champions
13185,1,71.4,12,2011-03-17 11:56:00,2011-03-17 11:56:00,268,0,1,At Risk / Lapsed
13186,3,1575.89,820,2011-08-03 09:09:00,2011-10-31 11:40:00,40,89,2,Loyal Mid-Value
13187,1,236.02,95,2011-01-06 18:57:00,2011-01-06 18:57:00,337,0,1,At Risk / Lapsed
13188,1,114.6,25,2011-11-28 15:28:00,2011-11-28 15:28:00,11,0,3,New / Low Engagement
13189,2,260.68,842,2011-08-16 13:12:00,2011-11-21 10:39:00,19,96,3,New / Low Engagement
13192,2,911.94,595,2011-05-18 14:57:00,2011-09-05 14:13:00,95,109,2,Loyal Mid-Value
13193,1,112.08,46,2011-10-09 14:30:00,2011-10-09 14:30:00,61,0,1,At Risk / Lapsed
13194,1,60.7,26,2011-07-27 09:01:00,2011-07-27 09:01:00,136,0,1,At Risk / Lapsed
13196,4,1797.78,1224,2011-03-22 14:24:00,2011-11-28 13:54:00,11,250,2,Loyal Mid-Value
13198,6,3401.2400000000002,2648,2010-12-13 09:29:00,2011-11-29 15:17:00,10,351,0,Champions
13199,37,9802.12,6175,2010-12-08 10:51:00,2011-12-06 12:30:00,4,363,0,Champions
13200,4,870.09,516,2011-08-05 14:50:00,2011-11-20 15:35:00,19,107,2,Loyal Mid-Value
13203,4,869.46,800,2011-04-11 14:40:00,2011-11-30 10:45:00,10,232,3,New / Low Engagement
13207,2,250.26000000000002,130,2011-07-12 11:35:00,2011-11-24 14:52:00,15,135,3,New / Low Engagement
13208,5,1193.17,767,2011-02-03 19:32:00,2011-10-11 16:25:00,59,249,2,Loyal Mid-Value
13209,8,5891.61,4253,2010-12-13 10:31:00,2011-11-09 13:54:00,30,331,0,Champions
13210,1,353.48,316,2011-09-07 08:18:00,2011-09-07 08:18:00,94,0,1,At Risk / Lapsed
13211,3,1095.42,834,2010-12-13 16:17:00,2011-11-29 14:43:00,10,350,3,New / Low Engagement
13212,3,786.83,309,2011-10-09 14:48:00,2011-11-20 12:40:00,20,41,3,New / Low Engagement
13213,5,1520.58,1360,2011-05-24 12:22:00,2011-10-14 11:42:00,57,142,2,Loyal Mid-Value
13216,1,333.74,297,2011-03-17 12:18:00,2011-03-17 12:18:00,268,0,1,At Risk / Lapsed
13217,3,533.98,262,2011-07-06 12:08:00,2011-08-09 15:32:00,122,34,1,At Risk / Lapsed
13218,1,62.64,88,2011-08-04 16:59:00,2011-08-04 16:59:00,127,0,1,At Risk / Lapsed
13220,4,819.2900000000001,196,2011-04-17 10:59:00,2011-09-22 13:38:00,78,158,2,Loyal Mid-Value
13221,2,844.86,243,2010-12-15 13:24:00,2011-04-13 16:58:00,240,119,1,At Risk / Lapsed
13223,2,163.2,88,2011-04-21 15:16:00,2011-05-23 13:03:00,200,31,1,At Risk / Lapsed
13224,2,2152.95,1515,2011-07-11 14:10:00,2011-10-10 14:55:00,60,91,2,Loyal Mid-Value
13225,7,6463.84,3416,2010-12-13 09:49:00,2011-12-06 13:29:00,3,358,0,Champions
13226,1,108.21,80,2011-03-11 14:35:00,2011-03-11 14:35:00,273,0,1,At Risk / Lapsed
13227,1,257.7,99,2011-05-22 11:47:00,2011-05-22 11:47:00,202,0,1,At Risk / Lapsed
13228,1,358.0,200,2011-09-19 14:28:00,2011-09-19 14:28:00,81,0,1,At Risk / Lapsed
13229,1,160.95,63,2011-04-28 12:07:00,2011-04-28 12:07:00,226,0,1,At Risk / Lapsed
13230,14,2755.63,1638,2010-12-09 19:28:00,2011-12-05 16:03:00,4,360,0,Champions
13232,7,1327.75,771,2011-04-10 13:48:00,2011-11-27 10:39:00,13,230,0,Champions
13233,2,605.12,1004,2011-01-07 14:49:00,2011-09-26 13:25:00,74,261,1,At Risk / Lapsed
13235,1,1031.07,441,2011-05-11 17:13:00,2011-05-11 17:13:00,212,0,1,At Risk / Lapsed
13236,2,744.85,416,2011-08-25 08:58:00,2011-11-15 12:50:00,25,82,3,New / Low Engagement
13238,4,700.73,298,2010-12-14 14:37:00,2011-11-22 15:37:00,17,343,3,New / Low Engagement
13239,1,329.56,327,2011-03-23 10:25:00,2011-03-23 10:25:00,262,0,1,At Risk / Lapsed
13240,4,648.7,297,2010-12-09 12:49:00,2011-09-04 14:08:00,96,269,2,Loyal Mid-Value
13242,3,270.40000000000003,130,2011-05-10 12:26:00,2011-08-19 12:53:00,112,101,1,At Risk / Lapsed
13243,1,585.12,232,2011-05-20 13:14:00,2011-05-20 13:14:00,203,0,1,At Risk / Lapsed
13244,1,121.74,38,2011-09-08 11:46:00,2011-09-08 11:46:00,93,0,1,At Risk / Lapsed
13245,1,430.5,125,2011-10-20 11:40:00,2011-10-20 11:40:00,51,0,1,At Risk / Lapsed
13246,6,1961.52,1587,2011-01-13 13:36:00,2011-11-21 16:50:00,18,312,2,Loyal Mid-Value
13247,4,501.12,328,2011-09-18 11:31:00,2011-11-22 10:59:00,18,64,3,New / Low Engagement
13248,2,465.68,305,2011-06-03 13:05:00,2011-08-07 12:40:00,125,64,1,At Risk / Lapsed
13249,3,711.41,546,2011-03-23 15:26:00,2011-09-08 13:26:00,92,168,2,Loyal Mid-Value
13253,2,1030.4,1572,2011-01-04 15:43:00,2011-07-06 10:09:00,157,182,2,Loyal Mid-Value
13255,2,399.51,177,2010-12-01 11:58:00,2011-11-30 13:14:00,9,364,3,New / Low Engagement
13258,3,672.83,282,2011-05-18 13:11:00,2011-11-28 09:31:00,12,193,3,New / Low Engagement
13259,1,283.18,126,2011-10-09 10:48:00,2011-10-09 10:48:00,62,0,1,At Risk / Lapsed
13260,1,557.62,142,2011-10-09 13:21:00,2011-10-09 13:21:00,61,0,1,At Risk / Lapsed
13261,2,944.1,210,2011-02-27 10:41:00,2011-03-16 12:22:00,269,17,1,At Risk / Lapsed
13262,1,200.29,125,2011-03-21 15:06:00,2011-03-21 15:06:00,263,0,1,At Risk / Lapsed
13263,34,7411.71,4761,2011-01-18 16:31:00,2011-12-08 13:59:00,1,323,0,Champions
13265,5,2092.66,1740,2011-03-11 09:54:00,2011-10-17 15:02:00,53,220,2,Loyal Mid-Value
13266,12,3834.2599999999998,4428,2011-03-28 10:14:00,2011-11-28 14:39:00,11,245,0,Champions
13267,19,4521.49,1969,2010-12-08 09:20:00,2011-12-07 11:12:00,3,364,0,Champions
13268,10,3152.71,3548,2011-03-17 13:20:00,2011-11-22 11:34:00,18,249,0,Champions
13269,15,5343.28,3513,2010-12-05 11:51:00,2011-12-08 14:53:00,1,368,0,Champions
13270,1,590.0,200,2010-12-08 14:53:00,2010-12-08 14:53:00,366,0,1,At Risk / Lapsed
13271,1,211.49,240,2011-11-02 14:31:00,2011-11-02 14:31:00,37,0,3,New / Low Engagement
13272,2,276.56,96,2011-09-11 12:06:00,2011-11-08 14:00:00,31,58,3,New / Low Engagement
13273,1,138.98,153,2011-08-18 14:02:00,2011-08-18 14:02:00,113,0,1,At Risk / Lapsed
13276,2,590.9300000000001,161,2011-09-01 10:03:00,2011-10-07 12:44:00,64,36,1,At Risk / Lapsed
13277,4,258.4,176,2011-07-29 10:06:00,2011-11-24 09:21:00,16,117,3,New / Low Engagement
13278,1,542.73,537,2011-10-30 11:49:00,2011-10-30 11:49:00,41,0,3,New / Low Engagement
13279,1,137.75,73,2011-09-22 17:24:00,2011-09-22 17:24:00,78,0,1,At Risk / Lapsed
13280,3,798.46,518,2011-01-06 17:10:00,2011-08-09 13:14:00,122,214,2,Loyal Mid-Value
13282,3,1132.14,307,2011-05-03 12:03:00,2011-11-21 15:33:00,18,202,2,Loyal Mid-Value
13283,2,93.66,90,2011-06-07 12:39:00,2011-10-11 09:50:00,60,125,1,At Risk / Lapsed
13284,1,201.19,91,2011-01-13 09:23:00,2011-01-13 09:23:00,331,0,1,At Risk / Lapsed
13285,4,2709.12,2051,2011-02-22 17:13:00,2011-11-16 13:19:00,23,266,2,Loyal Mid-Value
13291,1,361.11,233,2011-07-07 10:36:00,2011-07-07 10:36:00,156,0,1,At Risk / Lapsed
13292,2,578.94,347,2011-02-28 15:00:00,2011-11-01 10:04:00,39,245,3,New / Low Engagement
13294,2,873.74,453,2011-04-04 12:37:00,2011-06-03 08:54:00,190,59,1,At Risk / Lapsed
13295,1,201.20000000000002,82,2010-12-15 11:21:00,2010-12-15 11:21:00,360,0,1,At Risk / Lapsed
13296,1,87.4,78,2011-07-25 13:46:00,2011-07-25 13:46:00,137,0,1,At Risk / Lapsed
13297,4,2089.85,963,2011-10-03 15:08:00,2011-12-02 09:32:00,8,59,2,Loyal Mid-Value
13298,1,360.0,96,2011-12-08 13:11:00,2011-12-08 13:11:00,1,0,3,New / Low Engagement
13299,1,142.5,30,2011-03-16 12:55:00,2011-03-16 12:55:00,268,0,1,At Risk / Lapsed
13300,1,371.89,203,2011-06-23 13:09:00,2011-06-23 13:09:00,169,0,1,At Risk / Lapsed
13301,4,600.1899999999999,343,2011-02-20 13:13:00,2011-08-28 11:25:00,104,188,2,Loyal Mid-Value
13302,1,63.75,5,2011-07-07 17:56:00,2011-07-07 17:56:00,155,0,1,At Risk / Lapsed
13304,1,300.42,238,2010-12-23 14:35:00,2010-12-23 14:35:00,351,0,1,At Risk / Lapsed
13305,10,2000.86,1232,2010-12-02 12:10:00,2011-12-05 15:15:00,4,368,0,Champions
13307,1,15.0,4,2011-08-11 17:14:00,2011-08-11 17:14:00,120,0,1,At Risk / Lapsed
13308,3,1385.51,843,2011-05-20 13:13:00,2011-11-17 09:31:00,23,180,2,Loyal Mid-Value
13309,5,1456.79,1544,2011-02-04 12:29:00,2011-12-02 16:34:00,7,301,0,Champions
13310,3,1132.03,587,2011-01-19 14:50:00,2011-11-11 17:23:00,28,296,2,Loyal Mid-Value
13311,2,598.57,305,2011-07-12 14:26:00,2011-12-05 12:55:00,4,145,3,New / Low Engagement
13313,5,1555.3200000000002,851,2011-01-04 10:00:00,2011-11-17 16:48:00,22,317,2,Loyal Mid-Value
13314,3,775.94,560,2011-09-27 10:20:00,2011-12-08 12:29:00,2,72,3,New / Low Engagement
13316,4,5732.93,5508,2011-03-30 13:01:00,2011-11-02 13:40:00,37,217,2,Loyal Mid-Value
13317,6,2273.68,1035,2010-12-16 09:22:00,2011-10-04 13:35:00,66,292,2,Loyal Mid-Value
13318,3,640.76,304,2011-11-02 13:26:00,2011-12-08 18:51:00,1,36,3,New / Low Engagement
13319,26,10845.550000000001,4724,2010-12-09 10:04:00,2011-12-04 13:34:00,5,360,0,Champions
13320,4,1532.2,1086,2011-05-10 10:29:00,2011-09-22 18:07:00,78,135,2,Loyal Mid-Value
13321,2,567.36,372,2011-09-14 15:18:00,2011-09-28 15:24:00,72,14,1,At Risk / Lapsed
13322,1,199.48000000000002,117,2011-11-22 14:21:00,2011-11-22 14:21:00,17,0,3,New / Low Engagement
13323,5,787.85,175,2011-09-16 13:23:00,2011-12-06 17:12:00,3,81,3,New / Low Engagement
13324,10,7121.95,5205,2010-12-14 09:50:00,2011-11-03 16:28:00,36,324,0,Champions
13325,1,675.3,240,2011-09-19 10:36:00,2011-09-19 10:36:00,82,0,1,At Risk / Lapsed
13327,8,3627.77,1600,2010-12-09 15:32:00,2011-11-01 10:21:00,39,326,2,Loyal Mid-Value
13328,1,1308.48,680,2011-01-27 15:22:00,2011-01-27 15:22:00,316,0,1,At Risk / Lapsed
13329,2,789.0,463,2010-12-08 10:11:00,2011-11-08 10:29:00,32,335,3,New / Low Engagement
13330,3,1140.93,751,2011-01-28 10:08:00,2011-09-08 12:27:00,93,223,2,Loyal Mid-Value
13332,1,350.90000000000003,179,2011-11-25 13:30:00,2011-11-25 13:30:00,14,0,3,New / Low Engagement
13334,3,3502.32,1764,2011-02-07 11:42:00,2011-09-18 15:21:00,82,223,2,Loyal Mid-Value
13336,1,795.12,559,2011-09-23 14:05:00,2011-09-23 14:05:00,77,0,1,At Risk / Lapsed
13338,1,437.02,255,2011-07-05 09:06:00,2011-07-05 09:06:00,158,0,1,At Risk / Lapsed
13339,1,860.12,326,2011-05-23 08:31:00,2011-05-23 08:31:00,201,0,1,At Risk / Lapsed
13340,7,10736.48,5770,2011-03-08 11:39:00,2011-10-25 13:15:00,45,231,0,Champions
13341,1,775.85,301,2011-03-24 09:50:00,2011-03-24 09:50:00,261,0,1,At Risk / Lapsed
13343,1,303.43,134,2011-06-15 12:24:00,2011-06-15 12:24:00,178,0,1,At Risk / Lapsed
13344,3,2511.69,952,2011-03-07 10:28:00,2011-10-03 09:45:00,68,209,2,Loyal Mid-Value
13345,1,339.5,140,2011-02-25 09:01:00,2011-02-25 09:01:00,288,0,1,At Risk / Lapsed
13347,1,291.36,204,2011-09-30 13:28:00,2011-09-30 13:28:00,70,0,1,At Risk / Lapsed
13348,1,233.76000000000002,136,2011-10-06 17:28:00,2011-10-06 17:28:00,64,0,1,At Risk / Lapsed
13349,1,197.32,224,2011-11-29 08:07:00,2011-11-29 08:07:00,11,0,3,New / Low Engagement
13350,2,879.12,285,2011-09-21 13:33:00,2011-11-23 16:33:00,16,63,3,New / Low Engagement
13351,1,323.94,116,2011-10-04 12:55:00,2011-10-04 12:55:00,66,0,1,At Risk / Lapsed
13352,1,347.98,320,2011-10-10 13:55:00,2011-10-10 13:55:00,60,0,1,At Risk / Lapsed
13354,1,743.53,604,2011-09-29 13:17:00,2011-09-29 13:17:00,71,0,1,At Risk / Lapsed
13355,1,674.7,314,2011-08-09 14:48:00,2011-08-09 14:48:00,122,0,1,At Risk / Lapsed
13356,1,768.24,325,2011-09-20 14:33:00,2011-09-20 14:33:00,80,0,1,At Risk / Lapsed
13357,1,609.4,321,2011-03-27 13:56:00,2011-03-27 13:56:00,257,0,1,At Risk / Lapsed
13358,1,389.03,284,2011-03-16 11:52:00,2011-03-16 11:52:00,269,0,1,At Risk / Lapsed
13359,1,389.56,160,2011-10-07 09:30:00,2011-10-07 09:30:00,64,0,1,At Risk / Lapsed
13362,4,3090.7400000000002,1382,2011-02-25 11:33:00,2011-11-30 14:41:00,9,278,0,Champions
13363,2,892.5,708,2011-10-27 10:46:00,2011-11-22 12:40:00,18,26,3,New / Low Engagement
13364,1,134.96,71,2011-09-29 18:13:00,2011-09-29 18:13:00,71,0,1,At Risk / Lapsed
13365,2,2225.37,1247,2011-05-06 12:00:00,2011-11-06 12:36:00,34,184,2,Loyal Mid-Value
13366,1,56.16,144,2011-10-20 13:37:00,2011-10-20 13:37:00,50,0,1,At Risk / Lapsed
13368,2,573.4,326,2011-01-06 12:32:00,2011-03-28 09:59:00,257,80,1,At Risk / Lapsed
13369,1,258.28000000000003,148,2010-12-09 11:30:00,2010-12-09 11:30:00,366,0,1,At Risk / Lapsed
13370,1,754.87,343,2010-12-03 10:26:00,2010-12-03 10:26:00,372,0,1,At Risk / Lapsed
13372,1,328.64,158,2011-09-11 12:46:00,2011-09-11 12:46:00,90,0,1,At Risk / Lapsed
13373,3,3312.25,1651,2011-03-08 14:35:00,2011-10-10 10:51:00,61,215,2,Loyal Mid-Value
13375,1,778.65,442,2011-09-12 10:19:00,2011-09-12 10:19:00,89,0,1,At Risk / Lapsed
13376,3,869.76,490,2011-04-19 13:03:00,2011-09-01 16:16:00,99,135,2,Loyal Mid-Value
13379,3,572.5600000000001,601,2011-07-26 12:26:00,2011-11-13 13:45:00,26,110,3,New / Low Engagement
13381,6,3639.31,2029,2011-02-14 10:10:00,2011-11-08 11:58:00,32,267,2,Loyal Mid-Value
13382,1,222.99,131,2011-03-04 10:03:00,2011-03-04 10:03:00,281,0,1,At Risk / Lapsed
13384,7,4151.93,2422,2011-06-14 12:47:00,2011-11-09 11:04:00,31,147,0,Champions
13385,1,534.57,281,2011-01-14 09:52:00,2011-01-14 09:52:00,330,0,1,At Risk / Lapsed
13388,2,677.1,282,2011-07-31 12:52:00,2011-07-31 12:52:00,131,0,1,At Risk / Lapsed
13389,3,797.96,429,2011-04-21 12:12:00,2011-11-28 14:01:00,11,221,3,New / Low Engagement
13390,1,544.08,224,2011-09-26 08:38:00,2011-09-26 08:38:00,75,0,1,At Risk / Lapsed
13391,1,59.8,4,2011-05-20 10:50:00,2011-05-20 10:50:00,204,0,1,At Risk / Lapsed
13394,8,2520.02,2392,2011-02-03 10:39:00,2011-12-08 11:36:00,2,308,0,Champions
13395,1,307.72,336,2011-06-07 15:04:00,2011-06-07 15:04:00,185,0,1,At Risk / Lapsed
13396,2,1360.99,600,2011-01-24 13:37:00,2011-11-10 16:59:00,29,290,2,Loyal Mid-Value
13397,5,1544.13,430,2011-01-04 13:50:00,2011-09-28 10:56:00,73,266,2,Loyal Mid-Value
13398,1,457.34000000000003,281,2011-05-31 13:17:00,2011-05-31 13:17:00,192,0,1,At Risk / Lapsed
13402,2,621.23,479,2010-12-02 17:12:00,2011-08-04 15:51:00,127,244,1,At Risk / Lapsed
13403,1,75.0,44,2011-11-22 08:28:00,2011-11-22 08:28:00,18,0,3,New / Low Engagement
13404,2,252.49,111,2011-05-11 11:57:00,2011-12-08 15:37:00,1,211,3,New / Low Engagement
13405,2,557.45,163,2011-01-26 09:27:00,2011-05-19 16:31:00,204,113,1,At Risk / Lapsed
13408,62,28117.04,16232,2010-12-01 10:39:00,2011-12-08 09:05:00,2,371,0,Champions
13410,5,1003.06,518,2011-02-21 14:38:00,2011-11-15 15:33:00,24,267,2,Loyal Mid-Value
13411,1,213.55,72,2011-08-24 13:57:00,2011-08-24 13:57:00,107,0,1,At Risk / Lapsed
13414,3,1390.5,1574,2011-02-16 12:13:00,2011-07-29 11:45:00,134,162,2,Loyal Mid-Value
13416,2,712.5,142,2011-09-19 14:43:00,2011-10-27 08:56:00,44,37,2,Loyal Mid-Value
13417,2,640.83,162,2011-05-18 16:26:00,2011-12-05 08:49:00,5,200,3,New / Low Engagement
13418,18,6127.43,3918,2010-12-02 10:45:00,2011-11-28 10:23:00,12,360,0,Champions
13419,1,221.06,275,2011-10-07 12:49:00,2011-10-07 12:49:00,64,0,1,At Risk / Lapsed
13420,2,159.85,101,2011-06-22 11:35:00,2011-07-13 08:48:00,150,20,1,At Risk / Lapsed
13421,2,1823.21,1103,2011-02-22 15:46:00,2011-10-30 14:21:00,40,249,2,Loyal Mid-Value
13422,1,2626.3,1326,2011-10-06 13:42:00,2011-10-06 13:42:00,64,0,2,Loyal Mid-Value
13425,3,1624.21,1123,2011-02-18 08:34:00,2011-08-23 17:13:00,108,186,2,Loyal Mid-Value
13426,10,3641.32,2245,2010-12-15 12:43:00,2011-12-09 08:59:00,1,358,0,Champions
13427,3,582.6,545,2011-05-08 15:58:00,2011-11-20 13:02:00,19,195,3,New / Low Engagement
13428,1,201.78,151,2011-11-29 14:20:00,2011-11-29 14:20:00,10,0,3,New / Low Engagement
13429,4,1006.8,1390,2011-09-25 15:59:00,2011-11-29 09:10:00,11,64,3,New / Low Engagement
13430,2,679.45,751,2011-09-14 14:26:00,2011-11-21 08:19:00,19,67,3,New / Low Engagement
13431,2,1269.1,672,2011-09-12 11:25:00,2011-10-03 13:49:00,67,21,2,Loyal Mid-Value
13434,2,534.24,300,2011-09-04 10:35:00,2011-09-26 14:30:00,74,22,1,At Risk / Lapsed
13435,7,3809.89,2129,2011-06-03 17:07:00,2011-12-04 14:45:00,5,183,0,Champions
13436,1,196.89,76,2011-12-08 10:33:00,2011-12-08 10:33:00,2,0,3,New / Low Engagement
13437,7,3408.06,1283,2011-06-02 14:30:00,2011-11-25 14:00:00,14,175,0,Champions
13439,1,283.71,242,2011-03-29 14:20:00,2011-03-29 14:20:00,255,0,1,At Risk / Lapsed
13441,1,296.64,204,2011-09-09 09:38:00,2011-09-09 09:38:00,92,0,1,At Risk / Lapsed
13447,3,1129.14,584,2011-11-04 10:10:00,2011-11-16 13:38:00,23,12,2,Loyal Mid-Value
13448,6,3534.69,1648,2010-12-01 10:52:00,2011-11-23 12:33:00,17,357,0,Champions
13449,1,291.88,222,2011-11-16 08:28:00,2011-11-16 08:28:00,24,0,3,New / Low Engagement
13450,6,2043.72,1982,2011-05-05 19:48:00,2011-11-13 11:54:00,27,191,2,Loyal Mid-Value
13451,5,2898.2599999999998,2128,2011-01-09 15:35:00,2011-11-13 15:58:00,26,308,2,Loyal Mid-Value
13452,2,590.0,2,2011-03-14 11:38:00,2011-03-25 14:19:00,259,11,1,At Risk / Lapsed
13453,2,356.98,134,2011-02-23 09:44:00,2011-06-27 09:34:00,166,123,1,At Risk / Lapsed
13455,2,1058.34,354,2010-12-08 13:11:00,2011-11-15 11:21:00,25,341,3,New / Low Engagement
13456,6,1766.72,765,2011-05-16 15:34:00,2011-11-22 09:18:00,18,189,2,Loyal Mid-Value
13458,14,9646.57,5508,2010-12-15 12:05:00,2011-12-02 15:29:00,7,352,0,Champions
13460,2,183.44,286,2011-10-21 09:50:00,2011-11-10 17:17:00,29,20,3,New / Low Engagement
13461,3,1445.0,1170,2011-06-29 10:23:00,2011-11-01 09:01:00,39,124,2,Loyal Mid-Value
13462,1,151.5,62,2011-04-01 11:20:00,2011-04-01 11:20:00,253,0,1,At Risk / Lapsed
13464,1,674.68,403,2011-10-12 15:01:00,2011-10-12 15:01:00,58,0,1,At Risk / Lapsed
13466,1,307.90000000000003,259,2011-06-08 16:39:00,2011-06-08 16:39:00,184,0,1,At Risk / Lapsed
13467,2,1071.91,580,2011-11-03 16:56:00,2011-11-29 10:01:00,11,25,3,New / Low Engagement
13468,37,5704.97,2589,2010-12-01 15:08:00,2011-12-08 10:39:00,2,371,0,Champions
13470,2,165.0,100,2011-08-16 17:06:00,2011-09-01 14:57:00,99,15,1,At Risk / Lapsed
13471,4,2501.84,1583,2011-10-23 13:10:00,2011-12-08 15:44:00,1,46,0,Champions
13473,2,422.64,266,2011-01-11 08:45:00,2011-10-10 11:20:00,61,272,1,At Risk / Lapsed
13474,1,226.84,129,2011-04-17 13:53:00,2011-04-17 13:53:00,236,0,1,At Risk / Lapsed
13475,4,1431.78,1012,2011-02-14 12:36:00,2011-06-01 13:52:00,191,107,2,Loyal Mid-Value
13476,2,1238.47,417,2011-03-03 14:43:00,2011-06-14 12:00:00,179,102,2,Loyal Mid-Value
13477,6,1454.58,1021,2011-02-21 12:29:00,2011-11-02 12:04:00,38,253,2,Loyal Mid-Value
13479,2,300.95,134,2011-04-19 11:27:00,2011-05-23 10:45:00,201,33,1,At Risk / Lapsed
13481,5,1804.56,1142,2011-03-28 09:07:00,2011-10-25 09:07:00,46,211,2,Loyal Mid-Value
13482,1,184.64000000000001,116,2011-04-21 17:03:00,2011-04-21 17:03:00,232,0,1,At Risk / Lapsed
13483,1,140.34,160,2011-10-05 11:53:00,2011-10-05 11:53:00,66,0,1,At Risk / Lapsed
13484,1,313.8,44,2011-04-12 16:30:00,2011-04-12 16:30:00,241,0,1,At Risk / Lapsed
13485,1,454.24,277,2011-04-20 13:58:00,2011-04-20 13:58:00,233,0,1,At Risk / Lapsed
13486,3,1122.41,669,2011-07-07 17:19:00,2011-09-22 13:13:00,78,76,2,Loyal Mid-Value
13487,3,575.4,265,2010-12-21 14:54:00,2011-10-13 12:07:00,58,295,2,Loyal Mid-Value
13488,13,8968.31,4518,2010-12-07 13:01:00,2011-11-22 14:41:00,17,350,0,Champions
13489,4,449.52,560,2011-02-18 10:42:00,2011-08-26 13:16:00,105,189,2,Loyal Mid-Value
13491,10,1215.82,903,2010-12-02 14:30:00,2011-10-19 08:32:00,52,320,2,Loyal Mid-Value
13492,3,1269.8400000000001,408,2011-05-09 10:06:00,2011-07-26 14:25:00,136,78,2,Loyal Mid-Value
13493,2,498.63,377,2011-02-25 16:42:00,2011-03-09 15:35:00,275,11,1,At Risk / Lapsed
13494,1,316.26000000000005,162,2011-02-01 11:58:00,2011-02-01 11:58:00,312,0,1,At Risk / Lapsed
13495,5,2044.87,829,2010-12-06 15:14:00,2011-12-02 11:21:00,8,360,0,Champions
13496,2,653.33,341,2010-12-15 10:17:00,2011-11-29 10:58:00,11,349,3,New / Low Engagement
13497,2,348.05,163,2010-12-06 11:37:00,2011-03-02 09:04:00,283,85,1,At Risk / Lapsed
13499,5,1159.11,1365,2011-03-15 08:52:00,2011-11-22 11:21:00,18,252,2,Loyal Mid-Value
13500,3,1166.77,609,2011-08-09 12:20:00,2011-11-16 15:35:00,23,99,2,Loyal Mid-Value
13501,1,1340.32,560,2011-02-24 18:59:00,2011-02-24 18:59:00,288,0,1,At Risk / Lapsed
13502,3,292.0,264,2011-01-20 09:03:00,2011-11-23 10:39:00,17,307,3,New / Low Engagement
13503,1,216.85,248,2011-09-29 13:23:00,2011-09-29 13:23:00,71,0,1,At Risk / Lapsed
13504,1,295.93,178,2011-10-06 13:20:00,2011-10-06 13:20:00,64,0,1,At Risk / Lapsed
13505,4,3633.63,2467,2011-04-21 12:07:00,2011-09-28 11:56:00,73,159,2,Loyal Mid-Value
13506,2,458.52,324,2010-12-05 12:15:00,2011-01-27 13:53:00,316,53,1,At Risk / Lapsed
13507,4,2479.16,1597,2011-07-17 11:50:00,2011-12-06 13:13:00,3,142,0,Champions
13508,1,110.97,24,2011-04-10 11:58:00,2011-04-10 11:58:00,244,0,1,At Risk / Lapsed
13509,6,964.72,1105,2011-02-28 13:27:00,2011-12-01 10:10:00,9,275,2,Loyal Mid-Value
13510,4,1791.56,1386,2011-06-09 09:32:00,2011-12-08 13:46:00,1,182,0,Champions
13512,1,251.21,143,2011-03-24 10:03:00,2011-03-24 10:03:00,261,0,1,At Risk / Lapsed
13513,1,205.1,109,2011-08-05 11:50:00,2011-08-05 11:50:00,127,0,1,At Risk / Lapsed
13514,1,152.20000000000002,40,2011-09-27 09:39:00,2011-09-27 09:39:00,74,0,1,At Risk / Lapsed
13515,4,891.12,681,2011-04-06 10:33:00,2011-09-28 11:26:00,73,175,2,Loyal Mid-Value
13516,3,1389.41,985,2011-04-15 11:06:00,2011-11-18 13:15:00,21,217,2,Loyal Mid-Value
13517,3,2128.42,1369,2011-06-13 08:44:00,2011-10-11 11:43:00,60,120,2,Loyal Mid-Value
13518,1,627.16,382,2011-09-15 10:29:00,2011-09-15 10:29:00,86,0,1,At Risk / Lapsed
13519,1,122.75,23,2011-09-22 18:24:00,2011-09-22 18:24:00,78,0,1,At Risk / Lapsed
13520,6,2984.35,1633,2010-12-03 10:36:00,2011-10-12 10:20:00,59,312,2,Loyal Mid-Value
13521,3,1070.47,715,2011-11-29 15:09:00,2011-12-08 13:50:00,1,8,3,New / Low Engagement
13522,1,125.80000000000001,44,2011-11-09 15:11:00,2011-11-09 15:11:00,30,0,3,New / Low Engagement
13523,5,3964.88,1752,2010-12-08 14:22:00,2011-11-06 15:11:00,33,333,2,Loyal Mid-Value
13524,5,680.1800000000001,324,2011-05-04 12:26:00,2011-10-30 12:34:00,41,179,2,Loyal Mid-Value
13525,2,628.78,394,2011-04-05 15:36:00,2011-11-25 12:01:00,15,233,3,New / Low Engagement
13527,7,2242.36,1683,2011-01-17 11:17:00,2011-11-06 12:04:00,34,293,2,Loyal Mid-Value
13529,2,307.76,74,2011-05-19 11:50:00,2011-09-22 09:15:00,79,125,1,At Risk / Lapsed
13531,2,483.8,174,2010-12-08 15:03:00,2011-05-18 16:56:00,205,161,1,At Risk / Lapsed
13532,1,210.31,129,2011-11-06 12:25:00,2011-11-06 12:25:00,34,0,3,New / Low Engagement
13533,3,269.09,202,2011-03-17 12:47:00,2011-06-10 11:54:00,183,84,1,At Risk / Lapsed
13534,25,5870.08,2961,2010-12-16 15:23:00,2011-12-07 14:52:00,2,355,0,Champions
13536,7,3444.39,2126,2011-09-25 13:30:00,2011-12-08 16:38:00,1,74,0,Champions
13538,7,1280.85,175,2011-01-28 10:40:00,2011-10-27 16:34:00,43,272,2,Loyal Mid-Value
13539,3,631.34,320,2011-02-03 15:23:00,2011-09-15 10:18:00,86,223,2,Loyal Mid-Value
13544,2,276.06,112,2011-04-13 12:09:00,2011-10-31 11:57:00,40,200,3,New / Low Engagement
13546,3,621.09,357,2011-05-23 12:14:00,2011-11-27 14:50:00,12,188,3,New / Low Engagement
13548,2,678.16,436,2011-04-10 11:35:00,2011-09-04 14:50:00,96,147,1,At Risk / Lapsed
13549,7,918.2,458,2011-04-11 13:42:00,2011-11-14 09:20:00,26,216,2,Loyal Mid-Value
13551,1,91.80000000000001,12,2011-01-24 14:46:00,2011-01-24 14:46:00,319,0,1,At Risk / Lapsed
13552,12,3740.07,1417,2011-01-28 10:10:00,2011-10-04 15:19:00,66,249,0,Champions
13555,4,4098.88,2636,2011-05-22 11:06:00,2011-09-27 12:36:00,74,128,2,Loyal Mid-Value
13557,2,584.0600000000001,546,2011-03-04 12:14:00,2011-11-11 15:24:00,28,252,3,New / Low Engagement
13558,4,594.52,338,2011-10-02 13:01:00,2011-12-04 11:24:00,6,62,3,New / Low Engagement
13560,1,171.42000000000002,63,2011-12-02 13:11:00,2011-12-02 13:11:00,7,0,3,New / Low Engagement
13561,1,141.85999999999999,83,2011-05-08 12:39:00,2011-05-08 12:39:00,216,0,1,At Risk / Lapsed
13562,3,1799.3300000000002,757,2011-04-08 12:42:00,2011-09-19 10:51:00,82,163,2,Loyal Mid-Value
13563,2,777.53,209,2011-07-22 17:21:00,2011-09-16 14:45:00,84,55,2,Loyal Mid-Value
13564,2,1174.03,635,2010-12-06 17:26:00,2010-12-20 16:50:00,354,13,1,At Risk / Lapsed
13565,2,240.22,172,2011-01-09 14:28:00,2011-11-20 14:33:00,19,315,3,New / Low Engagement
13566,2,856.84,567,2011-09-18 12:40:00,2011-10-30 11:59:00,41,41,2,Loyal Mid-Value
13568,1,187.05,66,2011-06-19 14:42:00,2011-06-19 14:42:00,173,0,1,At Risk / Lapsed
13569,2,337.12,155,2010-12-07 12:29:00,2011-11-22 13:07:00,17,350,3,New / Low Engagement
13570,1,239.49,161,2011-04-10 13:36:00,2011-04-10 13:36:00,243,0,1,At Risk / Lapsed
13571,12,2088.94,1757,2011-03-31 12:43:00,2011-11-27 10:47:00,13,240,0,Champions
13572,1,1384.25,534,2011-05-18 11:59:00,2011-05-18 11:59:00,206,0,1,At Risk / Lapsed
13573,2,290.25,302,2011-03-31 14:47:00,2011-10-20 14:33:00,50,202,1,At Risk / Lapsed
13575,5,732.07,449,2011-06-16 14:24:00,2011-11-16 13:14:00,23,152,2,Loyal Mid-Value
13576,18,6717.34,2646,2010-12-01 17:24:00,2011-11-29 15:34:00,10,362,0,Champions
13577,4,1687.6000000000001,791,2011-04-12 10:33:00,2011-11-14 15:19:00,25,216,2,Loyal Mid-Value
13579,2,467.04,176,2010-12-05 16:10:00,2011-11-25 08:41:00,15,354,3,New / Low Engagement
13581,1,118.0,30,2011-02-03 14:41:00,2011-02-03 14:41:00,309,0,1,At Risk / Lapsed
13583,1,781.03,725,2011-07-07 10:40:00,2011-07-07 10:40:00,156,0,1,At Risk / Lapsed
13584,1,142.4,37,2011-02-06 12:49:00,2011-02-06 12:49:00,307,0,1,At Risk / Lapsed
13587,1,712.4,180,2011-10-07 12:31:00,2011-10-07 12:31:00,64,0,1,At Risk / Lapsed
13588,9,2478.95,2606,2011-03-29 15:53:00,2011-11-24 10:42:00,16,239,0,Champions
13589,2,379.65,114,2011-06-13 12:44:00,2011-11-25 12:10:00,15,164,3,New / Low Engagement
13590,6,1981.92,1848,2011-02-09 13:25:00,2011-11-28 12:54:00,11,291,0,Champions
13591,3,1117.13,485,2011-03-18 12:18:00,2011-10-06 12:26:00,65,202,2,Loyal Mid-Value
13592,4,247.96,84,2011-03-20 14:01:00,2011-11-04 09:49:00,36,228,3,New / Low Engagement
13593,5,2011.88,719,2011-01-07 16:32:00,2011-08-23 13:35:00,108,227,2,Loyal Mid-Value
13594,1,396.97,359,2011-10-18 10:19:00,2011-10-18 10:19:00,53,0,1,At Risk / Lapsed
13596,2,664.11,384,2011-11-27 11:57:00,2011-12-04 12:01:00,6,7,3,New / Low Engagement
13598,1,160.04,52,2011-10-23 14:28:00,2011-10-23 14:28:00,47,0,1,At Risk / Lapsed
13599,21,5149.92,3293,2010-12-08 10:11:00,2011-12-08 16:10:00,1,365,0,Champions
13600,1,219.52,324,2011-01-31 15:27:00,2011-01-31 15:27:00,312,0,1,At Risk / Lapsed
13601,2,693.32,548,2011-05-12 16:52:00,2011-10-25 17:31:00,45,166,2,Loyal Mid-Value
13602,1,428.89,267,2011-10-06 11:47:00,2011-10-06 11:47:00,65,0,1,At Risk / Lapsed
13603,1,164.34,164,2011-11-13 15:57:00,2011-11-13 15:57:00,26,0,3,New / Low Engagement
13606,3,276.75,276,2011-02-01 11:42:00,2011-11-10 17:46:00,29,282,3,New / Low Engagement
13607,1,675.51,288,2011-10-30 16:17:00,2011-10-30 16:17:00,40,0,3,New / Low Engagement
13610,7,1082.33,488,2011-02-27 14:44:00,2011-11-27 15:38:00,12,273,2,Loyal Mid-Value
13611,3,1154.4,754,2010-12-15 10:31:00,2011-09-11 14:51:00,89,270,2,Loyal Mid-Value
13614,4,1585.46,564,2011-01-13 12:37:00,2011-11-15 14:47:00,24,306,2,Loyal Mid-Value
13615,1,417.69,189,2011-01-25 08:21:00,2011-01-25 08:21:00,319,0,1,At Risk / Lapsed
13617,3,544.18,300,2011-06-12 12:55:00,2011-10-30 13:50:00,40,140,2,Loyal Mid-Value
13618,1,177.34,246,2011-06-19 11:09:00,2011-06-19 11:09:00,174,0,1,At Risk / Lapsed
13621,1,213.85,343,2011-08-15 08:26:00,2011-08-15 08:26:00,117,0,1,At Risk / Lapsed
13623,5,727.74,286,2011-02-15 13:08:00,2011-11-09 12:00:00,31,266,2,Loyal Mid-Value
13626,1,257.23,209,2011-04-01 10:05:00,2011-04-01 10:05:00,253,0,1,At Risk / Lapsed
13627,5,1638.47,1269,2010-12-17 09:52:00,2011-10-11 14:20:00,59,298,2,Loyal Mid-Value
13629,11,7792.36,4372,2011-01-05 12:09:00,2011-11-16 13:21:00,23,315,0,Champions
13630,7,2031.78,1391,2011-02-27 12:49:00,2011-12-04 15:16:00,5,280,0,Champions
13631,11,3070.42,467,2011-03-17 17:13:00,2011-09-01 09:57:00,100,167,2,Loyal Mid-Value
13632,5,2118.9300000000003,1031,2011-04-10 15:07:00,2011-11-15 10:51:00,25,218,2,Loyal Mid-Value
13634,5,1547.3600000000001,700,2011-01-16 15:30:00,2011-11-06 13:40:00,33,293,2,Loyal Mid-Value
13635,1,1071.03,677,2011-10-03 10:55:00,2011-10-03 10:55:00,68,0,1,At Risk / Lapsed
13636,5,949.12,592,2011-02-27 14:29:00,2011-11-03 10:30:00,37,248,2,Loyal Mid-Value
13637,3,803.05,404,2011-04-27 13:06:00,2011-10-18 13:32:00,52,174,2,Loyal Mid-Value
13638,1,122.64,93,2011-11-24 10:38:00,2011-11-24 10:38:00,16,0,3,New / Low Engagement
13639,1,1033.34,800,2011-09-26 13:36:00,2011-09-26 13:36:00,74,0,1,At Risk / Lapsed
13642,1,312.28,151,2011-05-08 12:34:00,2011-05-08 12:34:00,216,0,1,At Risk / Lapsed
13643,3,519.44,273,2011-06-07 11:40:00,2011-11-08 15:37:00,31,154,3,New / Low Engagement
13644,4,2624.26,2067,2011-08-26 11:53:00,2011-11-23 14:07:00,16,89,2,Loyal Mid-Value
13645,1,252.1,158,2011-08-11 16:11:00,2011-08-11 16:11:00,120,0,1,At Risk / Lapsed
13647,4,1648.1200000000001,887,2011-04-19 09:49:00,2011-11-30 12:00:00,10,225,2,Loyal Mid-Value
13649,2,346.6,139,2010-12-08 14:46:00,2011-03-28 11:51:00,257,109,1,At Risk / Lapsed
13650,6,1836.3400000000001,922,2011-03-17 12:37:00,2011-11-23 12:22:00,17,250,2,Loyal Mid-Value
13651,1,79.2,32,2011-10-31 12:11:00,2011-10-31 12:11:00,40,0,1,At Risk / Lapsed
13652,3,1095.08,578,2010-12-06 09:21:00,2011-10-25 08:51:00,46,322,2,Loyal Mid-Value
13654,6,2707.33,2182,2011-03-11 12:54:00,2011-10-27 16:24:00,43,230,2,Loyal Mid-Value
13655,2,932.97,605,2011-04-12 09:53:00,2011-08-17 14:25:00,114,127,2,Loyal Mid-Value
13656,2,379.65,490,2011-01-06 15:42:00,2011-06-28 10:31:00,165,172,1,At Risk / Lapsed
13657,2,382.14,209,2011-05-22 12:35:00,2011-11-29 12:32:00,11,190,3,New / Low Engagement
13658,5,2639.17,1019,2011-05-19 17:15:00,2011-11-30 10:13:00,10,194,0,Champions
13659,2,1563.0,882,2011-01-23 12:08:00,2011-05-18 12:37:00,206,115,2,Loyal Mid-Value
13662,3,881.26,533,2011-03-25 13:23:00,2011-09-15 12:04:00,86,173,2,Loyal Mid-Value
13663,1,189.47,91,2011-06-13 15:44:00,2011-06-13 15:44:00,179,0,1,At Risk / Lapsed
13666,3,84.65,41,2011-02-25 13:05:00,2011-10-10 15:39:00,60,227,1,At Risk / Lapsed
13667,1,299.05,149,2011-07-13 15:42:00,2011-07-13 15:42:00,149,0,1,At Risk / Lapsed
13668,21,6309.83,3722,2010-12-12 12:35:00,2011-12-07 12:11:00,3,359,0,Champions
13669,2,218.55,237,2011-07-13 11:44:00,2011-10-20 09:32:00,51,98,1,At Risk / Lapsed
13670,1,349.7,282,2011-09-25 15:25:00,2011-09-25 15:25:00,75,0,1,At Risk / Lapsed
13672,2,186.39000000000001,57,2011-01-11 13:54:00,2011-02-11 13:53:00,301,30,1,At Risk / Lapsed
13673,2,387.44,114,2011-11-07 15:40:00,2011-11-21 12:11:00,19,13,3,New / Low Engagement
13675,2,486.82000000000005,330,2011-02-28 12:14:00,2011-07-11 12:57:00,151,133,1,At Risk / Lapsed
13678,1,232.6,924,2011-07-11 10:14:00,2011-07-11 10:14:00,152,0,1,At Risk / Lapsed
13680,4,3719.12,1934,2011-01-04 14:12:00,2011-12-08 13:47:00,1,337,0,Champions
13681,4,827.83,360,2011-07-07 15:21:00,2011-11-22 11:13:00,18,137,2,Loyal Mid-Value
13682,1,59.5,10,2011-06-05 14:06:00,2011-06-05 14:06:00,187,0,1,At Risk / Lapsed
13684,1,65.13,38,2011-02-27 10:13:00,2011-02-27 10:13:00,286,0,1,At Risk / Lapsed
13685,7,3119.44,5056,2011-10-10 12:59:00,2011-12-07 11:41:00,3,57,0,Champions
13686,1,72.0,70,2011-06-10 09:10:00,2011-06-10 09:10:00,183,0,1,At Risk / Lapsed
13689,1,910.0,512,2011-10-07 13:21:00,2011-10-07 13:21:00,63,0,1,At Risk / Lapsed
13690,1,172.25,67,2011-10-11 15:03:00,2011-10-11 15:03:00,59,0,1,At Risk / Lapsed
13692,3,1488.32,1226,2011-04-17 12:57:00,2011-11-15 11:17:00,25,211,2,Loyal Mid-Value
13694,50,65039.62,63312,2010-12-01 12:12:00,2011-12-06 09:32:00,4,369,0,Champions
13695,15,2504.13,1603,2011-03-25 11:31:00,2011-11-08 14:26:00,31,228,0,Champions
13697,1,151.3,177,2011-11-01 09:14:00,2011-11-01 09:14:00,39,0,1,At Risk / Lapsed
13699,1,308.58000000000004,66,2011-07-07 16:51:00,2011-07-07 16:51:00,155,0,1,At Risk / Lapsed
13700,10,2248.63,2281,2011-01-16 13:18:00,2011-11-13 13:00:00,26,300,0,Champions
13703,1,99.5,10,2011-01-25 13:10:00,2011-01-25 13:10:00,318,0,1,At Risk / Lapsed
13704,9,2308.06,1531,2011-09-12 14:40:00,2011-12-04 15:13:00,5,83,0,Champions
13705,3,711.86,363,2010-12-01 10:29:00,2011-12-02 12:32:00,8,366,3,New / Low Engagement
13706,1,330.79,189,2011-02-10 09:21:00,2011-02-10 09:21:00,303,0,1,At Risk / Lapsed
13707,2,806.41,351,2011-01-28 13:27:00,2011-03-17 18:03:00,267,48,1,At Risk / Lapsed
13708,1,283.33,300,2011-03-13 13:46:00,2011-03-13 13:46:00,271,0,1,At Risk / Lapsed
13709,13,6307.650000000001,3508,2011-01-28 14:57:00,2011-12-06 10:28:00,4,311,0,Champions
13710,1,180.48000000000002,176,2011-11-08 08:16:00,2011-11-08 08:16:00,32,0,3,New / Low Engagement
13711,2,252.06,140,2011-05-05 10:29:00,2011-05-05 10:31:00,219,0,1,At Risk / Lapsed
13712,1,228.84,352,2011-04-07 12:33:00,2011-04-07 12:33:00,247,0,1,At Risk / Lapsed
13715,5,1077.39,562,2010-12-02 08:52:00,2011-03-03 19:21:00,281,91,2,Loyal Mid-Value
13716,1,138.28,138,2011-03-15 13:49:00,2011-03-15 13:49:00,269,0,1,At Risk / Lapsed
13717,6,1445.01,1959,2011-02-14 13:21:00,2011-11-07 14:13:00,32,266,2,Loyal Mid-Value
13718,2,306.55,173,2011-02-17 11:58:00,2011-04-07 13:24:00,246,49,1,At Risk / Lapsed
13719,5,1041.68,609,2011-04-19 13:56:00,2011-11-24 15:26:00,15,219,2,Loyal Mid-Value
13720,4,799.9,501,2011-03-30 09:17:00,2011-08-15 12:46:00,117,138,2,Loyal Mid-Value
13721,1,524.14,316,2011-11-03 14:05:00,2011-11-03 14:05:00,36,0,3,New / Low Engagement
13722,3,2375.41,1401,2011-03-02 11:43:00,2011-07-31 12:44:00,132,151,2,Loyal Mid-Value
13723,1,199.85000000000002,43,2011-05-06 17:04:00,2011-05-06 17:04:00,217,0,1,At Risk / Lapsed
13725,8,1980.56,806,2011-02-04 12:18:00,2011-10-21 10:03:00,50,258,2,Loyal Mid-Value
13726,2,1079.66,1054,2011-08-31 11:06:00,2011-11-01 10:49:00,39,61,2,Loyal Mid-Value
13727,2,333.48,162,2011-11-06 12:16:00,2011-11-11 09:46:00,29,4,3,New / Low Engagement
13728,6,1016.14,458,2011-02-02 12:09:00,2011-11-03 10:49:00,37,273,2,Loyal Mid-Value
13730,2,752.6,488,2011-07-01 12:47:00,2011-07-27 08:35:00,136,25,1,At Risk / Lapsed
13731,2,610.59,278,2011-04-07 10:10:00,2011-05-04 14:33:00,219,27,1,At Risk / Lapsed
13732,1,491.86,498,2011-11-11 15:49:00,2011-11-11 15:49:00,28,0,3,New / Low Engagement
13735,4,2883.54,1128,2011-04-19 13:49:00,2011-11-15 11:14:00,25,209,2,Loyal Mid-Value
13736,2,729.8,496,2011-03-24 13:04:00,2011-12-04 15:19:00,5,255,3,New / Low Engagement
13737,1,339.59999999999997,125,2011-05-23 16:32:00,2011-05-23 16:32:00,200,0,1,At Risk / Lapsed
13739,1,216.9,54,2011-11-21 13:35:00,2011-11-21 13:35:00,18,0,3,New / Low Engagement
13740,1,350.75,425,2011-04-13 10:32:00,2011-04-13 10:32:00,241,0,1,At Risk / Lapsed
13741,3,668.4300000000001,218,2011-05-06 13:43:00,2011-09-29 09:19:00,72,145,2,Loyal Mid-Value
13742,12,3107.87,1115,2011-01-23 14:59:00,2011-11-23 11:07:00,17,303,0,Champions
13743,7,1341.6,1776,2011-03-25 14:46:00,2011-12-07 10:09:00,3,256,0,Champions
13744,2,1080.52,1153,2011-02-20 14:08:00,2011-09-05 15:19:00,95,197,2,Loyal Mid-Value
13745,1,300.04,496,2011-06-30 16:43:00,2011-06-30 16:43:00,162,0,1,At Risk / Lapsed
13747,1,79.6,8,2010-12-01 10:37:00,2010-12-01 10:37:00,374,0,1,At Risk / Lapsed
13748,5,948.25,439,2010-12-01 09:00:00,2011-09-05 09:45:00,96,278,2,Loyal Mid-Value
13750,5,1647.26,516,2011-01-07 11:49:00,2011-10-17 12:16:00,54,283,2,Loyal Mid-Value
13751,1,296.25,152,2011-02-24 15:56:00,2011-02-24 15:56:00,288,0,1,At Risk / Lapsed
13752,6,1175.38,874,2011-04-07 12:04:00,2011-08-07 14:16:00,124,122,2,Loyal Mid-Value
13753,1,741.26,512,2011-02-25 12:48:00,2011-02-25 12:48:00,288,0,1,At Risk / Lapsed
13754,2,282.6,214,2011-01-26 14:58:00,2011-07-11 11:51:00,152,165,1,At Risk / Lapsed
13755,9,2108.06,1242,2011-10-07 15:45:00,2011-12-06 12:26:00,4,59,0,Champions
13756,14,5189.52,3188,2010-12-07 11:41:00,2011-12-07 16:44:00,2,365,0,Champions
13758,7,3190.55,1844,2010-12-01 12:08:00,2011-11-28 11:11:00,12,361,0,Champions
13759,2,659.41,287,2011-09-29 15:40:00,2011-11-06 14:47:00,33,37,3,New / Low Engagement
13760,2,286.79,197,2011-03-28 12:52:00,2011-10-16 16:13:00,54,202,1,At Risk / Lapsed
13761,2,1070.65,642,2011-06-13 08:43:00,2011-10-20 14:01:00,50,129,2,Loyal Mid-Value
13762,1,306.72,272,2011-05-05 09:15:00,2011-05-05 09:15:00,219,0,1,At Risk / Lapsed
13763,1,1714.96,728,2011-10-07 15:13:00,2011-10-07 15:13:00,63,0,2,Loyal Mid-Value
13764,3,1516.42,923,2011-01-06 14:53:00,2011-09-30 12:03:00,71,266,2,Loyal Mid-Value
13767,37,17220.36,7322,2010-12-01 10:47:00,2011-12-07 15:00:00,2,371,0,Champions
13769,10,2796.51,1163,2010-12-07 13:28:00,2011-12-07 15:08:00,2,365,0,Champions
13771,4,2634.45,1477,2011-04-06 15:47:00,2011-10-06 14:18:00,64,182,2,Loyal Mid-Value
13772,3,1122.63,540,2011-04-14 12:31:00,2011-11-06 11:43:00,34,205,2,Loyal Mid-Value
13774,1,345.0,192,2011-09-19 12:06:00,2011-09-19 12:06:00,82,0,1,At Risk / Lapsed
13777,33,25977.16,12897,2010-12-01 16:01:00,2011-12-09 12:25:00,1,372,0,Champions
13778,1,178.70000000000002,70,2011-08-28 15:25:00,2011-08-28 15:25:00,103,0,1,At Risk / Lapsed
13780,2,360.01,318,2011-06-22 11:43:00,2011-12-02 13:49:00,7,163,3,New / Low Engagement
13781,1,127.84,30,2011-04-03 12:08:00,2011-04-03 12:08:00,251,0,1,At Risk / Lapsed
13782,6,908.86,369,2011-01-16 11:08:00,2011-11-27 11:54:00,13,315,2,Loyal Mid-Value
13784,11,2462.79,2493,2011-01-11 14:38:00,2011-11-30 09:33:00,10,322,0,Champions
13786,1,230.39999999999998,136,2010-12-07 13:53:00,2010-12-07 13:53:00,367,0,1,At Risk / Lapsed
13787,2,309.04,337,2010-12-10 14:45:00,2011-09-25 12:06:00,76,288,1,At Risk / Lapsed
13790,1,348.8,748,2011-12-05 15:48:00,2011-12-05 15:48:00,4,0,3,New / Low Engagement
13791,2,1516.0,1200,2011-06-24 16:38:00,2011-08-04 11:44:00,128,40,2,Loyal Mid-Value
13792,2,195.55,92,2011-02-25 14:03:00,2011-10-04 14:31:00,66,221,1,At Risk / Lapsed
13798,57,37153.85,23948,2010-12-02 17:24:00,2011-12-08 15:51:00,1,370,0,Champions
13799,2,688.86,402,2011-02-18 14:18:00,2011-08-15 12:07:00,117,177,1,At Risk / Lapsed
13800,1,558.32,331,2011-02-03 12:27:00,2011-02-03 12:27:00,310,0,1,At Risk / Lapsed
13801,1,324.8,168,2011-10-04 10:15:00,2011-10-04 10:15:00,67,0,1,At Risk / Lapsed
13802,3,4599.42,2572,2011-02-01 12:03:00,2011-07-24 10:54:00,139,172,2,Loyal Mid-Value
13803,1,277.07,121,2011-03-29 12:57:00,2011-03-29 12:57:00,255,0,1,At Risk / Lapsed
13804,7,2588.39,1462,2011-02-23 09:09:00,2011-11-09 12:32:00,31,259,2,Loyal Mid-Value
13805,2,924.6,1900,2011-08-02 15:29:00,2011-10-18 14:50:00,52,76,2,Loyal Mid-Value
13806,1,256.38,56,2011-10-07 11:43:00,2011-10-07 11:43:00,64,0,1,At Risk / Lapsed
13807,1,112.6,36,2010-12-07 15:48:00,2010-12-07 15:48:00,367,0,1,At Risk / Lapsed
13808,5,1747.66,782,2011-09-04 12:07:00,2011-12-04 12:18:00,6,91,0,Champions
13809,1,155.05,29,2011-02-07 13:15:00,2011-02-07 13:15:00,305,0,1,At Risk / Lapsed
13810,2,827.51,307,2011-10-14 12:57:00,2011-11-11 08:33:00,29,27,3,New / Low Engagement
13811,2,519.75,63,2011-04-14 18:40:00,2011-06-09 09:54:00,184,55,1,At Risk / Lapsed
13812,3,485.0,330,2011-08-26 12:54:00,2011-10-28 14:27:00,42,63,3,New / Low Engagement
13813,4,1168.8600000000001,541,2011-07-28 10:33:00,2011-10-31 10:38:00,40,95,2,Loyal Mid-Value
13814,2,1579.12,864,2011-07-25 13:54:00,2011-09-08 13:48:00,92,44,2,Loyal Mid-Value
13815,4,3667.36,2540,2011-01-25 12:16:00,2011-11-17 14:19:00,22,296,2,Loyal Mid-Value
13816,2,499.67,265,2011-10-06 14:37:00,2011-11-16 08:38:00,24,40,3,New / Low Engagement
13817,2,328.98,208,2010-12-23 11:46:00,2011-11-10 17:49:00,29,322,3,New / Low Engagement
13819,3,1140.35,1109,2011-01-24 10:38:00,2011-02-11 10:38:00,302,18,2,Loyal Mid-Value
13821,2,385.64,153,2011-03-23 11:30:00,2011-07-18 09:49:00,145,116,1,At Risk / Lapsed
13822,2,632.0,611,2011-10-30 15:55:00,2011-12-04 12:13:00,6,34,3,New / Low Engagement
13823,2,957.66,439,2011-09-09 10:42:00,2011-11-21 10:22:00,19,72,3,New / Low Engagement
13824,5,1698.94,768,2011-02-02 13:07:00,2011-11-07 12:41:00,33,277,2,Loyal Mid-Value
13826,1,189.5,82,2011-06-16 13:48:00,2011-06-16 13:48:00,176,0,1,At Risk / Lapsed
13827,3,409.8,138,2011-07-19 15:38:00,2011-10-13 12:38:00,58,85,2,Loyal Mid-Value
13828,1,209.49,311,2011-11-17 16:02:00,2011-11-17 16:02:00,22,0,3,New / Low Engagement
13831,6,2198.45,743,2010-12-05 12:13:00,2011-11-23 15:41:00,16,353,2,Loyal Mid-Value
13832,1,52.2,28,2011-11-20 15:36:00,2011-11-20 15:36:00,19,0,3,New / Low Engagement
13833,1,383.85,117,2011-07-03 13:27:00,2011-07-03 13:27:00,159,0,1,At Risk / Lapsed
13835,4,834.57,442,2011-05-08 15:22:00,2011-11-14 15:37:00,25,190,2,Loyal Mid-Value
13837,2,266.59000000000003,182,2011-01-26 12:15:00,2011-05-12 12:10:00,212,105,1,At Risk / Lapsed
13838,4,674.8199999999999,254,2010-12-05 10:45:00,2011-12-04 11:00:00,6,364,3,New / Low Engagement
13841,1,85.0,100,2011-04-01 12:10:00,2011-04-01 12:10:00,253,0,1,At Risk / Lapsed
13842,9,3385.62,1768,2010-12-08 10:39:00,2011-10-12 10:51:00,59,308,2,Loyal Mid-Value
13844,1,361.62,196,2011-11-28 13:21:00,2011-11-28 13:21:00,11,0,3,New / Low Engagement
13845,1,312.98,182,2011-10-06 08:25:00,2011-10-06 08:25:00,65,0,1,At Risk / Lapsed
13846,3,865.0600000000001,388,2010-12-14 16:07:00,2011-11-15 12:07:00,25,335,2,Loyal Mid-Value
13848,3,1255.0,3700,2010-12-08 15:10:00,2011-09-08 12:58:00,92,273,2,Loyal Mid-Value
13849,2,1537.95,1016,2011-06-22 10:11:00,2011-10-19 10:59:00,52,119,2,Loyal Mid-Value
13850,1,1595.48,944,2011-08-02 14:04:00,2011-08-02 14:04:00,129,0,1,At Risk / Lapsed
13851,3,2651.46,1705,2011-02-24 17:18:00,2011-09-05 12:36:00,96,192,2,Loyal Mid-Value
13853,1,1090.14,312,2011-10-13 14:18:00,2011-10-13 14:18:00,57,0,2,Loyal Mid-Value
13854,25,8109.5199999999995,2296,2010-12-09 10:48:00,2011-12-01 09:06:00,9,356,0,Champions
13856,3,388.5,494,2011-05-20 13:13:00,2011-06-24 10:03:00,169,34,1,At Risk / Lapsed
13858,1,216.17000000000002,75,2011-10-13 16:17:00,2011-10-13 16:17:00,57,0,1,At Risk / Lapsed
13859,1,201.16,129,2011-01-17 16:14:00,2011-01-17 16:14:00,326,0,1,At Risk / Lapsed
13860,5,1245.9,591,2011-09-14 09:27:00,2011-12-08 12:57:00,1,85,0,Champions
13862,8,2209.36,1688,2011-01-11 15:13:00,2011-11-21 16:24:00,18,314,0,Champions
13863,1,305.78000000000003,224,2011-04-06 10:20:00,2011-04-06 10:20:00,248,0,1,At Risk / Lapsed
13865,4,501.56,204,2011-02-23 12:04:00,2011-10-12 13:31:00,58,231,2,Loyal Mid-Value
13866,1,145.67000000000002,57,2011-09-26 14:54:00,2011-09-26 14:54:00,74,0,1,At Risk / Lapsed
13867,3,1005.09,501,2011-05-05 17:28:00,2011-11-08 15:48:00,31,186,2,Loyal Mid-Value
13868,2,3192.54,1964,2011-11-01 12:45:00,2011-12-02 16:32:00,7,31,3,New / Low Engagement
13869,4,3083.65,1709,2010-12-17 15:14:00,2011-08-08 13:53:00,123,233,2,Loyal Mid-Value
13870,8,2770.94,1325,2011-02-25 09:09:00,2011-12-07 13:23:00,2,285,0,Champions
13871,13,6403.25,2806,2011-02-04 09:30:00,2011-11-17 10:49:00,23,286,0,Champions
13873,3,389.6,140,2011-02-03 09:37:00,2011-08-12 10:08:00,120,190,1,At Risk / Lapsed
13874,1,540.45,180,2010-12-16 18:20:00,2010-12-16 18:20:00,358,0,1,At Risk / Lapsed
13875,5,1786.79,1316,2011-02-11 15:39:00,2011-10-17 09:36:00,54,247,2,Loyal Mid-Value
13876,1,122.7,36,2011-10-07 10:22:00,2011-10-07 10:22:00,64,0,1,At Risk / Lapsed
13877,1,117.24,108,2011-09-14 15:49:00,2011-09-14 15:49:00,86,0,1,At Risk / Lapsed
13878,1,1271.57,463,2011-10-16 12:19:00,2011-10-16 12:19:00,55,0,2,Loyal Mid-Value
13880,13,3219.77,1842,2010-12-07 14:00:00,2011-11-18 13:44:00,21,345,0,Champions
13881,20,17159.52,10118,2011-02-01 10:14:00,2011-12-06 12:50:00,4,308,0,Champions
13882,5,1191.13,953,2011-10-06 15:28:00,2011-12-07 11:16:00,3,61,0,Champions
13883,5,2674.48,1436,2011-03-31 17:17:00,2011-11-29 10:45:00,11,242,0,Champions
13884,5,787.6,300,2011-03-01 13:40:00,2011-12-02 16:30:00,7,276,3,New / Low Engagement
13885,2,506.8,182,2011-05-23 08:52:00,2011-06-03 15:07:00,189,11,1,At Risk / Lapsed
13886,1,243.56,126,2011-09-29 13:17:00,2011-09-29 13:17:00,71,0,1,At Risk / Lapsed
13887,1,349.55,147,2011-05-19 17:22:00,2011-05-19 17:22:00,204,0,1,At Risk / Lapsed
13888,2,595.67,254,2011-05-05 14:41:00,2011-08-12 10:13:00,120,98,1,At Risk / Lapsed
13889,1,416.90000000000003,146,2011-09-08 09:13:00,2011-09-08 09:13:00,93,0,1,At Risk / Lapsed
13890,10,1883.81,831,2010-12-16 09:31:00,2011-12-08 15:36:00,1,357,0,Champions
13892,4,632.97,983,2011-04-07 12:04:00,2011-11-13 11:50:00,27,219,2,Loyal Mid-Value
13893,1,821.1,190,2011-02-15 11:30:00,2011-02-15 11:30:00,298,0,1,At Risk / Lapsed
13894,3,564.62,354,2011-02-02 12:54:00,2011-11-16 09:44:00,24,286,3,New / Low Engagement
13895,4,2593.07,1365,2011-06-28 10:17:00,2011-11-11 16:57:00,28,136,2,Loyal Mid-Value
13897,1,311.16,200,2011-10-20 14:30:00,2011-10-20 14:30:00,50,0,1,At Risk / Lapsed
13898,1,155.93,133,2011-01-18 10:28:00,2011-01-18 10:28:00,326,0,1,At Risk / Lapsed
13899,2,388.52,156,2011-03-10 09:30:00,2011-11-23 13:40:00,16,258,3,New / Low Engagement
13900,3,740.95,430,2011-03-22 10:13:00,2011-06-09 19:26:00,183,79,2,Loyal Mid-Value
13901,5,2867.2000000000003,1739,2011-01-25 09:01:00,2011-09-28 14:48:00,72,246,2,Loyal Mid-Value
13904,2,332.64,332,2011-02-18 11:18:00,2011-11-02 13:41:00,37,257,3,New / Low Engagement
13908,4,2319.55,1477,2011-03-08 12:04:00,2011-09-21 11:49:00,80,196,2,Loyal Mid-Value
13911,9,2580.91,2731,2011-02-04 14:46:00,2011-10-13 15:43:00,57,251,2,Loyal Mid-Value
13914,2,626.45,380,2011-11-03 16:28:00,2011-11-28 10:35:00,12,24,3,New / Low Engagement
13917,2,272.04,228,2011-06-01 12:46:00,2011-10-21 09:56:00,50,141,1,At Risk / Lapsed
13918,2,1212.8400000000001,1140,2011-03-31 18:05:00,2011-10-21 12:25:00,50,203,2,Loyal Mid-Value
13919,2,348.81,472,2011-08-10 10:15:00,2011-10-11 14:24:00,59,62,1,At Risk / Lapsed
13922,1,172.25,93,2010-12-23 10:38:00,2010-12-23 10:38:00,352,0,1,At Risk / Lapsed
13923,1,351.13000000000005,185,2011-10-17 12:33:00,2011-10-17 12:33:00,54,0,1,At Risk / Lapsed
13924,6,1838.8500000000001,1575,2011-09-28 15:07:00,2011-12-08 09:39:00,2,70,0,Champions
13925,4,678.25,331,2011-07-28 12:09:00,2011-09-08 12:47:00,93,42,2,Loyal Mid-Value
13926,1,223.85000000000002,104,2011-11-16 13:16:00,2011-11-16 13:16:00,23,0,3,New / Low Engagement
13927,1,348.99,214,2011-09-26 12:00:00,2011-09-26 12:00:00,75,0,1,At Risk / Lapsed
13928,4,464.57,129,2011-07-29 15:59:00,2011-11-29 10:33:00,11,122,3,New / Low Engagement
13929,2,842.65,143,2011-01-17 15:11:00,2011-06-23 15:26:00,169,157,1,At Risk / Lapsed
13930,2,337.34,274,2011-07-26 11:00:00,2011-10-13 09:45:00,58,78,1,At Risk / Lapsed
13931,2,1237.53,725,2011-03-04 08:43:00,2011-09-05 10:12:00,96,185,2,Loyal Mid-Value
13932,1,307.4,72,2011-02-18 12:02:00,2011-02-18 12:02:00,295,0,1,At Risk / Lapsed
13933,2,608.79,205,2011-07-14 13:35:00,2011-08-22 14:03:00,109,39,1,At Risk / Lapsed
13934,1,922.1,390,2011-03-21 08:39:00,2011-03-21 08:39:00,264,0,1,At Risk / Lapsed
13936,1,376.58,330,2011-06-13 08:47:00,2011-06-13 08:47:00,180,0,1,At Risk / Lapsed
13937,1,158.85,123,2011-06-23 16:35:00,2011-06-23 16:35:00,169,0,1,At Risk / Lapsed
13938,1,71.66,70,2011-11-04 14:37:00,2011-11-04 14:37:00,35,0,1,At Risk / Lapsed
13939,3,568.55,847,2011-02-01 11:30:00,2011-11-16 13:33:00,23,288,3,New / Low Engagement
13940,4,839.14,516,2011-07-18 16:05:00,2011-11-22 15:15:00,17,126,2,Loyal Mid-Value
13941,5,5112.96,2364,2010-12-02 10:17:00,2011-11-18 09:43:00,22,350,2,Loyal Mid-Value
13946,3,561.5699999999999,443,2011-03-17 10:02:00,2011-09-21 13:33:00,79,188,2,Loyal Mid-Value
13947,1,90.60000000000001,44,2011-10-05 14:42:00,2011-10-05 14:42:00,65,0,1,At Risk / Lapsed
13948,1,102.0,40,2010-12-14 10:18:00,2010-12-14 10:18:00,361,0,1,At Risk / Lapsed
13949,6,2427.32,2474,2011-09-06 11:55:00,2011-12-07 09:35:00,3,91,0,Champions
13950,4,745.0600000000001,323,2011-04-07 11:29:00,2011-11-28 14:44:00,11,235,3,New / Low Engagement
13951,3,674.45,459,2011-02-18 15:21:00,2011-06-16 16:43:00,176,118,1,At Risk / Lapsed
13952,2,3251.07,1430,2011-04-15 09:27:00,2011-05-06 09:00:00,218,20,2,Loyal Mid-Value
13953,7,3515.68,2724,2010-12-22 10:29:00,2011-12-02 16:04:00,7,345,0,Champions
13954,2,439.92,150,2011-09-30 10:52:00,2011-12-08 12:50:00,2,69,3,New / Low Engagement
13955,2,322.96,154,2011-02-07 12:24:00,2011-07-08 17:19:00,154,151,1,At Risk / Lapsed
13956,5,1019.27,486,2011-03-13 12:51:00,2011-12-04 13:20:00,5,266,3,New / Low Engagement
13959,3,594.04,355,2010-12-12 13:56:00,2011-09-21 15:06:00,79,283,2,Loyal Mid-Value
13960,2,230.22,142,2011-09-29 12:39:00,2011-11-18 15:27:00,21,50,3,New / Low Engagement
13962,2,169.55,87,2011-04-08 11:21:00,2011-11-18 08:47:00,22,223,3,New / Low Engagement
13963,4,664.54,460,2010-12-07 09:21:00,2011-02-04 14:43:00,308,59,2,Loyal Mid-Value
13967,1,80.7,42,2011-07-17 12:02:00,2011-07-17 12:02:00,146,0,1,At Risk / Lapsed
13969,18,9024.17,4528,2010-12-09 19:32:00,2011-12-02 15:11:00,7,357,0,Champions
13971,8,2758.26,1844,2011-02-27 12:27:00,2011-11-21 12:06:00,19,266,0,Champions
13972,2,190.25,187,2011-05-22 11:34:00,2011-09-30 11:54:00,71,131,1,At Risk / Lapsed
13973,1,264.7,109,2011-02-25 15:21:00,2011-02-25 15:21:00,287,0,1,At Risk / Lapsed
13974,1,413.59000000000003,249,2011-10-21 14:41:00,2011-10-21 14:41:00,49,0,1,At Risk / Lapsed
13975,6,2461.2400000000002,1697,2011-03-08 12:19:00,2011-11-08 13:19:00,31,245,2,Loyal Mid-Value
13976,1,357.98,154,2011-05-17 09:13:00,2011-05-17 09:13:00,207,0,1,At Risk / Lapsed
13978,2,196.79,315,2011-10-25 15:04:00,2011-11-25 11:36:00,15,30,3,New / Low Engagement
13979,1,869.87,639,2011-09-27 13:32:00,2011-09-27 13:32:00,73,0,1,At Risk / Lapsed
13980,1,200.14,172,2011-10-10 13:34:00,2011-10-10 13:34:00,60,0,1,At Risk / Lapsed
13982,4,1871.81,1136,2010-12-09 13:57:00,2011-10-31 16:24:00,39,326,2,Loyal Mid-Value
13983,12,2603.4300000000003,1183,2010-12-08 10:38:00,2011-11-10 11:06:00,30,337,0,Champions
13984,5,920.51,679,2010-12-08 15:58:00,2011-11-13 12:38:00,27,339,2,Loyal Mid-Value
13985,15,7060.13,3445,2011-03-20 13:48:00,2011-12-05 17:06:00,4,260,0,Champions
13986,1,320.46,430,2011-11-22 15:00:00,2011-11-22 15:00:00,17,0,3,New / Low Engagement
13988,6,4147.96,3044,2011-03-30 11:48:00,2011-11-20 10:15:00,20,234,0,Champions
13989,2,1266.08,1313,2011-04-14 15:39:00,2011-10-05 09:47:00,66,173,2,Loyal Mid-Value
13990,1,311.3,190,2011-05-10 15:19:00,2011-05-10 15:19:00,213,0,1,At Risk / Lapsed
13991,6,851.88,994,2011-07-19 12:58:00,2011-11-27 16:18:00,12,131,2,Loyal Mid-Value
13992,1,76.8,64,2011-11-09 15:23:00,2011-11-09 15:23:00,30,0,1,At Risk / Lapsed
13993,9,3466.36,900,2011-01-13 10:43:00,2011-10-28 09:06:00,43,287,0,Champions
13994,6,2274.14,932,2011-07-14 18:28:00,2011-12-06 11:05:00,4,144,0,Champions
13995,5,1393.69,879,2011-04-08 08:20:00,2011-11-24 14:22:00,15,230,2,Loyal Mid-Value
13999,12,3901.81,2243,2010-12-13 11:23:00,2011-11-29 13:40:00,10,351,0,Champions
14000,1,635.66,710,2011-05-12 16:50:00,2011-05-12 16:50:00,211,0,1,At Risk / Lapsed
14001,3,2043.0800000000002,962,2010-12-01 12:58:00,2011-10-25 10:31:00,46,327,2,Loyal Mid-Value
14002,2,529.73,877,2011-07-06 14:59:00,2011-07-28 15:55:00,134,22,1,At Risk / Lapsed
14004,7,4582.64,2668,2011-02-24 09:28:00,2011-10-27 14:40:00,43,245,2,Loyal Mid-Value
14005,5,2874.72,2478,2011-05-08 10:33:00,2011-11-30 12:41:00,10,206,0,Champions
14006,3,962.19,641,2011-01-31 15:11:00,2011-08-16 09:39:00,116,196,2,Loyal Mid-Value
14009,2,695.61,365,2011-05-18 13:00:00,2011-05-25 15:47:00,198,7,1,At Risk / Lapsed
14012,1,328.8,160,2011-03-07 12:26:00,2011-03-07 12:26:00,278,0,1,At Risk / Lapsed
14013,3,473.02,462,2011-03-09 08:59:00,2011-08-21 15:01:00,110,165,1,At Risk / Lapsed
14014,1,505.18,1076,2011-09-23 13:18:00,2011-09-23 13:18:00,77,0,1,At Risk / Lapsed
14015,1,917.34,378,2011-10-18 10:02:00,2011-10-18 10:02:00,53,0,1,At Risk / Lapsed
14016,4,4291.21,2124,2010-12-17 14:21:00,2011-07-01 11:29:00,162,195,2,Loyal Mid-Value
14019,3,1421.6100000000001,1037,2011-07-24 15:39:00,2011-10-24 10:13:00,47,91,2,Loyal Mid-Value
14020,2,642.8,441,2011-09-12 15:32:00,2011-11-23 09:22:00,17,71,3,New / Low Engagement
14021,3,631.9,192,2011-03-28 15:10:00,2011-07-07 15:46:00,155,101,1,At Risk / Lapsed
14022,1,440.0,487,2011-04-28 14:39:00,2011-04-28 14:39:00,225,0,1,At Risk / Lapsed
14023,2,584.07,345,2011-04-03 15:50:00,2011-12-02 13:58:00,7,242,3,New / Low Engagement
14024,2,327.7,150,2011-08-07 13:31:00,2011-08-10 11:30:00,122,2,1,At Risk / Lapsed
14027,1,104.82,62,2011-10-10 09:01:00,2011-10-10 09:01:00,61,0,1,At Risk / Lapsed
14029,2,467.66,198,2011-07-18 16:57:00,2011-10-07 14:46:00,63,80,1,At Risk / Lapsed
14030,8,2358.84,1478,2010-12-08 16:11:00,2011-11-21 16:48:00,18,348,0,Champions
14031,19,17286.86,5788,2010-12-02 16:34:00,2011-12-02 17:13:00,7,365,0,Champions
14032,11,2975.59,2032,2010-12-08 10:53:00,2011-12-07 15:23:00,2,364,0,Champions
14034,3,648.89,420,2011-07-05 13:06:00,2011-11-17 14:02:00,22,135,3,New / Low Engagement
14035,5,1428.02,739,2011-02-15 12:48:00,2011-11-11 10:03:00,29,268,2,Loyal Mid-Value
14036,1,626.65,268,2011-02-28 09:26:00,2011-02-28 09:26:00,285,0,1,At Risk / Lapsed
14037,2,147.20000000000002,46,2010-12-10 11:39:00,2011-06-16 13:57:00,176,188,1,At Risk / Lapsed
14038,3,1560.38,965,2011-05-16 14:05:00,2011-09-22 13:37:00,78,128,2,Loyal Mid-Value
14039,1,152.2,92,2011-11-06 13:48:00,2011-11-06 13:48:00,33,0,3,New / Low Engagement
14040,12,3560.32,1544,2011-01-12 14:57:00,2011-10-30 12:42:00,41,290,0,Champions
14041,1,141.41,94,2011-03-18 13:25:00,2011-03-18 13:25:00,266,0,1,At Risk / Lapsed
14044,4,646.42,304,2011-02-03 11:39:00,2011-11-13 12:05:00,27,283,2,Loyal Mid-Value
14045,4,1659.75,535,2010-12-01 11:32:00,2011-08-22 15:27:00,109,264,2,Loyal Mid-Value
14046,1,151.59,443,2011-02-28 14:48:00,2011-02-28 14:48:00,284,0,1,At Risk / Lapsed
14047,5,1308.61,381,2010-12-02 10:09:00,2011-12-01 11:43:00,9,364,2,Loyal Mid-Value
14048,1,409.93,288,2011-02-07 14:53:00,2011-02-07 14:53:00,305,0,1,At Risk / Lapsed
14049,4,5578.72,3808,2011-01-26 11:27:00,2011-11-23 12:20:00,17,301,2,Loyal Mid-Value
14050,2,746.36,689,2011-08-25 13:46:00,2011-11-08 10:00:00,32,74,3,New / Low Engagement
14051,23,15610.39,3756,2010-12-08 12:49:00,2011-12-09 10:20:00,1,365,0,Champions
14052,1,225.36,89,2011-11-20 12:30:00,2011-11-20 12:30:00,20,0,3,New / Low Engagement
14053,2,260.25,215,2011-07-03 12:21:00,2011-08-07 14:27:00,124,35,1,At Risk / Lapsed
14054,1,92.46000000000001,62,2011-10-05 15:49:00,2011-10-05 15:49:00,65,0,1,At Risk / Lapsed
14055,1,725.6400000000001,216,2011-08-25 15:04:00,2011-08-25 15:04:00,106,0,1,At Risk / Lapsed
14056,23,8152.71,4252,2011-02-28 15:19:00,2011-12-08 13:36:00,1,282,0,Champions
14057,17,6211.66,4873,2010-12-14 12:11:00,2011-11-16 10:32:00,24,336,0,Champions
14059,1,183.6,128,2011-03-18 10:06:00,2011-03-18 10:06:00,267,0,1,At Risk / Lapsed
14060,19,6140.42,5386,2010-12-02 12:11:00,2011-12-05 12:29:00,5,368,0,Champions
14062,12,10464.85,5593,2010-12-10 15:56:00,2011-11-30 10:04:00,10,354,0,Champions
14064,5,1334.34,1772,2011-03-10 12:59:00,2011-11-10 13:14:00,29,245,2,Loyal Mid-Value
14066,1,152.55,45,2011-03-18 12:21:00,2011-03-18 12:21:00,267,0,1,At Risk / Lapsed
14067,2,374.7,361,2011-09-04 12:00:00,2011-10-07 10:21:00,64,32,1,At Risk / Lapsed
14068,1,265.85,73,2011-01-23 16:02:00,2011-01-23 16:02:00,320,0,1,At Risk / Lapsed
14071,8,1422.75,956,2011-03-20 11:33:00,2011-12-06 12:27:00,4,261,0,Champions
14073,1,151.04,130,2011-11-07 15:49:00,2011-11-07 15:49:00,32,0,3,New / Low Engagement
14075,3,942.26,754,2011-03-23 16:35:00,2011-12-05 08:38:00,5,256,3,New / Low Engagement
14076,1,118.67,79,2011-08-02 15:19:00,2011-08-02 15:19:00,129,0,1,At Risk / Lapsed
14077,5,499.42,268,2011-03-10 15:52:00,2011-10-30 12:35:00,41,233,2,Loyal Mid-Value
14078,6,1049.37,310,2010-12-01 12:54:00,2011-08-30 12:16:00,102,271,2,Loyal Mid-Value
14079,1,375.1,301,2011-08-07 12:10:00,2011-08-07 12:10:00,125,0,1,At Risk / Lapsed
14080,1,45.599999999999994,48,2011-11-07 11:09:00,2011-11-07 11:09:00,33,0,1,At Risk / Lapsed
14081,2,921.62,592,2010-12-05 15:47:00,2011-02-10 16:17:00,302,67,1,At Risk / Lapsed
14082,1,182.25,110,2010-12-10 11:02:00,2010-12-10 11:02:00,365,0,1,At Risk / Lapsed
14083,9,1002.9,705,2010-12-03 12:24:00,2011-12-05 13:14:00,4,367,0,Champions
14085,18,4421.29,3177,2010-12-06 12:39:00,2011-12-07 13:46:00,2,366,0,Champions
14087,1,191.47,250,2011-12-07 12:41:00,2011-12-07 12:41:00,3,0,3,New / Low Engagement
14088,13,50491.81,12665,2011-01-21 13:07:00,2011-11-29 16:16:00,10,312,0,Champions
14089,1,158.75,133,2011-10-14 10:38:00,2011-10-14 10:38:00,57,0,1,At Risk / Lapsed
14090,1,76.32000000000001,72,2011-01-19 10:51:00,2011-01-19 10:51:00,325,0,1,At Risk / Lapsed
14092,14,4076.9100000000003,2066,2010-12-16 15:47:00,2011-12-02 12:13:00,8,350,0,Champions
14093,1,433.86,391,2011-11-27 16:27:00,2011-11-27 16:27:00,12,0,3,New / Low Engagement
14096,17,53258.43,16336,2011-08-30 10:49:00,2011-12-05 17:17:00,4,97,0,Champions
14098,1,147.35,104,2011-11-03 10:13:00,2011-11-03 10:13:00,37,0,1,At Risk / Lapsed
14099,11,3104.17,2179,2010-12-20 11:14:00,2011-11-23 13:53:00,16,338,0,Champions
14100,1,191.95,63,2011-07-25 11:01:00,2011-07-25 11:01:00,138,0,1,At Risk / Lapsed
14101,6,5976.79,6942,2011-01-17 13:09:00,2011-09-27 12:28:00,74,252,2,Loyal Mid-Value
14102,5,1105.8799999999999,769,2011-10-26 12:46:00,2011-12-04 15:38:00,5,39,3,New / Low Engagement
14104,2,216.20999999999998,72,2011-06-27 12:49:00,2011-07-08 12:50:00,155,11,1,At Risk / Lapsed
14105,1,1266.23,800,2011-04-14 17:58:00,2011-04-14 17:58:00,239,0,1,At Risk / Lapsed
14107,7,2703.23,1793,2010-12-10 13:29:00,2011-10-19 12:12:00,52,312,2,Loyal Mid-Value
14108,2,597.91,381,2011-08-30 11:32:00,2011-11-09 10:41:00,31,70,3,New / Low Engagement
14109,1,144.2,88,2011-09-28 10:18:00,2011-09-28 10:18:00,73,0,1,At Risk / Lapsed
14110,12,5683.15,2445,2011-03-18 09:59:00,2011-12-06 12:26:00,4,263,0,Champions
14111,4,692.85,458,2011-04-12 11:36:00,2011-11-25 13:44:00,14,227,3,New / Low Engagement
14112,7,2915.15,1651,2011-03-09 11:28:00,2011-11-17 12:30:00,23,253,0,Champions
14113,4,1840.42,745,2010-12-20 12:14:00,2011-12-06 12:18:00,4,351,0,Champions
14114,2,386.53,101,2011-01-13 11:05:00,2011-03-11 09:42:00,274,56,1,At Risk / Lapsed
14116,5,1382.74,707,2011-08-10 12:44:00,2011-11-20 10:29:00,20,101,2,Loyal Mid-Value
14117,1,90.0,72,2011-07-19 09:49:00,2011-07-19 09:49:00,144,0,1,At Risk / Lapsed
14121,4,2780.15,2082,2011-10-11 10:39:00,2011-12-06 12:19:00,4,56,0,Champions
14124,1,419.58,1618,2011-09-16 13:32:00,2011-09-16 13:32:00,84,0,1,At Risk / Lapsed
14125,3,2720.63,1628,2011-09-22 15:40:00,2011-11-29 12:47:00,11,67,2,Loyal Mid-Value
14126,3,706.1300000000001,508,2011-11-29 12:21:00,2011-12-02 11:45:00,8,2,3,New / Low Engagement
14127,3,709.71,321,2011-02-02 12:26:00,2011-08-09 10:49:00,123,187,2,Loyal Mid-Value
14128,2,637.5,564,2011-03-29 10:49:00,2011-10-10 12:00:00,61,195,2,Loyal Mid-Value
14129,5,1123.8600000000001,592,2011-03-24 08:44:00,2011-12-08 11:02:00,2,259,0,Champions
14130,1,480.91,257,2011-01-24 16:05:00,2011-01-24 16:05:00,319,0,1,At Risk / Lapsed
14132,11,3586.03,3368,2011-06-09 12:04:00,2011-12-07 13:35:00,2,181,0,Champions
14133,3,605.64,348,2011-01-28 11:27:00,2011-08-02 11:34:00,130,186,2,Loyal Mid-Value
14135,15,4690.31,3850,2010-12-02 10:27:00,2011-12-08 11:38:00,2,371,0,Champions
14138,2,965.88,600,2011-10-07 09:38:00,2011-12-08 12:44:00,2,62,3,New / Low Engagement
14139,1,415.82,510,2011-10-24 13:34:00,2011-10-24 13:34:00,46,0,1,At Risk / Lapsed
14140,2,935.0500000000001,811,2011-11-08 11:20:00,2011-12-06 09:05:00,4,27,3,New / Low Engagement
14141,4,915.13,355,2011-08-26 14:40:00,2011-12-07 09:53:00,3,102,3,New / Low Engagement
14142,1,311.81,313,2010-12-01 16:33:00,2010-12-01 16:33:00,373,0,1,At Risk / Lapsed
14143,1,115.8,30,2011-07-29 09:48:00,2011-07-29 09:48:00,134,0,1,At Risk / Lapsed
14145,4,3742.2,756,2011-05-06 13:01:00,2011-10-24 12:10:00,47,170,2,Loyal Mid-Value
14146,5,4191.0,2437,2010-12-17 15:52:00,2011-12-01 10:18:00,9,348,0,Champions
14147,2,483.4,108,2011-02-27 11:42:00,2011-09-22 18:10:00,78,207,1,At Risk / Lapsed
14148,1,157.2,16,2011-04-20 12:02:00,2011-04-20 12:02:00,234,0,1,At Risk / Lapsed
14149,1,446.62,218,2011-05-03 09:44:00,2011-05-03 09:44:00,221,0,1,At Risk / Lapsed
14150,2,658.64,496,2010-12-15 10:04:00,2011-11-04 10:05:00,36,324,3,New / Low Engagement
14152,2,621.29,711,2011-04-19 15:46:00,2011-09-25 12:54:00,75,158,1,At Risk / Lapsed
14154,2,1345.62,465,2011-04-14 15:58:00,2011-04-14 16:26:00,239,0,2,Loyal Mid-Value
14155,1,118.75,25,2011-03-18 14:13:00,2011-03-18 14:13:00,266,0,1,At Risk / Lapsed
14156,54,116560.08,57755,2010-12-03 11:48:00,2011-11-30 10:54:00,10,361,0,Champions
14157,2,424.89000000000004,271,2011-02-27 13:04:00,2011-11-20 11:32:00,20,265,3,New / Low Engagement
14158,1,507.65999999999997,781,2011-10-30 15:08:00,2011-10-30 15:08:00,40,0,3,New / Low Engagement
14159,11,4627.98,4345,2010-12-12 11:17:00,2011-11-20 12:36:00,20,343,0,Champions
14161,3,1097.6200000000001,450,2010-12-05 13:18:00,2011-05-08 11:41:00,216,153,2,Loyal Mid-Value
14162,2,289.36,142,2011-02-20 12:32:00,2011-06-19 11:36:00,174,118,1,At Risk / Lapsed
14163,4,2445.91,893,2011-04-14 17:33:00,2011-09-13 15:18:00,87,151,2,Loyal Mid-Value
14164,2,1631.77,1033,2011-09-20 12:18:00,2011-09-30 12:24:00,71,10,2,Loyal Mid-Value
14165,1,120.44,53,2011-03-09 12:39:00,2011-03-09 12:39:00,276,0,1,At Risk / Lapsed
14167,4,562.59,147,2011-01-12 15:44:00,2011-10-31 14:29:00,39,291,2,Loyal Mid-Value
14171,1,363.79,167,2011-09-02 16:43:00,2011-09-02 16:43:00,98,0,1,At Risk / Lapsed
14173,4,450.84000000000003,150,2011-05-04 14:03:00,2011-11-29 11:54:00,11,208,3,New / Low Engagement
14174,1,134.46,94,2011-11-06 13:17:00,2011-11-06 13:17:00,33,0,3,New / Low Engagement
14175,3,3222.3,1515,2011-01-14 12:22:00,2011-10-11 11:55:00,60,269,2,Loyal Mid-Value
14176,4,576.9000000000001,209,2010-12-07 11:45:00,2011-02-15 13:12:00,297,70,1,At Risk / Lapsed
14177,4,549.46,204,2011-06-13 11:10:00,2011-09-14 15:11:00,86,93,2,Loyal Mid-Value
14178,7,1580.26,1492,2011-06-10 12:51:00,2011-12-01 12:01:00,9,173,0,Champions
14179,2,701.57,319,2011-10-18 14:00:00,2011-10-30 12:07:00,41,11,3,New / Low Engagement
14180,25,4748.52,719,2010-12-02 13:08:00,2011-11-29 10:56:00,11,361,0,Champions
14184,1,452.89,127,2011-10-04 12:43:00,2011-10-04 12:43:00,67,0,1,At Risk / Lapsed
14185,1,197.65,6,2011-01-12 13:52:00,2011-01-12 13:52:00,331,0,1,At Risk / Lapsed
14188,6,2054.36,1162,2011-02-02 13:46:00,2011-11-09 12:45:00,31,279,2,Loyal Mid-Value
14189,15,4654.08,3937,2010-12-06 11:42:00,2011-12-07 15:55:00,2,366,0,Champions
14191,13,4684.76,3662,2011-05-03 10:30:00,2011-12-08 09:23:00,2,218,0,Champions
14193,2,853.39,445,2011-03-15 11:38:00,2011-10-03 09:34:00,68,201,2,Loyal Mid-Value
14194,21,11349.52,5840,2011-02-04 14:51:00,2011-12-05 10:38:00,5,303,0,Champions
14195,2,1012.0,760,2011-04-01 16:50:00,2011-05-22 10:29:00,202,50,1,At Risk / Lapsed
14196,1,335.52,142,2011-08-25 10:25:00,2011-08-25 10:25:00,107,0,1,At Risk / Lapsed
14198,4,701.4,290,2011-04-14 14:54:00,2011-11-21 16:35:00,18,221,3,New / Low Engagement
14199,1,185.39999999999998,28,2011-05-05 13:44:00,2011-05-05 13:44:00,218,0,1,At Risk / Lapsed
14201,7,747.44,590,2010-12-15 13:25:00,2011-10-10 13:27:00,60,299,2,Loyal Mid-Value
14204,1,150.61,72,2011-12-07 13:38:00,2011-12-07 13:38:00,2,0,3,New / Low Engagement
14205,2,466.7,204,2011-03-20 15:07:00,2011-11-23 10:55:00,17,247,3,New / Low Engagement
14206,1,328.15999999999997,276,2011-04-14 16:38:00,2011-04-14 16:38:00,239,0,1,At Risk / Lapsed
14208,1,151.74,114,2011-09-06 12:48:00,2011-09-06 12:48:00,95,0,1,At Risk / Lapsed
14209,6,2073.43,691,2011-01-11 12:56:00,2011-11-29 10:18:00,11,321,0,Champions
14210,6,1905.8400000000001,760,2010-12-03 12:43:00,2011-08-26 12:36:00,106,265,2,Loyal Mid-Value
14211,9,2241.1,1242,2011-02-17 15:50:00,2011-10-17 13:23:00,53,241,2,Loyal Mid-Value
14212,1,1070.48,1152,2011-09-11 12:45:00,2011-09-11 12:45:00,90,0,1,At Risk / Lapsed
14214,5,1004.38,751,2011-03-07 12:26:00,2011-11-09 10:31:00,31,246,2,Loyal Mid-Value
14215,6,1789.72,1358,2010-12-06 15:34:00,2011-11-28 12:19:00,12,356,0,Champions
14216,4,1839.3,594,2011-11-02 10:51:00,2011-12-06 14:56:00,3,34,0,Champions
14217,17,2004.98,689,2010-12-08 13:28:00,2011-12-08 11:53:00,2,364,0,Champions
14218,1,169.48000000000002,160,2011-10-28 10:00:00,2011-10-28 10:00:00,43,0,1,At Risk / Lapsed
14219,1,89.94,78,2011-12-05 16:23:00,2011-12-05 16:23:00,4,0,3,New / Low Engagement
14220,2,632.4,272,2010-12-16 18:18:00,2011-04-06 13:23:00,247,110,1,At Risk / Lapsed
14221,9,3432.8,2191,2011-01-04 15:33:00,2011-10-28 13:42:00,42,296,0,Champions
14222,1,683.17,607,2011-06-15 16:42:00,2011-06-15 16:42:00,177,0,1,At Risk / Lapsed
14223,3,991.13,585,2011-03-20 16:02:00,2011-09-08 13:38:00,92,171,2,Loyal Mid-Value
14224,4,1009.73,483,2011-01-23 13:58:00,2011-08-21 13:24:00,110,209,2,Loyal Mid-Value
14226,5,2214.79,1296,2011-03-15 15:36:00,2011-11-11 11:34:00,29,240,2,Loyal Mid-Value
14227,10,3350.96,1820,2011-02-28 12:27:00,2011-11-13 15:48:00,26,258,0,Champions
14229,3,1547.2,610,2011-01-10 12:03:00,2011-10-19 10:04:00,52,281,2,Loyal Mid-Value
14231,3,925.71,409,2011-02-24 11:55:00,2011-06-09 11:05:00,184,104,2,Loyal Mid-Value
14232,5,2048.07,1941,2011-03-20 12:44:00,2011-10-28 11:09:00,43,221,2,Loyal Mid-Value
14233,4,1462.72,680,2011-01-26 12:43:00,2011-10-21 15:54:00,49,268,2,Loyal Mid-Value
14234,4,754.12,951,2011-10-13 13:58:00,2011-11-17 17:53:00,22,35,2,Loyal Mid-Value
14235,5,3144.86,1959,2011-03-24 13:23:00,2011-09-25 14:37:00,75,185,2,Loyal Mid-Value
14236,2,490.85999999999996,310,2010-12-02 18:49:00,2011-09-20 09:13:00,81,291,1,At Risk / Lapsed
14237,1,161.0,38,2010-12-01 13:20:00,2010-12-01 13:20:00,373,0,1,At Risk / Lapsed
14238,1,146.85,111,2011-01-17 14:40:00,2011-01-17 14:40:00,326,0,1,At Risk / Lapsed
14239,11,2380.85,993,2011-01-27 14:45:00,2011-10-27 14:40:00,43,272,0,Champions
14240,2,890.34,418,2011-04-28 11:40:00,2011-11-09 13:45:00,30,195,3,New / Low Engagement
14241,1,213.70000000000002,146,2011-06-09 11:46:00,2011-06-09 11:46:00,184,0,1,At Risk / Lapsed
14242,2,280.55,123,2011-01-18 08:53:00,2011-04-19 11:46:00,235,91,1,At Risk / Lapsed
14243,10,2588.77,1221,2010-12-09 08:34:00,2011-12-01 11:12:00,9,357,0,Champions
14245,2,1693.45,976,2011-03-21 10:41:00,2011-05-04 08:40:00,220,43,2,Loyal Mid-Value
14246,3,1474.06,804,2011-04-08 08:25:00,2011-08-21 11:50:00,111,135,2,Loyal Mid-Value
14247,1,136.77,47,2011-03-06 15:21:00,2011-03-06 15:21:00,278,0,1,At Risk / Lapsed
14248,1,302.58,102,2011-01-25 14:45:00,2011-01-25 14:45:00,318,0,1,At Risk / Lapsed
14250,3,1904.05,1200,2011-09-11 13:44:00,2011-12-02 14:30:00,7,82,3,New / Low Engagement
14251,5,2879.7000000000003,1674,2011-10-13 12:46:00,2011-12-08 08:32:00,2,55,0,Champions
14256,2,969.0600000000001,414,2010-12-10 11:44:00,2011-03-24 13:17:00,260,104,1,At Risk / Lapsed
14257,5,3099.7200000000003,1682,2011-01-25 10:49:00,2011-10-06 16:54:00,64,254,2,Loyal Mid-Value
14258,9,12669.98,7100,2011-01-06 12:18:00,2011-11-30 15:27:00,9,328,0,Champions
14259,1,120.0,68,2011-07-21 10:44:00,2011-07-21 10:44:00,142,0,1,At Risk / Lapsed
14261,2,1163.45,406,2011-09-22 10:47:00,2011-10-20 10:04:00,51,27,2,Loyal Mid-Value
14262,8,2618.23,1645,2011-04-13 12:23:00,2011-12-01 14:17:00,8,232,0,Champions
14264,2,333.97,70,2011-04-08 12:20:00,2011-07-08 10:20:00,155,90,1,At Risk / Lapsed
14265,2,530.18,330,2011-07-14 09:10:00,2011-08-22 13:32:00,109,39,1,At Risk / Lapsed
14267,3,1516.24,530,2011-03-24 11:38:00,2011-06-30 10:09:00,163,97,2,Loyal Mid-Value
14270,1,492.65000000000003,197,2011-01-12 09:33:00,2011-01-12 09:33:00,332,0,1,At Risk / Lapsed
14271,1,112.32000000000001,88,2011-04-28 12:47:00,2011-04-28 12:47:00,226,0,1,At Risk / Lapsed
14272,2,437.96,599,2011-03-30 13:57:00,2011-09-27 10:08:00,74,180,1,At Risk / Lapsed
14273,4,559.97,264,2011-04-11 13:24:00,2011-10-19 13:20:00,51,190,2,Loyal Mid-Value
14276,3,1119.74,744,2011-02-23 09:38:00,2011-09-02 09:45:00,99,191,2,Loyal Mid-Value
14277,3,4152.0,1974,2011-05-11 13:20:00,2011-11-24 15:01:00,15,197,2,Loyal Mid-Value
14280,1,134.04,52,2011-05-27 10:37:00,2011-05-27 10:37:00,197,0,1,At Risk / Lapsed
14282,15,3701.44,2656,2010-12-07 12:21:00,2011-12-06 17:04:00,3,364,0,Champions
14284,2,595.25,161,2011-09-14 13:04:00,2011-11-09 08:11:00,31,55,3,New / Low Engagement
14285,4,1910.01,541,2011-06-16 12:36:00,2011-11-18 14:50:00,21,155,2,Loyal Mid-Value
14286,3,4628.75,4338,2011-04-11 08:16:00,2011-11-16 10:34:00,24,219,2,Loyal Mid-Value
14287,3,176.63,261,2011-05-25 11:41:00,2011-12-01 13:25:00,8,190,3,New / Low Engagement
14288,1,426.6,188,2011-05-10 13:22:00,2011-05-10 13:22:00,213,0,1,At Risk / Lapsed
14289,6,911.26,292,2011-02-23 12:33:00,2011-12-01 11:44:00,9,280,2,Loyal Mid-Value
14290,5,2314.65,915,2010-12-13 10:24:00,2011-11-28 14:02:00,11,350,0,Champions
14291,11,3883.25,2749,2011-03-09 15:20:00,2011-12-08 10:26:00,2,273,0,Champions
14292,9,4871.93,1663,2011-03-02 08:26:00,2011-12-02 11:50:00,8,275,0,Champions
14293,4,1046.56,709,2010-12-06 10:18:00,2011-12-06 15:17:00,3,365,3,New / Low Engagement
14295,1,166.20000000000002,84,2011-10-30 15:50:00,2011-10-30 15:50:00,40,0,1,At Risk / Lapsed
14297,4,1305.33,865,2011-03-10 08:31:00,2011-11-22 09:06:00,18,257,2,Loyal Mid-Value
14298,44,51527.3,58343,2010-12-14 12:59:00,2011-12-01 13:12:00,8,352,0,Champions
14299,9,3965.62,2149,2010-12-09 10:30:00,2011-12-01 16:05:00,8,357,0,Champions
14300,1,43.2,32,2011-11-21 08:57:00,2011-11-21 08:57:00,19,0,3,New / Low Engagement
14301,1,640.14,606,2011-08-14 15:33:00,2011-08-14 15:33:00,117,0,1,At Risk / Lapsed
14304,1,383.45000000000005,139,2011-05-01 11:50:00,2011-05-01 11:50:00,223,0,1,At Risk / Lapsed
14305,3,1858.96,1089,2011-07-27 14:14:00,2011-09-29 15:29:00,71,64,2,Loyal Mid-Value
14306,2,2093.32,1075,2011-09-15 10:31:00,2011-10-19 13:23:00,51,34,2,Loyal Mid-Value
14307,6,2995.7200000000003,2058,2010-12-01 11:41:00,2011-09-12 09:38:00,89,284,2,Loyal Mid-Value
14309,9,2352.53,1633,2010-12-16 13:05:00,2011-12-01 13:33:00,8,350,0,Champions
14311,1,310.26,146,2011-04-11 10:14:00,2011-04-11 10:14:00,243,0,1,At Risk / Lapsed
14312,6,1611.5900000000001,1012,2011-01-06 16:35:00,2011-10-24 09:46:00,47,290,2,Loyal Mid-Value
14314,1,120.0,296,2011-08-25 10:39:00,2011-08-25 10:39:00,107,0,1,At Risk / Lapsed
14315,6,2481.13,1021,2011-03-18 12:59:00,2011-10-26 12:06:00,45,221,2,Loyal Mid-Value
14317,1,508.58000000000004,255,2011-10-06 10:44:00,2011-10-06 10:44:00,65,0,1,At Risk / Lapsed
14320,2,477.79,325,2011-01-11 09:12:00,2011-05-17 09:24:00,207,126,1,At Risk / Lapsed
14321,5,1530.75,2406,2011-01-10 11:35:00,2011-11-29 09:47:00,11,322,2,Loyal Mid-Value
14323,2,605.0600000000001,350,2011-04-15 11:44:00,2011-08-17 11:37:00,115,123,1,At Risk / Lapsed
14326,1,183.85000000000002,103,2011-04-11 15:04:00,2011-04-11 15:04:00,242,0,1,At Risk / Lapsed
14327,1,311.65000000000003,139,2011-06-29 13:58:00,2011-06-29 13:58:00,163,0,1,At Risk / Lapsed
14329,7,4975.24,3087,2011-01-14 13:42:00,2011-11-22 15:50:00,17,312,0,Champions
14331,2,462.66,252,2011-07-27 15:14:00,2011-08-07 13:17:00,124,10,1,At Risk / Lapsed
14332,3,840.21,463,2011-07-15 10:33:00,2011-11-17 11:54:00,23,125,2,Loyal Mid-Value
14333,1,415.2,58,2011-10-03 10:38:00,2011-10-03 10:38:00,68,0,1,At Risk / Lapsed
14334,8,2552.21,1731,2010-12-16 17:37:00,2011-11-23 10:01:00,17,341,0,Champions
14335,2,454.86,375,2011-09-04 13:07:00,2011-11-23 13:41:00,16,80,3,New / Low Engagement
14336,4,1614.91,1759,2011-03-08 16:48:00,2011-11-23 11:40:00,17,259,2,Loyal Mid-Value
14338,2,588.22,335,2011-05-27 13:30:00,2011-07-01 14:08:00,161,35,1,At Risk / Lapsed
14339,1,309.52,168,2011-04-11 11:06:00,2011-04-11 11:06:00,243,0,1,At Risk / Lapsed
14340,1,134.7,58,2011-05-05 09:44:00,2011-05-05 09:44:00,219,0,1,At Risk / Lapsed
14341,8,2166.98,1397,2011-01-25 13:55:00,2011-10-25 15:48:00,45,273,2,Loyal Mid-Value
14342,4,668.5600000000001,347,2011-05-13 13:50:00,2011-11-18 13:21:00,21,188,2,Loyal Mid-Value
14344,8,889.9300000000001,477,2010-12-06 11:58:00,2011-08-04 13:51:00,127,241,2,Loyal Mid-Value
14345,1,108.98,50,2011-11-01 09:51:00,2011-11-01 09:51:00,39,0,1,At Risk / Lapsed
14346,2,1021.58,605,2011-02-15 13:52:00,2011-08-11 09:47:00,121,176,2,Loyal Mid-Value
14348,1,409.57,183,2011-03-24 16:23:00,2011-03-24 16:23:00,260,0,1,At Risk / Lapsed
14349,1,133.5,86,2011-11-29 15:39:00,2011-11-29 15:39:00,10,0,3,New / Low Engagement
14350,1,282.93,183,2011-03-10 14:14:00,2011-03-10 14:14:00,274,0,1,At Risk / Lapsed
14351,1,51.0,12,2011-06-28 11:56:00,2011-06-28 11:56:00,165,0,1,At Risk / Lapsed
14352,4,1078.96,538,2011-03-11 14:58:00,2011-07-05 15:41:00,157,116,2,Loyal Mid-Value
14353,1,90.6,64,2011-05-08 16:06:00,2011-05-08 16:06:00,215,0,1,At Risk / Lapsed
14354,2,163.62,210,2011-11-09 15:36:00,2011-12-04 11:32:00,6,24,3,New / Low Engagement
14355,1,174.4,92,2010-12-09 12:16:00,2010-12-09 12:16:00,366,0,1,At Risk / Lapsed
14356,2,701.23,277,2011-09-19 14:43:00,2011-09-21 09:18:00,80,1,2,Loyal Mid-Value
14357,1,225.12,147,2011-10-27 16:23:00,2011-10-27 16:23:00,43,0,1,At Risk / Lapsed
14359,3,912.1800000000001,371,2011-09-13 09:03:00,2011-11-20 13:17:00,19,68,3,New / Low Engagement
14360,4,2118.03,1139,2011-09-06 11:58:00,2011-11-08 09:12:00,32,62,2,Loyal Mid-Value
14362,1,151.5,96,2011-11-17 15:08:00,2011-11-17 15:08:00,22,0,3,New / Low Engagement
14364,8,3717.35,1967,2011-05-12 12:56:00,2011-08-23 11:01:00,109,102,2,Loyal Mid-Value
14367,16,9227.82,4426,2011-03-08 14:12:00,2011-12-01 13:19:00,8,267,0,Champions
14368,1,155.0,36,2011-01-24 09:52:00,2011-01-24 09:52:00,320,0,1,At Risk / Lapsed
14371,1,100.5,34,2011-02-17 16:35:00,2011-02-17 16:35:00,295,0,1,At Risk / Lapsed
14373,1,76.55,17,2010-12-16 15:40:00,2010-12-16 15:40:00,358,0,1,At Risk / Lapsed
14375,1,235.56,184,2011-06-07 13:44:00,2011-06-07 13:44:00,185,0,1,At Risk / Lapsed
14377,2,617.05,219,2011-03-22 13:38:00,2011-06-01 13:32:00,191,70,1,At Risk / Lapsed
14379,2,348.1,292,2011-02-17 15:03:00,2011-10-26 16:43:00,44,251,3,New / Low Engagement
14381,1,202.68,146,2011-10-18 17:10:00,2011-10-18 17:10:00,52,0,1,At Risk / Lapsed
14382,1,615.49,1231,2011-11-13 16:18:00,2011-11-13 16:18:00,26,0,3,New / Low Engagement
14383,3,1247.69,817,2011-06-29 10:18:00,2011-11-01 15:53:00,38,125,2,Loyal Mid-Value
14385,3,202.11,159,2011-11-16 11:55:00,2011-11-30 15:36:00,9,14,3,New / Low Engagement
14386,1,142.4,54,2011-02-16 09:45:00,2011-02-16 09:45:00,297,0,1,At Risk / Lapsed
14387,3,1727.6000000000001,795,2011-08-22 14:13:00,2011-11-07 12:29:00,33,76,2,Loyal Mid-Value
14388,8,3212.84,1941,2010-12-02 11:02:00,2011-11-29 13:32:00,10,362,0,Champions
14389,2,1043.46,729,2011-06-02 12:04:00,2011-10-05 15:17:00,65,125,2,Loyal Mid-Value
14390,9,4642.57,2133,2010-12-02 11:57:00,2011-11-29 13:49:00,10,362,0,Champions
14393,1,67.95,13,2011-05-05 18:16:00,2011-05-05 18:16:00,218,0,1,At Risk / Lapsed
14395,9,3479.91,1689,2010-12-02 18:15:00,2011-12-07 14:34:00,2,369,0,Champions
14396,2,487.99,225,2010-12-03 15:19:00,2011-10-05 16:09:00,65,306,1,At Risk / Lapsed
14397,19,2612.96,1890,2011-05-10 12:25:00,2011-12-07 09:22:00,3,210,0,Champions
14400,1,574.7,454,2011-07-13 15:50:00,2011-07-13 15:50:00,149,0,1,At Risk / Lapsed
14401,13,4051.48,4507,2010-12-15 09:07:00,2011-12-05 13:30:00,4,355,0,Champions
14403,4,1475.81,519,2011-04-06 14:23:00,2011-08-01 12:57:00,130,116,2,Loyal Mid-Value
14404,6,1449.32,827,2010-12-05 16:00:00,2011-11-06 12:30:00,34,335,2,Loyal Mid-Value
14406,1,156.75,77,2011-08-12 16:54:00,2011-08-12 16:54:00,119,0,1,At Risk / Lapsed
14407,5,2142.73,1414,2011-03-08 11:59:00,2011-08-24 14:02:00,107,169,2,Loyal Mid-Value
14408,7,2599.03,1610,2011-03-20 14:41:00,2011-11-29 11:41:00,11,253,0,Champions
14409,6,2059.4500000000003,1230,2010-12-06 15:03:00,2011-09-29 18:18:00,71,297,2,Loyal Mid-Value
14410,9,1099.27,565,2011-02-07 09:36:00,2011-09-08 15:08:00,92,213,2,Loyal Mid-Value
14411,1,1063.0,196,2011-02-02 10:56:00,2011-02-02 10:56:00,311,0,1,At Risk / Lapsed
14412,2,770.03,786,2011-09-28 08:48:00,2011-10-28 10:45:00,43,30,2,Loyal Mid-Value
14413,1,121.05,67,2010-12-12 13:37:00,2010-12-12 13:37:00,362,0,1,At Risk / Lapsed
14414,7,1496.98,2512,2010-12-16 11:11:00,2011-09-09 12:09:00,92,267,2,Loyal Mid-Value
14415,13,5855.57,2996,2010-12-14 13:31:00,2011-12-08 14:38:00,1,359,0,Champions
14416,2,490.22,326,2011-10-28 15:10:00,2011-11-17 15:22:00,22,20,3,New / Low Engagement
14418,3,1937.25,1711,2011-08-23 17:18:00,2011-12-06 11:39:00,4,104,3,New / Low Engagement
14419,6,1051.79,483,2010-12-10 10:56:00,2011-11-29 11:22:00,11,354,2,Loyal Mid-Value
14420,1,387.52,334,2011-09-01 18:07:00,2011-09-01 18:07:00,99,0,1,At Risk / Lapsed
14421,2,813.11,365,2011-05-12 10:49:00,2011-10-13 13:24:00,57,154,2,Loyal Mid-Value
14422,6,4263.64,2906,2011-03-17 17:26:00,2011-12-09 11:26:00,1,266,0,Champions
14423,1,265.2,120,2011-05-05 15:12:00,2011-05-05 15:12:00,218,0,1,At Risk / Lapsed
14424,1,322.08,48,2011-11-22 11:48:00,2011-11-22 11:48:00,18,0,3,New / Low Engagement
14426,10,4481.67,2699,2011-01-31 09:51:00,2011-11-16 12:25:00,24,289,0,Champions
14427,2,363.34000000000003,228,2011-10-07 09:10:00,2011-10-20 14:23:00,50,13,3,New / Low Engagement
14428,5,1224.06,428,2011-01-18 16:39:00,2011-12-02 13:17:00,7,317,3,New / Low Engagement
14431,1,470.36,130,2011-02-10 10:40:00,2011-02-10 10:40:00,303,0,1,At Risk / Lapsed
14432,6,2248.5,2013,2011-09-11 14:09:00,2011-11-30 08:04:00,10,79,0,Champions
14434,6,1372.8,368,2011-09-28 15:31:00,2011-11-18 08:56:00,22,50,2,Loyal Mid-Value
14436,1,89.06,129,2011-09-02 10:13:00,2011-09-02 10:13:00,99,0,1,At Risk / Lapsed
14437,1,63.0,60,2010-12-09 09:27:00,2010-12-09 09:27:00,366,0,1,At Risk / Lapsed
14438,1,131.9,82,2011-02-06 14:56:00,2011-02-06 14:56:00,306,0,1,At Risk / Lapsed
14439,1,2661.24,526,2011-01-24 11:39:00,2011-01-24 11:39:00,320,0,1,At Risk / Lapsed
14440,5,2357.6800000000003,588,2010-12-09 12:49:00,2011-12-01 15:42:00,8,357,0,Champions
14441,4,1712.89,446,2011-03-29 12:01:00,2011-12-09 09:07:00,1,254,0,Champions
14442,2,1589.82,482,2011-01-27 09:33:00,2011-05-19 11:36:00,205,112,2,Loyal Mid-Value
14443,4,1420.2,938,2010-12-06 11:03:00,2011-10-17 10:10:00,54,314,2,Loyal Mid-Value
14446,4,1005.55,856,2011-04-07 12:10:00,2011-12-09 11:34:00,1,245,3,New / Low Engagement
14447,5,1163.23,571,2011-03-04 10:49:00,2011-11-21 08:28:00,19,261,2,Loyal Mid-Value
14448,2,375.35,104,2010-12-10 17:26:00,2011-11-30 13:50:00,9,354,3,New / Low Engagement
14449,4,885.8,741,2010-12-02 14:09:00,2011-11-21 12:06:00,19,353,2,Loyal Mid-Value
14450,3,483.25,241,2011-01-23 11:53:00,2011-06-12 10:46:00,181,139,1,At Risk / Lapsed
14451,2,643.9,378,2011-05-29 12:35:00,2011-10-10 13:38:00,60,134,2,Loyal Mid-Value
14452,2,259.05,116,2011-09-07 11:32:00,2011-11-29 12:06:00,11,83,3,New / Low Engagement
14453,1,119.93,49,2011-06-02 14:15:00,2011-06-02 14:15:00,190,0,1,At Risk / Lapsed
14456,9,3014.32,2848,2011-07-20 13:06:00,2011-12-04 13:59:00,5,137,0,Champions
14457,1,113.64,88,2011-02-02 09:39:00,2011-02-02 09:39:00,311,0,1,At Risk / Lapsed
14459,1,1837.92,760,2011-07-07 13:35:00,2011-07-07 13:35:00,155,0,1,At Risk / Lapsed
14460,3,434.34,881,2011-02-02 11:55:00,2011-08-21 14:19:00,110,200,1,At Risk / Lapsed
14461,3,2102.67,765,2011-03-23 12:15:00,2011-07-14 17:11:00,148,113,2,Loyal Mid-Value
14462,11,1975.57,954,2011-01-04 12:45:00,2011-10-04 15:55:00,66,273,2,Loyal Mid-Value
14463,3,529.62,179,2011-05-18 14:42:00,2011-09-02 15:20:00,98,107,2,Loyal Mid-Value
14465,3,1038.44,398,2011-02-10 12:13:00,2011-04-07 12:38:00,247,56,2,Loyal Mid-Value
14466,7,2272.4,1006,2010-12-02 13:36:00,2011-11-10 14:07:00,29,343,2,Loyal Mid-Value
14467,4,596.26,276,2011-01-31 12:35:00,2011-11-22 12:48:00,18,295,3,New / Low Engagement
14470,2,461.19,193,2011-02-25 11:56:00,2011-11-28 10:31:00,12,275,3,New / Low Engagement
14472,8,1852.67,1135,2010-12-19 14:03:00,2011-08-28 11:01:00,104,251,2,Loyal Mid-Value
14473,2,234.34,88,2011-03-02 13:56:00,2011-09-26 15:10:00,74,208,1,At Risk / Lapsed
14474,1,547.66,140,2011-10-24 13:26:00,2011-10-24 13:26:00,46,0,3,New / Low Engagement
14475,3,925.85,447,2011-02-08 10:12:00,2011-09-29 10:46:00,72,233,2,Loyal Mid-Value
14476,1,193.0,110,2011-03-27 15:39:00,2011-03-27 15:39:00,257,0,1,At Risk / Lapsed
14477,4,1309.6,720,2011-02-15 15:44:00,2011-11-20 11:11:00,20,277,2,Loyal Mid-Value
14479,2,316.25,117,2010-12-09 12:59:00,2011-03-31 09:07:00,254,111,1,At Risk / Lapsed
14480,1,279.05,143,2011-11-28 16:35:00,2011-11-28 16:35:00,11,0,3,New / Low Engagement
14481,2,636.51,489,2011-02-25 13:53:00,2011-06-28 10:38:00,165,122,1,At Risk / Lapsed
14482,6,2022.81,1627,2011-04-14 16:41:00,2011-11-21 13:14:00,18,220,2,Loyal Mid-Value
14483,1,137.1,97,2011-03-03 10:26:00,2011-03-03 10:26:00,282,0,1,At Risk / Lapsed
14484,1,321.92,210,2011-10-20 14:11:00,2011-10-20 14:11:00,50,0,1,At Risk / Lapsed
14485,1,162.8,70,2011-11-01 12:25:00,2011-11-01 12:25:00,39,0,1,At Risk / Lapsed
14487,6,1165.48,712,2010-12-06 13:22:00,2011-11-13 12:17:00,27,341,2,Loyal Mid-Value
14488,1,1064.28,799,2011-10-03 09:30:00,2011-10-03 09:30:00,68,0,1,At Risk / Lapsed
14489,1,463.38,299,2011-05-16 14:51:00,2011-05-16 14:51:00,207,0,1,At Risk / Lapsed
14491,2,340.93,139,2010-12-02 12:10:00,2011-06-17 15:22:00,175,197,1,At Risk / Lapsed
14493,5,2383.2400000000002,1285,2011-07-07 16:59:00,2011-12-02 16:14:00,7,147,0,Champions
14494,1,139.56,92,2011-11-14 09:21:00,2011-11-14 09:21:00,26,0,3,New / Low Engagement
14495,2,123.80000000000001,62,2011-08-10 14:13:00,2011-10-20 12:28:00,51,70,1,At Risk / Lapsed
14496,2,538.8100000000001,159,2010-12-01 15:35:00,2011-02-01 09:01:00,312,61,1,At Risk / Lapsed
14497,1,475.37,235,2011-02-03 17:01:00,2011-02-03 17:01:00,309,0,1,At Risk / Lapsed
14498,5,1957.32,1098,2010-12-13 11:29:00,2011-10-28 12:09:00,43,319,2,Loyal Mid-Value
14499,3,808.44,496,2011-03-06 11:55:00,2011-11-13 13:01:00,26,252,2,Loyal Mid-Value
14500,3,356.85,117,2011-06-03 10:08:00,2011-09-12 16:45:00,88,101,1,At Risk / Lapsed
14501,2,251.21,161,2011-01-24 10:43:00,2011-06-09 12:02:00,184,136,1,At Risk / Lapsed
14502,11,2426.79,1464,2011-01-30 15:52:00,2011-11-20 11:50:00,20,293,0,Champions
14503,6,3543.26,2004,2011-06-14 10:00:00,2011-12-06 13:30:00,3,175,0,Champions
14504,4,673.26,308,2011-03-06 14:38:00,2011-10-23 16:00:00,47,231,2,Loyal Mid-Value
14505,8,5859.43,2739,2010-12-12 16:14:00,2011-11-22 15:45:00,17,344,0,Champions
14506,5,1960.65,704,2010-12-05 14:25:00,2011-11-22 13:02:00,17,351,2,Loyal Mid-Value
14507,6,1367.88,594,2011-03-08 17:23:00,2011-11-16 12:21:00,24,252,2,Loyal Mid-Value
14508,2,268.05,129,2011-09-11 11:29:00,2011-11-17 19:48:00,22,67,3,New / Low Engagement
14511,5,1314.81,784,2011-07-29 12:13:00,2011-11-28 17:05:00,11,122,2,Loyal Mid-Value
14512,2,275.28,122,2011-04-21 19:05:00,2011-06-05 12:39:00,188,44,1,At Risk / Lapsed
14513,3,455.59000000000003,361,2011-02-24 09:36:00,2011-08-31 11:25:00,101,188,1,At Risk / Lapsed
14514,3,990.2,564,2011-01-12 15:22:00,2011-10-09 16:05:00,61,270,2,Loyal Mid-Value
14515,6,2076.89,1110,2011-05-05 12:13:00,2011-11-22 11:37:00,18,200,2,Loyal Mid-Value
14517,2,330.45,91,2011-07-21 11:42:00,2011-11-06 14:20:00,33,108,3,New / Low Engagement
14518,1,174.37,278,2011-10-06 14:43:00,2011-10-06 14:43:00,64,0,1,At Risk / Lapsed
14520,2,270.6,146,2011-02-22 09:15:00,2011-12-08 09:46:00,2,289,3,New / Low Engagement
14522,4,974.54,525,2011-05-25 16:01:00,2011-11-15 13:24:00,24,173,2,Loyal Mid-Value
14523,1,241.09,251,2011-08-23 13:13:00,2011-08-23 13:13:00,108,0,1,At Risk / Lapsed
14524,9,1843.83,669,2010-12-14 11:01:00,2011-11-08 12:29:00,32,329,2,Loyal Mid-Value
14525,9,4215.9,2637,2010-12-13 17:40:00,2011-11-20 11:37:00,20,341,0,Champions
14527,55,8506.13,2086,2010-12-05 13:17:00,2011-12-07 12:19:00,3,366,0,Champions
14528,1,364.21999999999997,278,2011-11-02 17:09:00,2011-11-02 17:09:00,37,0,3,New / Low Engagement
14529,3,578.61,325,2011-08-21 14:10:00,2011-10-10 15:27:00,60,50,2,Loyal Mid-Value
14530,6,2862.11,1395,2011-02-16 10:47:00,2011-11-14 10:38:00,26,270,2,Loyal Mid-Value
14532,4,932.85,284,2010-12-22 13:48:00,2011-04-17 13:05:00,236,115,2,Loyal Mid-Value
14533,7,1949.72,4019,2010-12-22 11:07:00,2011-11-15 12:05:00,25,328,2,Loyal Mid-Value
14534,18,4395.65,2026,2011-01-25 12:33:00,2011-12-07 12:19:00,3,315,0,Champions
14535,3,2854.84,1824,2011-04-05 12:50:00,2011-10-10 15:39:00,60,188,2,Loyal Mid-Value
14536,1,170.95,39,2011-03-25 12:21:00,2011-03-25 12:21:00,260,0,1,At Risk / Lapsed
14537,1,355.56,120,2011-10-13 10:54:00,2011-10-13 10:54:00,58,0,1,At Risk / Lapsed
14538,2,388.25,155,2011-03-28 14:57:00,2011-10-06 10:31:00,65,191,1,At Risk / Lapsed
14539,2,537.48,428,2011-10-26 12:03:00,2011-11-24 09:50:00,16,28,3,New / Low Engagement
14540,3,952.66,411,2011-02-03 15:02:00,2011-11-30 10:15:00,10,299,3,New / Low Engagement
14541,8,1453.3500000000001,641,2011-01-24 14:16:00,2011-10-12 10:08:00,59,260,2,Loyal Mid-Value
14542,1,103.25,19,2011-06-07 08:19:00,2011-06-07 08:19:00,186,0,1,At Risk / Lapsed
14543,16,3560.08,671,2010-12-10 11:51:00,2011-11-11 12:45:00,29,336,0,Champions
14544,2,2004.3,1536,2010-12-13 12:50:00,2011-11-15 15:06:00,24,337,2,Loyal Mid-Value
14546,5,2573.93,1313,2011-04-05 12:37:00,2011-12-04 13:00:00,5,243,0,Champions
14547,8,3974.75,2639,2011-10-16 14:35:00,2011-12-06 11:06:00,4,50,0,Champions
14548,2,652.8,256,2011-01-26 08:38:00,2011-07-12 12:19:00,151,167,1,At Risk / Lapsed
14549,1,289.24,136,2011-02-01 13:47:00,2011-02-01 13:47:00,311,0,1,At Risk / Lapsed
14550,2,757.37,389,2011-10-26 12:14:00,2011-11-29 12:12:00,11,33,3,New / Low Engagement
14551,2,186.23,106,2011-05-19 18:21:00,2011-11-21 13:36:00,18,185,3,New / Low Engagement
14552,1,164.22,90,2011-07-11 12:49:00,2011-07-11 12:49:00,152,0,1,At Risk / Lapsed
14553,5,859.27,493,2011-01-04 15:40:00,2011-11-20 13:20:00,19,319,2,Loyal Mid-Value
14554,4,2279.4900000000002,1443,2011-10-18 13:04:00,2011-11-29 16:44:00,10,42,2,Loyal Mid-Value
14555,2,312.54,122,2011-02-10 17:19:00,2011-10-13 16:24:00,57,244,1,At Risk / Lapsed
14557,1,788.38,510,2011-09-15 15:48:00,2011-09-15 15:48:00,85,0,1,At Risk / Lapsed
14560,22,2237.77,1260,2010-12-17 09:22:00,2011-12-02 15:22:00,7,350,0,Champions
14561,3,1080.76,1014,2011-06-08 13:26:00,2011-09-25 12:39:00,76,108,2,Loyal Mid-Value
14562,18,5006.77,1815,2011-02-08 14:45:00,2011-12-06 11:05:00,4,300,0,Champions
14565,4,2949.12,1537,2010-12-13 13:25:00,2011-09-05 09:07:00,96,265,2,Loyal Mid-Value
14566,1,1432.0,800,2011-08-21 11:05:00,2011-08-21 11:05:00,111,0,1,At Risk / Lapsed
14567,2,1530.3600000000001,412,2011-08-01 13:48:00,2011-10-14 10:21:00,57,73,2,Loyal Mid-Value
14569,1,227.39000000000001,79,2011-12-08 14:58:00,2011-12-08 14:58:00,1,0,3,New / Low Engagement
14570,2,217.21,94,2011-03-04 10:39:00,2011-03-04 10:58:00,281,0,1,At Risk / Lapsed
14572,7,2804.54,1420,2011-01-19 17:23:00,2011-12-06 14:40:00,3,320,0,Champions
14573,9,1639.82,534,2010-12-02 19:59:00,2011-06-13 11:15:00,180,192,2,Loyal Mid-Value
14576,1,35.400000000000006,12,2010-12-02 17:51:00,2010-12-02 17:51:00,372,0,1,At Risk / Lapsed
14577,4,859.71,353,2010-12-12 11:26:00,2011-11-27 12:47:00,13,350,3,New / Low Engagement
14578,1,168.63,240,2011-12-06 17:18:00,2011-12-06 17:18:00,3,0,3,New / Low Engagement
14581,1,138.6,217,2011-11-23 12:39:00,2011-11-23 12:39:00,17,0,3,New / Low Engagement
14582,1,114.11000000000001,73,2011-10-30 11:56:00,2011-10-30 11:56:00,41,0,1,At Risk / Lapsed
14583,5,986.96,751,2011-05-18 11:28:00,2011-12-04 12:32:00,6,200,3,New / Low Engagement
14584,4,1033.06,381,2011-05-25 17:31:00,2011-06-23 18:33:00,169,29,2,Loyal Mid-Value
14585,1,157.05,91,2011-10-20 14:33:00,2011-10-20 14:33:00,50,0,1,At Risk / Lapsed
14586,1,237.35999999999999,444,2011-03-08 10:04:00,2011-03-08 10:04:00,277,0,1,At Risk / Lapsed
14587,9,1580.29,749,2011-01-12 13:16:00,2011-11-21 11:34:00,19,312,0,Champions
14589,1,39.75,5,2010-12-03 11:42:00,2010-12-03 11:42:00,372,0,1,At Risk / Lapsed
14591,4,1320.21,1228,2011-05-10 14:09:00,2011-11-24 13:57:00,15,197,2,Loyal Mid-Value
14592,3,557.9399999999999,407,2011-10-06 18:08:00,2011-11-04 16:35:00,35,28,3,New / Low Engagement
14593,3,617.15,330,2011-05-25 11:14:00,2011-11-18 12:48:00,22,177,3,New / Low Engagement
14594,2,363.33,183,2010-12-01 13:54:00,2011-12-02 13:28:00,7,365,3,New / Low Engagement
14595,6,1740.6000000000001,978,2011-01-30 13:36:00,2011-11-20 12:12:00,20,293,2,Loyal Mid-Value
14597,2,866.24,566,2011-06-01 12:33:00,2011-11-28 13:13:00,11,180,3,New / Low Engagement
14598,1,221.97,189,2011-10-26 13:19:00,2011-10-26 13:19:00,44,0,1,At Risk / Lapsed
14600,1,393.33,125,2011-02-07 09:48:00,2011-02-07 09:48:00,306,0,1,At Risk / Lapsed
14601,1,213.96,168,2011-11-29 09:48:00,2011-11-29 09:48:00,11,0,3,New / Low Engagement
14603,1,660.0,400,2011-03-10 10:27:00,2011-03-10 10:27:00,275,0,1,At Risk / Lapsed
14606,90,11926.15,6177,2010-12-01 16:57:00,2011-12-08 19:28:00,1,372,0,Champions
14607,12,15021.5,10734,2011-03-23 15:22:00,2011-11-24 10:35:00,16,245,0,Champions
14608,4,1785.15,437,2010-12-12 14:49:00,2011-12-05 16:52:00,4,358,0,Champions
14609,4,601.56,7026,2011-02-16 12:10:00,2011-09-28 12:54:00,72,224,2,Loyal Mid-Value
14616,3,406.08000000000004,104,2011-01-26 12:42:00,2011-04-11 09:54:00,243,74,1,At Risk / Lapsed
14618,3,553.4399999999999,264,2011-01-06 11:59:00,2011-11-30 13:45:00,9,328,3,New / Low Engagement
14619,1,394.44,152,2011-04-08 07:37:00,2011-04-08 07:37:00,246,0,1,At Risk / Lapsed
14620,2,412.78000000000003,214,2011-03-01 08:30:00,2011-05-18 11:58:00,206,78,1,At Risk / Lapsed
14621,5,1788.3600000000001,993,2010-12-16 13:00:00,2011-12-08 16:22:00,1,357,0,Champions
14622,1,320.58,146,2011-06-08 12:42:00,2011-06-08 12:42:00,185,0,1,At Risk / Lapsed
14623,5,882.02,406,2011-04-18 13:54:00,2011-11-07 13:56:00,32,203,2,Loyal Mid-Value
14624,2,225.85,162,2011-10-11 14:39:00,2011-10-13 13:44:00,57,1,1,At Risk / Lapsed
14625,2,899.63,335,2010-12-13 15:36:00,2011-05-27 15:32:00,196,164,1,At Risk / Lapsed
14626,4,2791.27,1403,2011-04-20 13:18:00,2011-11-16 10:37:00,24,209,2,Loyal Mid-Value
14628,2,671.96,272,2011-04-11 14:43:00,2011-09-09 14:58:00,91,151,1,At Risk / Lapsed
14629,2,955.26,378,2011-10-23 16:13:00,2011-12-05 16:55:00,4,43,3,New / Low Engagement
14631,3,1006.98,622,2011-02-14 09:31:00,2011-10-20 11:17:00,51,248,2,Loyal Mid-Value
14632,1,114.56,96,2011-03-22 08:49:00,2011-03-22 08:49:00,263,0,1,At Risk / Lapsed
14633,1,344.90000000000003,96,2011-03-18 17:07:00,2011-03-18 17:07:00,266,0,1,At Risk / Lapsed
14636,2,609.85,241,2011-03-16 09:52:00,2011-11-03 16:12:00,36,232,3,New / Low Engagement
14638,1,443.6,166,2011-10-20 10:10:00,2011-10-20 10:10:00,51,0,1,At Risk / Lapsed
14639,6,2984.4900000000002,1431,2010-12-13 13:50:00,2011-10-18 15:06:00,52,309,2,Loyal Mid-Value
14640,6,2107.38,880,2011-04-26 12:31:00,2011-11-15 13:07:00,24,203,2,Loyal Mid-Value
14641,1,110.46000000000001,90,2011-11-18 10:42:00,2011-11-18 10:42:00,22,0,3,New / Low Engagement
14642,1,96.12,76,2011-10-12 11:08:00,2011-10-12 11:08:00,59,0,1,At Risk / Lapsed
14643,2,693.8100000000001,815,2010-12-16 17:53:00,2011-06-22 14:41:00,170,187,1,At Risk / Lapsed
14644,2,830.76,258,2011-02-14 14:14:00,2011-10-03 08:30:00,68,230,2,Loyal Mid-Value
14645,2,597.09,381,2011-03-09 09:52:00,2011-07-06 09:15:00,157,118,1,At Risk / Lapsed
14646,72,279138.02,196844,2010-12-20 10:09:00,2011-12-08 12:12:00,2,353,0,Champions
14647,1,236.04000000000002,91,2011-05-22 13:40:00,2011-05-22 13:40:00,201,0,1,At Risk / Lapsed
14649,4,1402.59,1004,2011-05-11 14:37:00,2011-12-05 12:30:00,5,207,3,New / Low Engagement
14651,2,653.75,343,2011-05-12 16:29:00,2011-10-03 15:52:00,67,143,2,Loyal Mid-Value
14652,1,114.18,53,2011-09-23 14:21:00,2011-09-23 14:21:00,77,0,1,At Risk / Lapsed
14653,7,1916.7,944,2011-01-05 13:40:00,2011-12-08 13:45:00,1,337,0,Champions
14655,4,1932.23,1089,2011-05-01 14:59:00,2011-12-01 16:28:00,8,214,2,Loyal Mid-Value
14656,2,291.05,120,2011-03-01 13:19:00,2011-06-23 13:51:00,169,114,1,At Risk / Lapsed
14657,4,848.22,466,2011-01-17 15:19:00,2011-11-22 12:47:00,18,308,2,Loyal Mid-Value
14658,2,247.15,47,2011-08-14 15:42:00,2011-12-04 15:35:00,5,111,3,New / Low Engagement
14659,9,2529.93,1195,2011-01-28 12:43:00,2011-12-01 12:17:00,9,306,0,Champions
14660,2,285.74,228,2011-08-31 10:40:00,2011-09-14 11:34:00,87,14,1,At Risk / Lapsed
14661,1,107.95,35,2011-11-13 11:51:00,2011-11-13 11:51:00,27,0,3,New / Low Engagement
14662,4,741.37,578,2011-01-27 17:41:00,2011-11-11 12:13:00,29,287,2,Loyal Mid-Value
14664,2,636.24,465,2011-11-06 14:56:00,2011-11-20 10:59:00,20,13,3,New / Low Engagement
14665,5,1835.7,740,2011-02-02 09:08:00,2011-10-10 09:14:00,61,250,2,Loyal Mid-Value
14666,1,179.95,155,2011-11-15 12:57:00,2011-11-15 12:57:00,24,0,3,New / Low Engagement
14667,25,9170.79,5318,2010-12-06 13:13:00,2011-11-29 11:30:00,11,357,0,Champions
14669,3,1259.24,770,2011-01-11 12:30:00,2011-04-12 11:43:00,242,90,2,Loyal Mid-Value
14670,2,392.86,326,2011-03-04 13:58:00,2011-03-04 14:13:00,280,0,1,At Risk / Lapsed
14672,2,765.55,454,2011-01-07 15:48:00,2011-04-19 10:19:00,235,101,1,At Risk / Lapsed
14673,5,1736.4,1004,2010-12-07 12:49:00,2011-12-06 14:31:00,3,364,0,Champions
14675,1,596.36,336,2011-11-23 12:58:00,2011-11-23 12:58:00,16,0,3,New / Low Engagement
14676,6,2548.2400000000002,2500,2011-03-01 14:26:00,2011-11-08 13:29:00,31,251,2,Loyal Mid-Value
14680,16,28754.11,13476,2010-12-03 12:05:00,2011-11-14 16:59:00,25,346,0,Champions
14681,3,498.95,76,2011-05-12 10:45:00,2011-09-29 15:52:00,71,140,2,Loyal Mid-Value
14682,2,52.0,80,2011-05-22 12:51:00,2011-06-05 12:12:00,188,13,1,At Risk / Lapsed
14684,5,1201.51,821,2010-12-12 12:44:00,2011-11-14 11:33:00,26,336,2,Loyal Mid-Value
14687,1,628.38,470,2011-08-25 11:59:00,2011-08-25 11:59:00,107,0,1,At Risk / Lapsed
14688,21,5579.1,3584,2010-12-01 09:37:00,2011-12-02 12:26:00,8,366,0,Champions
14689,1,112.8,76,2011-05-15 11:22:00,2011-05-15 11:22:00,209,0,1,At Risk / Lapsed
14690,2,355.05,167,2011-07-11 11:58:00,2011-10-26 15:39:00,44,107,3,New / Low Engagement
14691,5,2114.33,707,2011-05-11 09:55:00,2011-11-09 12:30:00,31,182,2,Loyal Mid-Value
14692,4,591.55,265,2011-01-21 13:47:00,2011-07-25 15:08:00,137,185,2,Loyal Mid-Value
14693,1,172.9,34,2011-03-20 12:50:00,2011-03-20 12:50:00,265,0,1,At Risk / Lapsed
14696,7,2078.95,1630,2010-12-01 15:37:00,2011-12-05 13:43:00,4,368,0,Champions
14697,2,188.61,181,2011-05-05 15:29:00,2011-05-05 15:39:00,218,0,1,At Risk / Lapsed
14698,5,1217.27,602,2011-10-19 12:54:00,2011-12-08 12:26:00,2,49,0,Champions
14699,1,109.13,77,2011-05-09 14:54:00,2011-05-09 14:54:00,214,0,1,At Risk / Lapsed
14700,3,2195.1,1314,2011-04-15 13:16:00,2011-11-07 14:40:00,32,206,2,Loyal Mid-Value
14701,9,2526.09,921,2011-01-27 12:40:00,2011-11-29 12:38:00,11,305,0,Champions
14702,17,3251.79,1439,2010-12-09 19:23:00,2011-12-08 19:29:00,1,364,0,Champions
14703,1,318.17,183,2011-11-25 09:23:00,2011-11-25 09:23:00,15,0,3,New / Low Engagement
14704,7,1461.6200000000001,1035,2011-06-12 13:59:00,2011-11-20 12:20:00,20,160,2,Loyal Mid-Value
14705,1,179.0,100,2011-05-25 12:39:00,2011-05-25 12:39:00,199,0,1,At Risk / Lapsed
14708,3,1126.3700000000001,621,2010-12-06 12:23:00,2011-12-07 08:21:00,3,365,3,New / Low Engagement
14709,13,4921.04,2484,2010-12-16 13:43:00,2011-11-24 15:41:00,15,343,0,Champions
14710,4,599.48,375,2011-10-11 13:49:00,2011-11-25 14:53:00,14,45,3,New / Low Engagement
14711,11,2839.62,966,2011-03-22 13:32:00,2011-11-29 14:58:00,10,252,0,Champions
14712,3,917.07,315,2011-08-19 13:33:00,2011-11-10 12:59:00,29,82,2,Loyal Mid-Value
14713,11,2662.2,1613,2010-12-09 18:58:00,2011-11-30 16:26:00,9,355,0,Champions
14714,1,160.19,229,2011-11-15 13:07:00,2011-11-15 13:07:00,24,0,3,New / Low Engagement
14715,4,867.38,521,2011-01-12 13:27:00,2011-11-15 12:10:00,25,306,2,Loyal Mid-Value
14716,2,307.51,495,2011-07-14 12:42:00,2011-10-27 17:29:00,43,105,3,New / Low Engagement
14719,5,1581.84,1025,2011-04-04 14:17:00,2011-12-08 12:43:00,2,247,0,Champions
14720,3,663.8100000000001,219,2011-08-05 12:06:00,2011-12-04 12:02:00,6,120,3,New / Low Engagement
14722,1,180.42,118,2011-07-15 14:58:00,2011-07-15 14:58:00,147,0,1,At Risk / Lapsed
14723,6,1120.66,671,2010-12-03 14:18:00,2011-11-29 15:23:00,10,361,2,Loyal Mid-Value
14725,1,655.58,588,2011-11-15 12:42:00,2011-11-15 12:42:00,25,0,3,New / Low Engagement
14727,1,268.58000000000004,62,2011-03-10 14:45:00,2011-03-10 14:45:00,274,0,1,At Risk / Lapsed
14729,1,313.49,197,2010-12-01 12:43:00,2010-12-01 12:43:00,374,0,1,At Risk / Lapsed
14730,8,1897.57,1078,2011-03-08 12:49:00,2011-12-08 14:39:00,1,275,0,Champions
14731,3,380.02,256,2011-05-11 13:06:00,2011-10-23 15:54:00,47,165,3,New / Low Engagement
14732,8,2702.4900000000002,1405,2011-01-04 14:40:00,2011-12-01 14:34:00,8,330,0,Champions
14733,12,9585.91,3764,2010-12-07 11:30:00,2011-11-23 15:39:00,16,351,0,Champions
14735,31,6050.6900000000005,2263,2010-12-16 16:05:00,2011-12-06 12:09:00,4,354,0,Champions
14737,3,1164.55,345,2010-12-21 13:49:00,2011-12-06 10:16:00,4,349,3,New / Low Engagement
14738,7,1314.45,601,2011-01-27 14:10:00,2011-10-28 08:56:00,43,273,2,Loyal Mid-Value
14739,7,3902.28,3820,2010-12-07 14:58:00,2011-12-05 16:54:00,4,363,0,Champions
14740,3,1448.21,735,2011-03-01 08:35:00,2011-05-26 18:17:00,197,86,2,Loyal Mid-Value
14741,6,1400.3400000000001,841,2010-12-02 08:43:00,2011-11-28 08:48:00,12,361,2,Loyal Mid-Value
14744,7,1099.98,627,2010-12-08 10:21:00,2011-11-23 12:51:00,16,350,2,Loyal Mid-Value
14745,5,1220.26,1038,2011-02-27 15:25:00,2011-08-19 10:05:00,113,172,2,Loyal Mid-Value
14747,1,328.2,84,2011-04-04 14:09:00,2011-04-04 14:09:00,249,0,1,At Risk / Lapsed
14748,5,1415.75,1223,2010-12-06 10:19:00,2011-11-10 18:33:00,29,339,2,Loyal Mid-Value
14752,1,389.64000000000004,260,2011-10-27 11:55:00,2011-10-27 11:55:00,44,0,1,At Risk / Lapsed
14753,1,563.15,211,2011-09-13 14:50:00,2011-09-13 14:50:00,87,0,1,At Risk / Lapsed
14754,2,638.0500000000001,486,2011-02-17 12:21:00,2011-10-26 12:01:00,45,250,3,New / Low Engagement
14755,11,5010.28,2219,2011-01-09 14:02:00,2011-11-30 11:24:00,10,324,0,Champions
14756,1,738.96,416,2011-11-24 18:13:00,2011-11-24 18:13:00,15,0,3,New / Low Engagement
14757,1,420.5,160,2011-09-25 14:36:00,2011-09-25 14:36:00,75,0,1,At Risk / Lapsed
14758,4,1484.06,419,2011-03-25 12:10:00,2011-07-18 08:21:00,145,114,2,Loyal Mid-Value
14759,3,1625.97,569,2011-04-21 10:55:00,2011-12-05 12:03:00,5,228,3,New / Low Engagement
14760,1,89.2,40,2011-02-15 16:27:00,2011-02-15 16:27:00,297,0,1,At Risk / Lapsed
14761,2,255.9,118,2011-01-09 12:03:00,2011-10-12 12:10:00,59,276,1,At Risk / Lapsed
14762,1,300.52,341,2011-03-21 08:20:00,2011-03-21 08:20:00,264,0,1,At Risk / Lapsed
14764,1,278.3,190,2011-10-24 11:54:00,2011-10-24 11:54:00,47,0,1,At Risk / Lapsed
14765,3,254.11,135,2011-06-16 19:49:00,2011-11-10 19:53:00,29,147,3,New / Low Engagement
14766,6,2473.37,1349,2010-12-08 15:33:00,2011-12-01 16:05:00,8,358,0,Champions
14768,2,192.60000000000002,52,2011-08-04 13:25:00,2011-11-22 12:54:00,17,109,3,New / Low Engagement
14769,8,10415.33,7238,2010-12-17 11:40:00,2011-12-07 10:24:00,3,354,0,Champions
14770,2,876.4200000000001,490,2011-01-20 15:00:00,2011-04-21 14:21:00,232,90,1,At Risk / Lapsed
14772,1,139.26,82,2011-08-19 15:04:00,2011-08-19 15:04:00,112,0,1,At Risk / Lapsed
14775,3,1011.9,1174,2010-12-02 16:38:00,2011-10-12 15:27:00,58,313,2,Loyal Mid-Value
14776,11,2538.2999999999997,3134,2011-01-31 13:17:00,2011-10-19 15:34:00,51,261,2,Loyal Mid-Value
14778,2,730.86,306,2011-02-04 11:43:00,2011-08-04 15:23:00,127,181,1,At Risk / Lapsed
14779,3,386.15,84,2011-01-20 12:04:00,2011-03-04 12:42:00,281,43,1,At Risk / Lapsed
14780,2,447.68,310,2011-09-21 15:15:00,2011-10-16 12:46:00,55,24,1,At Risk / Lapsed
14782,1,200.10000000000002,114,2011-01-24 11:12:00,2011-01-24 11:12:00,320,0,1,At Risk / Lapsed
14784,2,289.99,237,2011-01-20 09:25:00,2011-11-13 13:30:00,26,297,3,New / Low Engagement
14785,2,77.4,84,2011-11-24 13:40:00,2011-11-29 13:21:00,10,4,3,New / Low Engagement
14788,2,679.44,421,2011-11-13 15:52:00,2011-12-02 17:06:00,7,19,3,New / Low Engagement
14789,1,197.64,116,2011-11-11 08:59:00,2011-11-11 08:59:00,29,0,3,New / Low Engagement
14790,4,745.06,699,2011-03-31 11:49:00,2011-11-23 09:28:00,17,236,3,New / Low Engagement
14792,1,6.2,2,2011-10-07 09:19:00,2011-10-07 09:19:00,64,0,1,At Risk / Lapsed
14793,1,228.99,91,2011-11-18 14:50:00,2011-11-18 14:50:00,21,0,3,New / Low Engagement
14794,7,1319.91,673,2011-01-09 16:11:00,2011-12-07 10:11:00,3,331,0,Champions
14795,1,131.45000000000002,17,2011-06-26 13:04:00,2011-06-26 13:04:00,166,0,1,At Risk / Lapsed
14796,17,7973.93,5991,2010-12-08 10:40:00,2011-12-08 15:31:00,1,365,0,Champions
14798,3,173.74,150,2011-02-02 15:26:00,2011-10-18 10:58:00,53,257,1,At Risk / Lapsed
14799,1,157.7,146,2011-10-19 16:16:00,2011-10-19 16:16:00,51,0,1,At Risk / Lapsed
14800,12,4331.79,3644,2010-12-05 11:10:00,2011-10-23 12:46:00,48,322,0,Champions
14801,1,189.34,173,2011-10-09 15:24:00,2011-10-09 15:24:00,61,0,1,At Risk / Lapsed
14803,3,845.55,370,2011-02-20 13:21:00,2011-06-30 13:58:00,162,130,2,Loyal Mid-Value
14804,1,353.27,121,2011-12-01 11:20:00,2011-12-01 11:20:00,9,0,3,New / Low Engagement
14805,4,546.4,114,2011-01-30 10:43:00,2011-11-24 16:20:00,15,298,3,New / Low Engagement
14806,1,193.39,330,2011-09-25 15:32:00,2011-09-25 15:32:00,75,0,1,At Risk / Lapsed
14808,8,2718.6,2120,2011-06-20 12:53:00,2011-10-31 12:21:00,40,132,2,Loyal Mid-Value
14810,11,2085.33,1015,2010-12-05 12:08:00,2011-10-30 11:19:00,41,328,0,Champions
14813,2,152.88,66,2010-12-05 11:54:00,2010-12-05 11:57:00,370,0,1,At Risk / Lapsed
14815,2,778.5,744,2011-10-03 11:36:00,2011-11-03 11:36:00,37,31,3,New / Low Engagement
14816,1,271.85,5,2011-05-26 13:16:00,2011-05-26 13:16:00,197,0,1,At Risk / Lapsed
14817,2,1010.34,653,2011-03-07 13:51:00,2011-05-23 13:35:00,200,76,1,At Risk / Lapsed
14818,3,657.8,324,2011-03-31 12:28:00,2011-09-27 11:01:00,74,179,2,Loyal Mid-Value
14819,2,272.07,109,2011-05-31 13:50:00,2011-10-06 13:41:00,64,127,1,At Risk / Lapsed
14820,4,507.29,253,2011-06-19 14:56:00,2011-11-18 15:41:00,21,152,3,New / Low Engagement
14821,1,48.800000000000004,20,2010-12-08 08:43:00,2010-12-08 08:43:00,367,0,1,At Risk / Lapsed
14823,3,321.43,88,2011-05-29 12:48:00,2011-06-12 13:12:00,180,14,1,At Risk / Lapsed
14824,4,1127.71,525,2011-09-09 14:12:00,2011-11-29 14:20:00,10,81,3,New / Low Engagement
14825,12,2221.01,989,2010-12-06 12:30:00,2011-12-06 11:38:00,4,364,0,Champions
14828,3,2139.76,2172,2011-01-07 09:50:00,2011-05-27 10:16:00,197,140,2,Loyal Mid-Value
14829,4,697.55,452,2010-12-02 16:12:00,2011-11-10 16:16:00,29,343,2,Loyal Mid-Value
14830,1,188.03,163,2011-10-17 14:29:00,2011-10-17 14:29:00,53,0,1,At Risk / Lapsed
14834,6,1720.3,734,2011-04-13 15:00:00,2011-11-22 10:30:00,18,222,2,Loyal Mid-Value
14836,3,102.45,45,2011-11-09 13:26:00,2011-11-29 16:45:00,10,20,3,New / Low Engagement
14837,4,1649.5,1436,2011-05-22 12:49:00,2011-09-11 10:58:00,90,111,2,Loyal Mid-Value
14840,1,62.85,31,2011-03-17 12:00:00,2011-03-17 12:00:00,268,0,1,At Risk / Lapsed
14841,6,3295.76,1778,2010-12-16 10:28:00,2011-10-17 15:03:00,53,305,2,Loyal Mid-Value
14842,4,2824.69,1166,2011-02-04 15:32:00,2011-10-27 12:37:00,44,264,2,Loyal Mid-Value
14844,4,3189.81,1833,2011-04-12 13:10:00,2011-10-07 10:41:00,64,177,2,Loyal Mid-Value
14847,1,309.4,120,2011-07-14 10:52:00,2011-07-14 10:52:00,149,0,1,At Risk / Lapsed
14849,25,7930.54,5694,2010-12-01 12:22:00,2011-11-18 10:58:00,22,351,0,Champions
14850,1,325.75,293,2011-02-01 11:21:00,2011-02-01 11:21:00,312,0,1,At Risk / Lapsed
14851,2,511.35,325,2011-03-28 14:59:00,2011-11-16 14:20:00,23,232,3,New / Low Engagement
14852,6,2836.69,1747,2011-04-01 13:22:00,2011-10-12 13:20:00,58,193,2,Loyal Mid-Value
14853,2,475.79999999999995,82,2011-05-12 15:17:00,2011-11-15 16:56:00,24,187,3,New / Low Engagement
14854,7,2740.03,1820,2011-03-10 12:22:00,2011-09-22 17:00:00,78,196,2,Loyal Mid-Value
14855,2,645.65,267,2011-07-28 12:06:00,2011-08-12 14:02:00,119,15,1,At Risk / Lapsed
14856,3,1290.53,711,2011-10-14 09:35:00,2011-11-03 14:53:00,36,20,2,Loyal Mid-Value
14857,2,1173.1200000000001,464,2011-07-14 15:03:00,2011-10-11 09:23:00,60,88,2,Loyal Mid-Value
14859,4,1353.74,671,2011-05-19 14:42:00,2011-11-27 11:18:00,13,191,2,Loyal Mid-Value
14860,1,170.32,232,2011-11-20 14:17:00,2011-11-20 14:17:00,19,0,3,New / Low Engagement
14861,1,125.79,117,2011-10-18 12:54:00,2011-10-18 12:54:00,52,0,1,At Risk / Lapsed
14862,2,841.2,772,2011-07-14 11:20:00,2011-11-14 10:01:00,26,122,3,New / Low Engagement
14863,1,266.76,132,2011-11-10 15:04:00,2011-11-10 15:04:00,29,0,3,New / Low Engagement
14865,2,52.2,108,2010-12-02 18:23:00,2011-12-02 16:25:00,7,364,3,New / Low Engagement
14866,11,14353.4,6751,2010-12-08 14:58:00,2011-11-29 11:45:00,11,355,0,Champions
14867,3,710.28,328,2011-01-07 16:34:00,2011-06-07 11:39:00,186,150,2,Loyal Mid-Value
14868,8,2953.59,1405,2011-04-20 13:36:00,2011-12-06 14:49:00,3,230,0,Champions
14869,2,721.45,549,2011-08-28 16:09:00,2011-12-01 12:36:00,9,94,3,New / Low Engagement
14870,1,327.25,119,2011-03-23 10:51:00,2011-03-23 10:51:00,262,0,1,At Risk / Lapsed
14871,4,501.28000000000003,179,2010-12-14 12:18:00,2011-12-06 13:42:00,3,357,3,New / Low Engagement
14873,1,519.68,168,2011-05-13 13:52:00,2011-05-13 13:52:00,210,0,1,At Risk / Lapsed
14875,2,1465.3200000000002,558,2011-03-22 11:53:00,2011-08-24 12:20:00,108,155,2,Loyal Mid-Value
14878,9,1476.09,799,2010-12-16 12:11:00,2011-11-27 11:15:00,13,345,0,Champions
14880,3,690.59,365,2011-02-24 12:27:00,2011-09-23 13:42:00,77,211,2,Loyal Mid-Value
14881,1,255.4,316,2011-11-20 11:06:00,2011-11-20 11:06:00,20,0,3,New / Low Engagement
14882,2,589.7,158,2011-11-06 10:15:00,2011-11-13 12:47:00,27,7,3,New / Low Engagement
14883,6,761.59,790,2011-05-12 09:49:00,2011-11-21 10:23:00,19,193,2,Loyal Mid-Value
14885,1,765.32,724,2011-07-31 12:05:00,2011-07-31 12:05:00,132,0,1,At Risk / Lapsed
14886,1,364.8,160,2011-04-01 08:56:00,2011-04-01 08:56:00,253,0,1,At Risk / Lapsed
14887,1,1862.0,1100,2011-09-21 15:32:00,2011-09-21 15:32:00,79,0,2,Loyal Mid-Value
14888,1,369.2,184,2011-05-16 14:58:00,2011-05-16 14:58:00,207,0,1,At Risk / Lapsed
14889,1,135.9,90,2011-01-07 15:19:00,2011-01-07 15:19:00,336,0,1,At Risk / Lapsed
14890,1,125.65,51,2011-03-31 11:57:00,2011-03-31 11:57:00,254,0,1,At Risk / Lapsed
14891,2,554.38,505,2011-06-05 10:58:00,2011-07-14 18:08:00,148,39,1,At Risk / Lapsed
14893,2,1237.8500000000001,799,2011-11-28 10:49:00,2011-11-30 12:31:00,10,2,3,New / Low Engagement
14894,1,655.75,265,2011-09-15 13:51:00,2011-09-15 13:51:00,85,0,1,At Risk / Lapsed
14895,20,11138.710000000001,4851,2011-02-22 13:08:00,2011-12-02 09:23:00,8,282,0,Champions
14896,2,468.77000000000004,279,2010-12-09 12:24:00,2011-05-19 10:20:00,205,160,1,At Risk / Lapsed
14897,4,1366.38,468,2011-02-16 08:37:00,2011-12-02 10:32:00,8,289,3,New / Low Engagement
14898,6,1269.31,1001,2010-12-03 15:25:00,2011-11-16 14:54:00,23,347,2,Loyal Mid-Value
14901,9,1421.29,661,2010-12-02 11:20:00,2011-11-28 17:09:00,11,361,0,Champions
14902,1,332.66,218,2011-11-14 10:34:00,2011-11-14 10:34:00,26,0,3,New / Low Engagement
14903,5,2795.33,1531,2011-03-06 11:50:00,2011-11-18 16:07:00,21,257,2,Loyal Mid-Value
14904,2,1025.44,1985,2011-11-14 09:13:00,2011-12-07 12:55:00,2,23,3,New / Low Engagement
14905,2,616.15,287,2011-04-20 10:48:00,2011-07-05 12:41:00,158,76,1,At Risk / Lapsed
14907,7,3501.1,1691,2010-12-07 10:14:00,2011-12-06 14:14:00,3,364,0,Champions
14908,1,277.8,132,2011-09-26 12:56:00,2011-09-26 12:56:00,74,0,1,At Risk / Lapsed
14910,4,434.35,238,2011-10-16 11:06:00,2011-12-07 10:06:00,3,51,3,New / Low Engagement
14911,198,136161.83,80154,2010-12-01 14:05:00,2011-12-08 15:54:00,1,372,0,Champions
14912,2,867.85,971,2011-04-07 11:06:00,2011-11-23 09:20:00,17,229,3,New / Low Engagement
14913,4,1227.43,1743,2010-12-15 14:35:00,2011-11-04 08:29:00,36,323,2,Loyal Mid-Value
14915,2,307.48,112,2011-03-07 09:39:00,2011-09-09 13:34:00,91,186,1,At Risk / Lapsed
14916,4,1268.98,1136,2011-01-19 15:30:00,2011-09-30 09:20:00,71,253,2,Loyal Mid-Value
14918,2,1610.15,675,2011-07-08 12:50:00,2011-08-16 11:50:00,116,38,2,Loyal Mid-Value
14920,2,977.77,509,2011-05-11 10:31:00,2011-05-11 10:32:00,213,0,1,At Risk / Lapsed
14921,2,1316.07,953,2011-05-22 12:51:00,2011-11-09 13:17:00,30,171,2,Loyal Mid-Value
14923,1,749.1,418,2011-10-20 11:51:00,2011-10-20 11:51:00,51,0,1,At Risk / Lapsed
14924,1,310.05,64,2011-04-08 09:25:00,2011-04-08 09:25:00,246,0,1,At Risk / Lapsed
14929,1,223.88,136,2011-11-07 17:21:00,2011-11-07 17:21:00,32,0,3,New / Low Engagement
14930,3,2362.96,1160,2011-03-10 14:42:00,2011-08-23 10:31:00,109,165,2,Loyal Mid-Value
14931,4,864.6800000000001,414,2011-04-13 09:32:00,2011-12-05 10:19:00,5,236,3,New / Low Engagement
14932,1,313.53,79,2010-12-09 11:48:00,2010-12-09 11:48:00,366,0,1,At Risk / Lapsed
14934,2,1890.94,1042,2011-03-02 11:48:00,2011-09-19 10:10:00,82,200,2,Loyal Mid-Value
14935,1,1784.71,935,2011-02-15 14:44:00,2011-02-15 14:44:00,297,0,1,At Risk / Lapsed
14936,8,8137.02,4085,2011-03-09 11:53:00,2011-11-06 10:30:00,34,241,0,Champions
14937,3,1621.88,484,2011-08-01 14:16:00,2011-10-14 12:29:00,57,73,2,Loyal Mid-Value
14944,12,5900.25,2815,2011-02-16 12:47:00,2011-11-10 09:10:00,30,266,0,Champions
14946,1,100.9,22,2011-11-25 13:33:00,2011-11-25 13:33:00,14,0,3,New / Low Engagement
14947,2,290.82,179,2011-08-01 09:31:00,2011-09-28 15:48:00,72,58,1,At Risk / Lapsed
14948,6,1101.97,673,2011-05-04 14:52:00,2011-11-16 17:16:00,23,196,2,Loyal Mid-Value
14950,1,371.2,136,2011-11-20 13:48:00,2011-11-20 13:48:00,19,0,3,New / Low Engagement
14951,1,311.69,311,2011-09-21 15:15:00,2011-09-21 15:15:00,79,0,1,At Risk / Lapsed
14952,11,8099.49,3355,2010-12-10 12:48:00,2011-10-11 10:33:00,60,304,0,Champions
14953,1,285.67,224,2011-11-14 14:59:00,2011-11-14 14:59:00,25,0,3,New / Low Engagement
14954,1,294.85,117,2011-11-27 14:30:00,2011-11-27 14:30:00,12,0,3,New / Low Engagement
14957,1,58.49,34,2011-03-31 17:59:00,2011-03-31 17:59:00,253,0,1,At Risk / Lapsed
14958,3,483.73,128,2011-04-08 11:28:00,2011-07-15 14:20:00,147,98,1,At Risk / Lapsed
14959,4,695.42,494,2011-02-16 13:00:00,2011-10-06 18:23:00,64,232,2,Loyal Mid-Value
14960,2,221.27,221,2011-06-21 13:38:00,2011-12-01 12:54:00,8,162,3,New / Low Engagement
14961,9,7044.68,3708,2010-12-14 11:38:00,2011-11-29 09:42:00,11,349,0,Champions
14962,1,126.7,44,2011-03-14 09:42:00,2011-03-14 09:42:00,271,0,1,At Risk / Lapsed
14963,5,1472.34,1159,2011-06-09 12:30:00,2011-11-30 12:16:00,10,173,2,Loyal Mid-Value
14964,1,206.21,143,2011-04-06 14:13:00,2011-04-06 14:13:00,247,0,1,At Risk / Lapsed
14965,2,596.09,363,2011-09-04 13:15:00,2011-09-04 13:20:00,96,0,1,At Risk / Lapsed
14966,1,183.02,179,2011-11-25 12:20:00,2011-11-25 12:20:00,15,0,3,New / Low Engagement
14967,1,463.8,140,2011-10-21 11:06:00,2011-10-21 11:06:00,50,0,1,At Risk / Lapsed
14968,1,147.59,127,2011-11-09 13:58:00,2011-11-09 13:58:00,30,0,3,New / Low Engagement
14970,4,1592.06,250,2011-01-27 12:23:00,2011-10-02 13:44:00,68,248,2,Loyal Mid-Value
14971,3,1097.98,639,2011-10-27 13:33:00,2011-11-04 17:07:00,35,8,2,Loyal Mid-Value
14972,1,114.77,28,2011-08-03 14:54:00,2011-08-03 14:54:00,128,0,1,At Risk / Lapsed
14973,3,1314.45,369,2011-04-28 12:22:00,2011-08-24 15:51:00,107,118,2,Loyal Mid-Value
14974,1,89.94,37,2011-11-02 13:01:00,2011-11-02 13:01:00,37,0,1,At Risk / Lapsed
14975,1,279.94,380,2011-10-13 14:08:00,2011-10-13 14:08:00,57,0,1,At Risk / Lapsed
14976,6,774.86,232,2011-01-17 11:09:00,2011-10-13 16:33:00,57,269,2,Loyal Mid-Value
14978,5,1921.3700000000001,523,2011-01-13 12:03:00,2011-09-28 13:07:00,72,258,2,Loyal Mid-Value
14981,1,102.12,97,2011-04-07 13:45:00,2011-04-07 13:45:00,246,0,1,At Risk / Lapsed
14984,2,202.37,58,2011-06-12 11:04:00,2011-11-20 14:28:00,19,161,3,New / Low Engagement
14985,2,292.01,256,2010-12-16 19:51:00,2011-05-25 14:29:00,198,159,1,At Risk / Lapsed
14987,2,326.4,128,2010-12-09 12:13:00,2011-11-24 09:59:00,16,349,3,New / Low Engagement
14988,1,334.54,141,2011-05-12 12:05:00,2011-05-12 12:05:00,212,0,1,At Risk / Lapsed
14995,2,231.98000000000002,102,2011-03-04 13:14:00,2011-11-01 11:39:00,39,241,3,New / Low Engagement
14997,3,546.1999999999999,1120,2011-06-14 16:52:00,2011-10-24 13:28:00,46,131,2,Loyal Mid-Value
14998,2,414.87,258,2011-04-12 16:28:00,2011-06-22 17:30:00,170,71,1,At Risk / Lapsed
15000,1,490.52,218,2011-10-23 11:42:00,2011-10-23 11:42:00,48,0,1,At Risk / Lapsed
15002,4,1641.76,862,2010-12-07 13:16:00,2011-08-16 10:44:00,116,251,2,Loyal Mid-Value
15004,1,1220.3799999999999,622,2011-07-15 14:05:00,2011-07-15 14:05:00,147,0,1,At Risk / Lapsed
15005,28,6293.67,4228,2010-12-08 14:36:00,2011-11-24 12:25:00,16,350,0,Champions
15006,1,475.43,285,2011-10-19 15:08:00,2011-10-19 15:08:00,51,0,1,At Risk / Lapsed
15007,1,156.91,69,2011-07-03 16:00:00,2011-07-03 16:00:00,159,0,1,At Risk / Lapsed
15009,3,1259.43,639,2011-11-14 17:40:00,2011-11-27 13:35:00,12,12,3,New / Low Engagement
15010,1,308.94,184,2011-11-04 12:42:00,2011-11-04 12:42:00,36,0,3,New / Low Engagement
15012,2,405.04,225,2010-12-01 12:49:00,2011-10-17 12:22:00,54,319,1,At Risk / Lapsed
15014,2,257.67,149,2011-06-16 19:40:00,2011-10-27 20:07:00,43,133,3,New / Low Engagement
15016,1,170.04,76,2011-06-20 12:06:00,2011-06-20 12:06:00,173,0,1,At Risk / Lapsed
15017,1,125.58,63,2011-11-06 10:33:00,2011-11-06 10:33:00,34,0,1,At Risk / Lapsed
15018,3,496.21,189,2010-12-07 10:47:00,2011-11-01 12:47:00,39,329,3,New / Low Engagement
15019,1,252.81,150,2011-03-18 12:35:00,2011-03-18 12:35:00,267,0,1,At Risk / Lapsed
15021,9,1871.77,819,2010-12-08 12:17:00,2011-12-01 11:53:00,9,357,0,Champions
15022,4,852.39,527,2011-10-23 15:47:00,2011-11-28 12:35:00,12,35,3,New / Low Engagement
15023,11,6701.51,2818,2010-12-05 13:49:00,2011-12-06 17:23:00,3,366,0,Champions
15024,10,1636.43,902,2010-12-07 13:20:00,2011-11-30 12:06:00,10,357,0,Champions
15025,1,361.96,184,2011-11-06 15:20:00,2011-11-06 15:20:00,33,0,3,New / Low Engagement
15026,3,464.2,225,2011-03-07 13:45:00,2011-09-20 13:52:00,80,197,2,Loyal Mid-Value
15027,4,1066.15,565,2011-04-15 14:14:00,2011-11-09 10:16:00,31,207,2,Loyal Mid-Value
15028,4,627.13,459,2010-12-06 12:47:00,2011-12-01 14:06:00,8,360,3,New / Low Engagement
15030,2,518.28,372,2011-03-16 15:34:00,2011-09-29 10:50:00,72,196,1,At Risk / Lapsed
15031,4,653.19,400,2011-03-02 14:46:00,2011-12-05 14:19:00,4,277,3,New / Low Engagement
15032,3,4959.1,2968,2010-12-08 12:57:00,2011-03-28 15:03:00,256,110,2,Loyal Mid-Value
15033,10,2553.88,1670,2011-01-14 13:28:00,2011-12-05 12:40:00,5,324,0,Champions
15034,8,4274.16,2413,2010-12-21 09:47:00,2011-11-24 12:11:00,16,338,0,Champions
15035,1,252.73000000000002,245,2011-09-11 11:08:00,2011-09-11 11:08:00,90,0,1,At Risk / Lapsed
15036,3,429.56,316,2011-06-13 12:19:00,2011-09-28 15:42:00,72,107,2,Loyal Mid-Value
15038,6,685.74,212,2010-12-05 10:54:00,2011-10-12 11:33:00,59,311,2,Loyal Mid-Value
15039,47,19766.59,9131,2010-12-06 11:26:00,2011-11-30 11:31:00,10,359,0,Champions
15041,1,179.93,103,2011-06-22 16:16:00,2011-06-22 16:16:00,170,0,1,At Risk / Lapsed
15042,1,135.93,30,2011-05-24 16:25:00,2011-05-24 16:25:00,199,0,1,At Risk / Lapsed
15043,1,537.0,300,2011-11-08 14:26:00,2011-11-08 14:26:00,31,0,3,New / Low Engagement
15044,17,7634.7300000000005,2785,2010-12-12 14:27:00,2011-11-20 13:20:00,19,342,0,Champions
15045,2,735.66,114,2011-03-27 11:44:00,2011-07-11 11:33:00,152,105,1,At Risk / Lapsed
15046,15,5071.47,3371,2011-01-05 15:30:00,2011-11-30 15:50:00,9,329,0,Champions
15047,1,343.62,222,2011-03-15 10:49:00,2011-03-15 10:49:00,270,0,1,At Risk / Lapsed
15048,4,381.0,192,2010-12-06 12:15:00,2011-10-05 14:55:00,65,303,2,Loyal Mid-Value
15049,1,121.17000000000002,63,2011-03-11 12:13:00,2011-03-11 12:13:00,274,0,1,At Risk / Lapsed
15050,3,1737.69,1216,2011-09-29 13:22:00,2011-11-14 16:17:00,25,46,2,Loyal Mid-Value
15051,3,1383.36,1010,2011-07-12 15:29:00,2011-11-16 15:38:00,23,127,2,Loyal Mid-Value
15052,1,207.73000000000002,79,2011-01-24 15:52:00,2011-01-24 15:52:00,319,0,1,At Risk / Lapsed
15053,3,693.95,984,2011-03-03 12:06:00,2011-12-05 12:08:00,5,277,3,New / Low Engagement
15054,2,302.1,198,2011-10-30 14:33:00,2011-11-27 15:02:00,12,28,3,New / Low Engagement
15057,2,1489.5,668,2011-01-28 09:09:00,2011-03-09 15:17:00,275,40,2,Loyal Mid-Value
15058,11,2102.54,1054,2011-01-31 15:35:00,2011-11-14 14:57:00,25,286,0,Champions
15059,9,1337.72,604,2011-01-09 11:54:00,2011-10-30 11:35:00,41,293,2,Loyal Mid-Value
15060,4,293.0,256,2011-11-30 14:03:00,2011-12-01 13:47:00,8,0,3,New / Low Engagement
15061,48,54534.14,28920,2010-12-02 15:19:00,2011-12-06 12:06:00,4,368,0,Champions
15062,4,987.86,763,2010-12-15 15:37:00,2011-09-29 16:51:00,71,288,2,Loyal Mid-Value
15063,1,370.79999999999995,56,2011-05-10 13:25:00,2011-05-10 13:25:00,213,0,1,At Risk / Lapsed
15065,4,3158.13,1383,2011-02-21 12:54:00,2011-11-02 09:45:00,38,253,2,Loyal Mid-Value
15066,1,893.59,317,2011-10-17 13:25:00,2011-10-17 13:25:00,53,0,1,At Risk / Lapsed
15067,3,1744.76,954,2011-03-02 12:10:00,2011-09-22 13:20:00,78,204,2,Loyal Mid-Value
15068,2,553.36,364,2011-03-28 14:27:00,2011-10-24 14:47:00,46,210,3,New / Low Engagement
15069,1,1109.53,520,2011-06-13 14:16:00,2011-06-13 14:16:00,179,0,1,At Risk / Lapsed
15070,1,106.2,36,2010-12-02 11:23:00,2010-12-02 11:23:00,373,0,1,At Risk / Lapsed
15071,2,982.07,269,2011-03-09 10:19:00,2011-09-07 11:43:00,94,182,2,Loyal Mid-Value
15073,3,1043.41,491,2011-06-06 09:59:00,2011-11-30 10:44:00,10,177,3,New / Low Engagement
15074,1,735.67,431,2011-08-26 14:45:00,2011-08-26 14:45:00,105,0,1,At Risk / Lapsed
15075,1,773.03,447,2011-09-23 12:27:00,2011-09-23 12:27:00,78,0,1,At Risk / Lapsed
15076,1,880.85,571,2011-06-20 08:23:00,2011-06-20 08:23:00,173,0,1,At Risk / Lapsed
15078,32,9743.11,5105,2010-12-06 12:38:00,2011-12-02 15:41:00,7,361,0,Champions
15079,4,895.61,389,2010-12-09 09:25:00,2011-05-11 12:45:00,213,153,2,Loyal Mid-Value
15081,5,504.8,190,2010-12-07 16:20:00,2011-11-17 17:08:00,22,345,2,Loyal Mid-Value
15083,1,88.2,38,2011-03-28 12:18:00,2011-03-28 12:18:00,257,0,1,At Risk / Lapsed
15087,1,306.94,470,2011-03-03 10:34:00,2011-03-03 10:34:00,282,0,1,At Risk / Lapsed
15088,2,1160.07,460,2011-10-03 14:05:00,2011-11-18 13:14:00,21,45,3,New / Low Engagement
15089,6,2420.84,1359,2011-08-03 14:14:00,2011-11-29 16:31:00,10,118,0,Champions
15090,1,381.32,208,2011-02-04 14:03:00,2011-02-04 14:03:00,308,0,1,At Risk / Lapsed
15091,1,480.71,346,2011-10-03 12:47:00,2011-10-03 12:47:00,68,0,1,At Risk / Lapsed
15092,2,457.81,135,2011-03-01 12:24:00,2011-05-08 14:10:00,215,68,1,At Risk / Lapsed
15093,6,4597.0199999999995,3760,2010-12-02 18:25:00,2011-11-21 13:09:00,18,353,0,Champions
15095,4,1370.6,1079,2011-05-20 14:27:00,2011-08-28 12:01:00,104,99,2,Loyal Mid-Value
15096,1,219.39000000000001,120,2011-10-28 10:27:00,2011-10-28 10:27:00,43,0,1,At Risk / Lapsed
15097,1,248.08,170,2011-12-05 14:03:00,2011-12-05 14:03:00,4,0,3,New / Low Engagement
15098,3,39916.5,121,2011-06-10 15:22:00,2011-06-10 15:33:00,182,0,2,Loyal Mid-Value
15099,1,410.48,343,2011-09-16 13:13:00,2011-09-16 13:13:00,84,0,1,At Risk / Lapsed
15100,3,876.0,80,2010-12-01 09:09:00,2011-01-10 10:35:00,334,40,1,At Risk / Lapsed
15101,2,317.53000000000003,241,2010-12-15 12:54:00,2011-12-01 10:18:00,9,350,3,New / Low Engagement
15103,2,703.36,329,2011-09-14 13:54:00,2011-11-08 14:53:00,31,55,3,New / Low Engagement
15104,2,993.54,635,2011-03-02 14:16:00,2011-05-27 12:29:00,197,85,1,At Risk / Lapsed
15105,7,2298.93,1211,2011-07-28 10:09:00,2011-11-21 16:54:00,18,116,0,Champions
15106,5,1422.52,1181,2011-03-15 12:52:00,2011-11-22 09:16:00,18,251,2,Loyal Mid-Value
15107,6,319.5,169,2010-12-02 13:45:00,2011-02-01 14:46:00,311,61,1,At Risk / Lapsed
15108,3,1159.25,490,2011-04-26 10:54:00,2011-07-21 10:24:00,142,85,2,Loyal Mid-Value
15109,1,484.95,131,2011-04-08 09:58:00,2011-04-08 09:58:00,246,0,1,At Risk / Lapsed
15110,4,996.1,246,2011-01-25 11:41:00,2011-11-16 11:16:00,24,294,2,Loyal Mid-Value
15111,3,1567.48,710,2010-12-02 11:45:00,2011-11-10 16:58:00,29,343,2,Loyal Mid-Value
15113,3,3509.04,2343,2011-10-16 15:27:00,2011-11-30 08:23:00,10,44,2,Loyal Mid-Value
15114,10,2760.56,3096,2011-02-11 08:45:00,2011-11-09 15:05:00,30,271,0,Champions
15115,1,340.11,157,2011-11-21 14:59:00,2011-11-21 14:59:00,18,0,3,New / Low Engagement
15116,4,1352.75,648,2011-05-19 08:50:00,2011-11-22 12:25:00,18,187,2,Loyal Mid-Value
15117,5,1551.78,1948,2011-05-08 12:38:00,2011-11-25 08:12:00,15,200,2,Loyal Mid-Value
15118,1,244.8,1440,2011-07-28 14:54:00,2011-07-28 14:54:00,134,0,1,At Risk / Lapsed
15119,1,266.4,88,2011-04-08 09:08:00,2011-04-08 09:08:00,246,0,1,At Risk / Lapsed
15120,1,358.82,296,2011-07-29 09:48:00,2011-07-29 09:48:00,134,0,1,At Risk / Lapsed
15121,2,457.71999999999997,199,2011-02-24 12:41:00,2011-10-20 14:51:00,50,238,3,New / Low Engagement
15122,3,1633.78,800,2011-02-15 09:59:00,2011-08-17 16:48:00,114,183,2,Loyal Mid-Value
15123,2,2199.31,1195,2011-05-17 14:57:00,2011-12-02 13:12:00,7,198,3,New / Low Engagement
15124,2,184.19,233,2011-06-01 09:06:00,2011-11-17 10:09:00,23,169,3,New / Low Engagement
15125,15,11528.48,6193,2011-03-14 09:59:00,2011-11-14 13:57:00,25,245,0,Champions
15127,1,406.53000000000003,251,2011-10-05 10:30:00,2011-10-05 10:30:00,66,0,1,At Risk / Lapsed
15128,4,1471.0,1343,2011-05-04 12:32:00,2011-10-10 13:54:00,60,159,2,Loyal Mid-Value
15129,11,3447.4,1794,2011-02-21 09:09:00,2011-10-20 14:40:00,50,241,0,Champions
15130,1,330.11,197,2011-06-23 10:15:00,2011-06-23 10:15:00,170,0,1,At Risk / Lapsed
15132,5,977.9300000000001,679,2011-03-22 12:02:00,2011-11-21 17:10:00,18,244,2,Loyal Mid-Value
15133,3,982.4200000000001,680,2011-02-11 10:38:00,2011-08-04 10:44:00,128,174,2,Loyal Mid-Value
15134,8,1387.99,887,2011-04-13 11:05:00,2011-11-25 08:55:00,15,225,0,Champions
15135,1,139.05,43,2011-04-14 19:16:00,2011-04-14 19:16:00,239,0,1,At Risk / Lapsed
15136,4,1286.7,776,2011-09-04 16:05:00,2011-12-07 12:26:00,3,93,3,New / Low Engagement
15139,2,178.96,208,2011-01-07 12:44:00,2011-04-14 11:39:00,240,96,1,At Risk / Lapsed
15140,7,2354.25,1572,2011-03-20 14:37:00,2011-10-18 14:07:00,52,211,2,Loyal Mid-Value
15142,1,498.74,365,2011-10-24 12:51:00,2011-10-24 12:51:00,46,0,1,At Risk / Lapsed
15143,1,259.45,150,2011-04-28 12:03:00,2011-04-28 12:03:00,226,0,1,At Risk / Lapsed
15144,17,6580.4400000000005,3050,2011-01-31 13:17:00,2011-12-01 15:12:00,8,304,0,Champions
15145,4,1194.73,756,2011-04-05 15:20:00,2011-12-05 17:21:00,4,244,3,New / Low Engagement
15146,2,1327.16,1473,2011-02-21 13:07:00,2011-06-28 12:09:00,165,126,2,Loyal Mid-Value
15147,1,623.5,366,2011-04-13 15:57:00,2011-04-13 15:57:00,240,0,1,At Risk / Lapsed
15148,1,301.29,187,2011-11-29 08:21:00,2011-11-29 08:21:00,11,0,3,New / Low Engagement
15149,1,520.8000000000001,128,2011-07-29 10:58:00,2011-07-29 10:58:00,134,0,1,At Risk / Lapsed
15150,10,5291.33,3642,2011-03-15 14:21:00,2011-11-22 12:52:00,17,251,0,Champions
15152,13,4745.69,2704,2011-06-05 15:36:00,2011-11-30 12:32:00,10,177,0,Champions
15153,1,329.25,198,2011-11-08 17:09:00,2011-11-08 17:09:00,31,0,3,New / Low Engagement
15154,1,254.28,89,2011-09-25 16:05:00,2011-09-25 16:05:00,75,0,1,At Risk / Lapsed
15156,3,961.49,597,2011-11-06 12:41:00,2011-12-08 18:22:00,1,32,3,New / Low Engagement
15157,3,1936.07,2392,2010-12-16 13:44:00,2011-12-06 11:28:00,4,354,3,New / Low Engagement
15158,1,401.40000000000003,198,2011-10-25 13:53:00,2011-10-25 13:53:00,45,0,1,At Risk / Lapsed
15159,30,18641.01,11441,2010-12-13 15:44:00,2011-12-08 12:05:00,2,359,0,Champions
15160,1,158.16,84,2010-12-17 14:15:00,2010-12-17 14:15:00,357,0,1,At Risk / Lapsed
15163,2,304.47,186,2011-05-31 15:22:00,2011-11-21 13:10:00,18,173,3,New / Low Engagement
15164,3,824.58,351,2011-01-04 14:21:00,2011-10-02 12:05:00,69,270,2,Loyal Mid-Value
15165,1,487.75,160,2010-12-01 14:03:00,2010-12-01 14:03:00,373,0,1,At Risk / Lapsed
15167,1,158.8,65,2011-01-23 12:41:00,2011-01-23 12:41:00,321,0,1,At Risk / Lapsed
15168,1,106.56,52,2011-11-14 11:26:00,2011-11-14 11:26:00,26,0,3,New / Low Engagement
15171,1,1289.5,290,2011-01-12 15:36:00,2011-01-12 15:36:00,331,0,1,At Risk / Lapsed
15172,5,1624.05,1611,2011-04-17 11:56:00,2011-12-01 11:51:00,9,227,2,Loyal Mid-Value
15174,1,135.75,145,2011-01-21 09:06:00,2011-01-21 09:06:00,323,0,1,At Risk / Lapsed
15175,1,224.14,454,2011-09-29 11:31:00,2011-09-29 11:31:00,72,0,1,At Risk / Lapsed
15178,1,40.5,30,2011-03-24 15:12:00,2011-03-24 15:12:00,260,0,1,At Risk / Lapsed
15179,5,2206.95,1938,2011-01-24 13:48:00,2011-11-21 12:53:00,18,300,2,Loyal Mid-Value
15180,1,87.5,36,2010-12-07 14:57:00,2010-12-07 14:57:00,367,0,1,At Risk / Lapsed
15181,3,689.48,544,2011-03-15 12:03:00,2011-10-04 13:58:00,66,203,2,Loyal Mid-Value
15182,2,622.85,253,2011-03-16 12:42:00,2011-07-08 13:37:00,154,114,1,At Risk / Lapsed
15184,2,402.2,199,2011-06-02 12:06:00,2011-11-10 13:41:00,29,161,3,New / Low Engagement
15185,1,310.62,666,2011-09-30 14:06:00,2011-09-30 14:06:00,70,0,1,At Risk / Lapsed
15186,2,411.41,215,2011-06-24 14:54:00,2011-11-25 14:58:00,14,154,3,New / Low Engagement
15187,15,4762.18,1886,2011-05-11 13:49:00,2011-12-08 11:56:00,2,210,0,Champions
15189,41,16225.39,6149,2011-01-11 12:29:00,2011-12-08 13:22:00,1,331,0,Champions
15192,3,1044.32,918,2010-12-09 14:56:00,2011-08-12 11:41:00,120,245,2,Loyal Mid-Value
15193,1,499.32,144,2011-10-10 08:23:00,2011-10-10 08:23:00,61,0,1,At Risk / Lapsed
15194,15,7616.53,5703,2010-12-06 15:00:00,2011-12-06 15:10:00,3,365,0,Champions
15195,1,3861.0,1404,2011-12-07 12:20:00,2011-12-07 12:20:00,3,0,3,New / Low Engagement
15197,3,1079.61,469,2010-12-16 18:01:00,2011-11-29 10:00:00,11,347,3,New / Low Engagement
15198,2,193.64000000000001,120,2011-08-07 15:16:00,2011-09-08 14:42:00,92,31,1,At Risk / Lapsed
15199,4,1268.7,396,2011-02-04 14:04:00,2011-10-11 15:12:00,59,249,2,Loyal Mid-Value
15201,5,1236.54,1210,2011-04-06 14:02:00,2011-09-13 14:53:00,87,160,2,Loyal Mid-Value
15203,6,1827.8,1753,2011-02-01 12:29:00,2011-11-14 08:16:00,26,285,2,Loyal Mid-Value
15204,1,316.58,258,2010-12-17 13:49:00,2010-12-17 13:49:00,357,0,1,At Risk / Lapsed
15205,2,653.24,378,2011-08-04 16:07:00,2011-09-15 19:36:00,85,42,1,At Risk / Lapsed
15206,4,420.3,162,2011-03-09 08:59:00,2011-11-29 13:41:00,10,265,3,New / Low Engagement
15208,5,870.12,316,2010-12-21 13:03:00,2011-12-08 17:24:00,1,352,3,New / Low Engagement
15210,1,331.18,228,2011-04-28 16:11:00,2011-04-28 16:11:00,225,0,1,At Risk / Lapsed
15211,2,894.4100000000001,240,2010-12-09 16:08:00,2011-10-10 13:31:00,60,304,2,Loyal Mid-Value
15212,1,101.8,36,2011-04-12 13:45:00,2011-04-12 13:45:00,241,0,1,At Risk / Lapsed
15213,2,328.35,272,2011-01-14 11:05:00,2011-01-25 12:21:00,319,11,1,At Risk / Lapsed
15214,8,1661.44,1254,2011-04-11 09:46:00,2011-12-08 12:07:00,2,241,0,Champions
15215,3,734.94,225,2011-09-04 12:24:00,2011-10-24 11:41:00,47,49,2,Loyal Mid-Value
15216,1,96.6,28,2011-09-13 11:41:00,2011-09-13 11:41:00,88,0,1,At Risk / Lapsed
15218,11,5756.89,3329,2011-01-25 11:20:00,2011-11-29 11:48:00,11,308,0,Champions
15219,1,305.75,45,2011-06-16 16:57:00,2011-06-16 16:57:00,176,0,1,At Risk / Lapsed
15220,6,1778.96,1393,2011-03-04 10:24:00,2011-10-19 12:39:00,52,229,2,Loyal Mid-Value
15221,1,403.25,43,2010-12-08 13:08:00,2010-12-08 13:08:00,366,0,1,At Risk / Lapsed
15222,1,585.0,440,2011-01-25 08:03:00,2011-01-25 08:03:00,319,0,1,At Risk / Lapsed
15223,2,755.75,213,2011-04-04 12:17:00,2011-04-28 11:31:00,226,23,1,At Risk / Lapsed
15224,2,322.08,152,2010-12-12 12:34:00,2010-12-16 15:02:00,358,4,1,At Risk / Lapsed
15225,1,409.40000000000003,226,2011-04-19 14:51:00,2011-04-19 14:51:00,234,0,1,At Risk / Lapsed
15226,1,154.41,71,2011-02-02 11:41:00,2011-02-02 11:41:00,311,0,1,At Risk / Lapsed
15227,5,1219.4,750,2011-01-26 15:31:00,2011-11-03 11:59:00,37,280,2,Loyal Mid-Value
15228,4,3386.71,2255,2011-02-18 09:04:00,2011-10-04 13:56:00,66,228,2,Loyal Mid-Value
15230,2,429.6,351,2011-04-13 11:04:00,2011-04-14 14:39:00,239,1,1,At Risk / Lapsed
15232,2,612.06,686,2011-07-22 12:21:00,2011-08-18 16:27:00,113,27,1,At Risk / Lapsed
15234,1,197.0,196,2011-03-08 08:53:00,2011-03-08 08:53:00,277,0,1,At Risk / Lapsed
15235,12,2247.51,1324,2010-12-01 17:22:00,2011-05-06 09:44:00,218,155,2,Loyal Mid-Value
15236,1,321.05,269,2011-02-14 10:52:00,2011-02-14 10:52:00,299,0,1,At Risk / Lapsed
15237,4,1412.32,1071,2011-04-26 15:04:00,2011-12-08 09:46:00,2,225,3,New / Low Engagement
15238,3,1071.99,692,2011-06-08 16:00:00,2011-11-10 14:28:00,29,154,2,Loyal Mid-Value
15239,2,780.59,594,2011-09-22 09:53:00,2011-11-29 14:14:00,10,68,3,New / Low Engagement
15240,5,1706.57,1369,2011-02-01 08:23:00,2011-10-26 09:50:00,45,267,2,Loyal Mid-Value
15241,8,1756.44,1818,2011-03-01 11:02:00,2011-10-04 09:05:00,67,216,2,Loyal Mid-Value
15243,1,316.68,185,2011-09-26 14:12:00,2011-09-26 14:12:00,74,0,1,At Risk / Lapsed
15244,2,631.57,405,2011-04-05 15:12:00,2011-10-05 13:19:00,65,182,2,Loyal Mid-Value
15245,3,2515.84,1784,2011-03-23 13:42:00,2011-07-28 18:56:00,134,127,2,Loyal Mid-Value
15246,2,514.15,247,2010-12-16 09:46:00,2011-04-15 14:45:00,238,120,1,At Risk / Lapsed
15247,1,356.0,160,2011-08-09 12:52:00,2011-08-09 12:52:00,122,0,1,At Risk / Lapsed
15249,13,6688.46,3577,2011-03-28 12:49:00,2011-11-08 11:45:00,32,224,0,Champions
15251,11,10484.99,6171,2011-04-12 10:38:00,2011-11-30 15:02:00,9,232,0,Champions
15252,2,740.78,522,2011-06-09 14:15:00,2011-11-03 13:30:00,36,146,3,New / Low Engagement
15253,5,918.2,866,2011-06-23 12:19:00,2011-11-23 16:22:00,16,153,2,Loyal Mid-Value
15254,1,300.36,275,2011-08-04 15:04:00,2011-08-04 15:04:00,127,0,1,At Risk / Lapsed
15255,1,890.85,489,2011-10-04 12:43:00,2011-10-04 12:43:00,67,0,1,At Risk / Lapsed
15256,1,98.45,55,2011-07-14 11:47:00,2011-07-14 11:47:00,149,0,1,At Risk / Lapsed
15257,1,317.15,46,2011-03-01 12:58:00,2011-03-01 12:58:00,283,0,1,At Risk / Lapsed
15258,2,623.16,142,2011-05-06 14:16:00,2011-06-24 12:30:00,169,48,1,At Risk / Lapsed
15260,7,1810.77,885,2010-12-02 12:09:00,2011-08-31 13:55:00,100,272,2,Loyal Mid-Value
15261,1,254.82,270,2011-07-27 15:20:00,2011-07-27 15:20:00,135,0,1,At Risk / Lapsed
15262,1,178.95000000000002,73,2011-01-20 12:16:00,2011-01-20 12:16:00,324,0,1,At Risk / Lapsed
15263,1,156.51,89,2011-08-25 10:26:00,2011-08-25 10:26:00,107,0,1,At Risk / Lapsed
15264,1,393.74,265,2011-10-06 13:49:00,2011-10-06 13:49:00,64,0,1,At Risk / Lapsed
15265,2,1506.1200000000001,612,2011-04-18 12:16:00,2011-07-11 14:46:00,151,84,2,Loyal Mid-Value
15266,1,119.3,18,2011-01-05 13:40:00,2011-01-05 13:40:00,338,0,1,At Risk / Lapsed
15267,5,1717.36,944,2011-06-10 10:24:00,2011-11-17 15:59:00,22,160,2,Loyal Mid-Value
15269,1,408.8,26,2011-11-16 09:32:00,2011-11-16 09:32:00,24,0,3,New / Low Engagement
15270,7,2379.49,1521,2011-02-02 13:25:00,2011-11-24 09:24:00,16,294,0,Champions
15271,15,2493.34,1251,2010-12-09 13:47:00,2011-12-02 14:11:00,7,358,0,Champions
15272,2,721.94,310,2011-09-14 16:36:00,2011-10-13 12:59:00,57,28,2,Loyal Mid-Value
15274,2,716.57,619,2011-11-21 14:17:00,2011-12-05 16:57:00,4,14,3,New / Low Engagement
15275,1,615.14,498,2011-11-02 11:20:00,2011-11-02 11:20:00,38,0,3,New / Low Engagement
15276,1,128.63,61,2011-10-04 16:39:00,2011-10-04 16:39:00,66,0,1,At Risk / Lapsed
15277,1,255.9,205,2011-10-24 10:08:00,2011-10-24 10:08:00,47,0,1,At Risk / Lapsed
15279,1,290.51,189,2010-12-20 10:48:00,2010-12-20 10:48:00,355,0,1,At Risk / Lapsed
15280,1,113.12,154,2011-06-20 17:14:00,2011-06-20 17:14:00,172,0,1,At Risk / Lapsed
15281,9,2332.15,1211,2011-01-10 15:51:00,2011-10-12 09:10:00,59,274,2,Loyal Mid-Value
15286,1,240.55,55,2011-10-21 11:08:00,2011-10-21 11:08:00,50,0,1,At Risk / Lapsed
15287,2,486.69,433,2011-09-30 12:30:00,2011-11-17 15:34:00,22,48,3,New / Low Engagement
15288,5,2306.52,775,2010-12-09 13:59:00,2011-10-27 16:58:00,43,322,2,Loyal Mid-Value
15289,3,939.78,1008,2011-04-04 12:44:00,2011-11-10 13:49:00,29,220,2,Loyal Mid-Value
15290,18,7943.22,4501,2010-12-15 16:03:00,2011-12-05 11:39:00,5,354,0,Champions
15291,14,4623.3,2102,2010-12-01 09:32:00,2011-11-14 11:02:00,26,348,0,Champions
15292,1,178.39,55,2011-05-22 15:00:00,2011-05-22 15:00:00,201,0,1,At Risk / Lapsed
15296,6,3672.86,1766,2011-01-17 11:57:00,2011-10-20 11:47:00,51,275,2,Loyal Mid-Value
15297,3,641.94,292,2011-10-07 09:42:00,2011-11-29 16:32:00,10,53,3,New / Low Engagement
15298,12,4799.9,3116,2010-12-08 13:55:00,2011-12-07 17:17:00,2,364,0,Champions
15299,6,3907.01,2947,2010-12-02 16:48:00,2011-10-03 14:19:00,67,304,2,Loyal Mid-Value
15300,1,496.44,292,2011-10-06 17:08:00,2011-10-06 17:08:00,64,0,1,At Risk / Lapsed
15301,12,5049.95,2751,2010-12-06 12:21:00,2011-10-20 09:57:00,51,317,0,Champions
15303,1,574.02,248,2011-02-22 13:59:00,2011-02-22 13:59:00,290,0,1,At Risk / Lapsed
15304,8,694.4000000000001,104,2010-12-06 11:42:00,2011-10-10 10:23:00,61,307,2,Loyal Mid-Value
15306,3,1174.35,810,2011-07-14 15:22:00,2011-10-06 12:56:00,64,83,2,Loyal Mid-Value
15307,1,205.3,37,2011-09-05 11:38:00,2011-09-05 11:38:00,96,0,1,At Risk / Lapsed
15308,1,310.47,175,2011-03-10 13:08:00,2011-03-10 13:08:00,274,0,1,At Risk / Lapsed
15311,91,60632.75,38147,2010-12-01 09:41:00,2011-12-09 12:00:00,1,373,0,Champions
15312,4,924.85,516,2010-12-20 12:51:00,2011-09-25 13:10:00,75,279,2,Loyal Mid-Value
15313,1,52.0,25,2011-08-21 16:02:00,2011-08-21 16:02:00,110,0,1,At Risk / Lapsed
15314,1,327.97,313,2011-05-24 14:39:00,2011-05-24 14:39:00,199,0,1,At Risk / Lapsed
15315,2,570.5,862,2011-08-15 15:17:00,2011-10-06 12:51:00,64,51,1,At Risk / Lapsed
15316,1,165.0,100,2011-01-17 11:34:00,2011-01-17 11:34:00,327,0,1,At Risk / Lapsed
15318,1,312.62,642,2011-12-06 11:30:00,2011-12-06 11:30:00,4,0,3,New / Low Engagement
15319,1,204.5,175,2011-03-01 12:48:00,2011-03-01 12:48:00,284,0,1,At Risk / Lapsed
15320,1,267.13,326,2011-10-26 13:27:00,2011-10-26 13:27:00,44,0,1,At Risk / Lapsed
15321,3,2748.31,1181,2011-02-21 11:10:00,2011-09-30 09:40:00,71,220,2,Loyal Mid-Value
15322,1,679.68,416,2011-09-15 09:34:00,2011-09-15 09:34:00,86,0,1,At Risk / Lapsed
15325,1,161.74,231,2011-08-28 11:55:00,2011-08-28 11:55:00,104,0,1,At Risk / Lapsed
15326,1,311.71,386,2011-01-10 11:38:00,2011-01-10 11:38:00,334,0,1,At Risk / Lapsed
15327,1,208.75,116,2011-10-18 11:55:00,2011-10-18 11:55:00,53,0,1,At Risk / Lapsed
15329,3,1049.7,486,2011-06-21 10:37:00,2011-10-31 15:36:00,39,132,2,Loyal Mid-Value
15330,2,714.9599999999999,1312,2011-10-10 12:30:00,2011-11-07 17:50:00,32,28,3,New / Low Engagement
15332,4,1661.06,652,2010-12-05 12:00:00,2010-12-08 14:43:00,366,3,2,Loyal Mid-Value
15333,1,1028.56,344,2011-05-15 13:27:00,2011-05-15 13:27:00,208,0,1,At Risk / Lapsed
15334,3,347.87,272,2011-06-19 13:51:00,2011-07-06 11:22:00,157,16,1,At Risk / Lapsed
15335,1,170.22,79,2011-10-17 12:50:00,2011-10-17 12:50:00,54,0,1,At Risk / Lapsed
15339,2,574.07,416,2011-01-25 13:15:00,2011-10-04 12:51:00,66,251,1,At Risk / Lapsed
15341,1,2020.52,812,2011-09-20 09:40:00,2011-09-20 09:40:00,81,0,2,Loyal Mid-Value
15342,1,406.09000000000003,283,2011-08-02 10:19:00,2011-08-02 10:19:00,130,0,1,At Risk / Lapsed
15343,1,364.5,84,2011-09-13 13:55:00,2011-09-13 13:55:00,87,0,1,At Risk / Lapsed
15344,3,563.94,116,2011-09-26 14:48:00,2011-12-09 10:45:00,1,73,3,New / Low Engagement
15345,1,393.54,81,2011-10-25 11:28:00,2011-10-25 11:28:00,46,0,1,At Risk / Lapsed
15346,1,252.42000000000002,144,2011-01-11 11:18:00,2011-01-11 11:18:00,333,0,1,At Risk / Lapsed
15347,1,201.60000000000002,130,2010-12-08 15:25:00,2010-12-08 15:25:00,366,0,1,At Risk / Lapsed
15348,1,158.04,84,2011-09-28 13:17:00,2011-09-28 13:17:00,72,0,1,At Risk / Lapsed
15349,2,463.90999999999997,321,2011-06-05 15:46:00,2011-07-04 16:06:00,158,29,1,At Risk / Lapsed
15350,1,115.65,51,2010-12-01 13:33:00,2010-12-01 13:33:00,373,0,1,At Risk / Lapsed
15351,7,1934.66,742,2010-12-05 11:49:00,2011-11-27 12:52:00,12,357,0,Champions
15353,2,770.12,341,2010-12-07 11:49:00,2011-03-30 12:15:00,255,113,1,At Risk / Lapsed
15355,2,277.05,45,2011-10-17 15:22:00,2011-11-10 13:44:00,29,23,3,New / Low Engagement
15356,10,2718.03,1643,2010-12-06 14:05:00,2011-11-08 13:11:00,31,336,0,Champions
15358,22,8347.2,7050,2010-12-09 10:04:00,2011-12-05 09:04:00,5,360,0,Champions
15360,1,427.93,223,2011-10-31 09:35:00,2011-10-31 09:35:00,40,0,3,New / Low Engagement
15361,1,418.92,336,2010-12-13 09:52:00,2010-12-13 09:52:00,362,0,1,At Risk / Lapsed
15363,1,326.0,144,2010-12-02 12:28:00,2010-12-02 12:28:00,373,0,1,At Risk / Lapsed
15364,2,913.19,493,2011-03-30 13:39:00,2011-09-05 09:46:00,96,158,2,Loyal Mid-Value
15365,7,2314.32,1084,2011-01-28 13:08:00,2011-11-14 08:29:00,26,289,2,Loyal Mid-Value
15366,2,602.51,621,2010-12-16 15:59:00,2011-09-25 15:01:00,75,282,1,At Risk / Lapsed
15367,4,1877.59,1057,2011-03-09 13:53:00,2011-10-13 14:13:00,57,218,2,Loyal Mid-Value
15368,1,446.94000000000005,230,2011-11-18 14:42:00,2011-11-18 14:42:00,21,0,3,New / Low Engagement
15370,7,2386.05,830,2011-01-11 11:32:00,2011-10-30 10:58:00,41,291,2,Loyal Mid-Value
15372,1,2007.4,2924,2011-07-25 16:39:00,2011-07-25 16:39:00,137,0,2,Loyal Mid-Value
15373,12,2415.91,500,2010-12-03 14:40:00,2011-12-01 15:05:00,8,363,0,Champions
15374,1,168.0,126,2011-08-03 09:59:00,2011-08-03 09:59:00,129,0,1,At Risk / Lapsed
15376,3,1221.56,615,2011-05-01 13:45:00,2011-10-30 15:04:00,40,182,2,Loyal Mid-Value
15379,7,3703.29,2305,2010-12-16 13:02:00,2011-06-23 13:13:00,169,189,2,Loyal Mid-Value
15380,5,1690.26,376,2010-12-09 15:01:00,2011-12-01 12:13:00,9,356,2,Loyal Mid-Value
15381,2,596.85,171,2011-03-16 13:44:00,2011-05-10 11:55:00,214,54,1,At Risk / Lapsed
15382,6,5955.71,4012,2011-02-17 12:01:00,2011-11-25 10:58:00,15,280,0,Champions
15384,2,642.41,596,2010-12-15 11:34:00,2011-06-23 10:57:00,170,189,1,At Risk / Lapsed
15385,1,316.88,161,2011-10-30 15:11:00,2011-10-30 15:11:00,40,0,3,New / Low Engagement
15386,1,394.14,446,2011-06-06 13:47:00,2011-06-06 13:47:00,186,0,1,At Risk / Lapsed
15388,1,140.54,88,2011-03-14 13:53:00,2011-03-14 13:53:00,270,0,1,At Risk / Lapsed
15389,1,500.0,400,2011-06-20 16:18:00,2011-06-20 16:18:00,172,0,1,At Risk / Lapsed
15392,4,1535.53,1277,2010-12-14 15:50:00,2011-12-05 11:01:00,5,355,3,New / Low Engagement
15393,2,231.86,150,2011-03-03 16:58:00,2011-11-23 16:48:00,16,264,3,New / Low Engagement
15394,4,2183.54,910,2010-12-16 12:46:00,2011-11-30 11:49:00,10,348,2,Loyal Mid-Value
15395,1,107.45,17,2011-01-18 12:40:00,2011-01-18 12:40:00,326,0,1,At Risk / Lapsed
15396,1,288.18,122,2011-08-19 10:56:00,2011-08-19 10:56:00,113,0,1,At Risk / Lapsed
15397,1,94.0,20,2011-02-23 09:25:00,2011-02-23 09:25:00,290,0,1,At Risk / Lapsed
15398,2,1345.53,769,2011-09-22 14:56:00,2011-11-23 16:47:00,16,62,3,New / Low Engagement
15399,3,815.77,611,2011-09-21 15:57:00,2011-12-08 13:04:00,1,77,3,New / Low Engagement
15400,5,716.2,390,2011-03-06 11:27:00,2011-09-08 13:57:00,92,186,2,Loyal Mid-Value
15402,2,626.35,693,2011-05-27 13:32:00,2011-07-14 12:17:00,149,47,1,At Risk / Lapsed
15405,1,349.1,193,2011-06-03 14:44:00,2011-06-03 14:44:00,189,0,1,At Risk / Lapsed
15406,2,510.71000000000004,254,2011-02-11 16:19:00,2011-11-08 13:22:00,31,269,3,New / Low Engagement
15407,4,1046.74,552,2011-02-07 13:18:00,2011-11-06 11:55:00,34,271,2,Loyal Mid-Value
15408,1,267.18,106,2011-03-20 15:02:00,2011-03-20 15:02:00,264,0,1,At Risk / Lapsed
15410,8,3450.84,1200,2011-03-23 10:15:00,2011-09-16 14:47:00,84,177,2,Loyal Mid-Value
15411,4,1348.93,529,2011-06-10 12:30:00,2011-11-13 15:19:00,26,156,2,Loyal Mid-Value
15412,1,190.53,108,2011-06-21 15:24:00,2011-06-21 15:24:00,171,0,1,At Risk / Lapsed
15414,3,774.9000000000001,443,2011-04-11 13:45:00,2011-11-30 09:50:00,10,232,3,New / Low Engagement
15415,1,559.61,551,2011-01-30 14:13:00,2011-01-30 14:13:00,313,0,1,At Risk / Lapsed
15416,4,3984.32,2090,2011-03-02 08:41:00,2011-10-06 09:38:00,65,218,2,Loyal Mid-Value
15417,1,508.8,284,2011-09-15 15:26:00,2011-09-15 15:26:00,85,0,1,At Risk / Lapsed
15419,1,135.86,230,2011-11-15 09:23:00,2011-11-15 09:23:00,25,0,3,New / Low Engagement
15421,4,950.36,500,2011-02-02 14:36:00,2011-10-12 09:20:00,59,251,2,Loyal Mid-Value
15422,2,97.7,38,2011-01-20 14:17:00,2011-01-20 16:17:00,323,0,1,At Risk / Lapsed
15423,1,43.5,101,2011-11-01 14:01:00,2011-11-01 14:01:00,38,0,1,At Risk / Lapsed
15424,2,383.34000000000003,554,2011-03-30 13:00:00,2011-03-30 13:02:00,254,0,1,At Risk / Lapsed
15426,5,1404.07,656,2010-12-05 13:55:00,2011-11-20 15:36:00,19,350,2,Loyal Mid-Value
15427,3,1430.54,967,2011-10-23 14:47:00,2011-11-06 14:29:00,33,13,2,Loyal Mid-Value
15428,1,93.78,102,2011-11-24 16:54:00,2011-11-24 16:54:00,15,0,3,New / Low Engagement
15429,2,397.35,380,2011-09-25 13:42:00,2011-11-13 12:28:00,27,48,3,New / Low Engagement
15432,1,171.19000000000003,65,2011-11-16 16:30:00,2011-11-16 16:30:00,23,0,3,New / Low Engagement
15433,2,533.3,534,2011-03-17 14:12:00,2011-05-10 10:45:00,214,53,1,At Risk / Lapsed
15434,5,1041.48,647,2011-05-23 14:18:00,2011-12-01 13:33:00,8,191,3,New / Low Engagement
15435,1,149.29,54,2011-11-17 16:39:00,2011-11-17 16:39:00,22,0,3,New / Low Engagement
15436,3,1067.75,574,2011-04-19 16:52:00,2011-11-27 16:05:00,12,221,3,New / Low Engagement
15437,1,200.16,79,2011-03-22 13:11:00,2011-03-22 13:11:00,262,0,1,At Risk / Lapsed
15438,1,156.58,59,2011-07-31 14:19:00,2011-07-31 14:19:00,131,0,1,At Risk / Lapsed
15440,3,383.68,197,2011-05-15 11:30:00,2011-10-16 12:16:00,55,154,2,Loyal Mid-Value
15442,1,594.0,120,2011-04-05 12:24:00,2011-04-05 12:24:00,249,0,1,At Risk / Lapsed
15443,7,3213.59,1639,2011-01-23 13:25:00,2011-12-08 10:40:00,2,318,0,Champions
15444,2,1411.21,759,2011-10-30 16:12:00,2011-11-30 17:37:00,9,31,3,New / Low Engagement
15445,1,113.5,58,2011-03-20 15:06:00,2011-03-20 15:06:00,264,0,1,At Risk / Lapsed
15447,1,155.17000000000002,85,2011-01-13 11:26:00,2011-01-13 11:26:00,331,0,1,At Risk / Lapsed
15448,1,494.64,232,2011-01-31 10:42:00,2011-01-31 10:42:00,313,0,1,At Risk / Lapsed
15449,3,974.52,812,2011-03-23 10:43:00,2011-11-13 15:02:00,26,235,2,Loyal Mid-Value
15450,1,429.84,376,2011-11-09 17:11:00,2011-11-09 17:11:00,30,0,3,New / Low Engagement
15452,3,528.48,280,2011-03-20 15:21:00,2011-11-10 12:13:00,30,234,3,New / Low Engagement
15453,7,1371.77,837,2011-06-05 12:37:00,2011-12-08 10:59:00,2,185,0,Champions
15454,1,179.1,86,2010-12-12 14:21:00,2010-12-12 14:21:00,362,0,1,At Risk / Lapsed
15456,3,434.59000000000003,633,2010-12-15 15:34:00,2011-03-01 13:51:00,283,75,1,At Risk / Lapsed
15457,1,237.07,132,2011-03-22 15:31:00,2011-03-22 15:31:00,262,0,1,At Risk / Lapsed
15458,1,161.64,156,2011-11-14 13:08:00,2011-11-14 13:08:00,25,0,3,New / Low Engagement
15460,1,214.26,107,2010-12-20 16:08:00,2010-12-20 16:08:00,354,0,1,At Risk / Lapsed
15462,3,234.6,172,2011-06-05 15:36:00,2011-09-06 13:11:00,94,92,1,At Risk / Lapsed
15463,1,126.14,106,2011-11-10 12:57:00,2011-11-10 12:57:00,29,0,3,New / Low Engagement
15464,1,1044.65,348,2011-01-05 15:56:00,2011-01-05 15:56:00,338,0,1,At Risk / Lapsed
15465,18,7354.62,1257,2010-12-05 10:12:00,2011-11-20 10:11:00,20,349,0,Champions
15466,1,334.53,246,2011-09-15 14:08:00,2011-09-15 14:08:00,85,0,1,At Risk / Lapsed
15467,3,524.88,310,2011-07-10 14:42:00,2011-11-30 14:17:00,9,142,3,New / Low Engagement
15468,2,467.51,155,2011-10-19 13:38:00,2011-10-19 13:49:00,51,0,3,New / Low Engagement
15469,2,538.55,153,2011-08-11 16:54:00,2011-10-20 16:21:00,50,69,3,New / Low Engagement
15471,1,454.48,256,2011-12-07 14:12:00,2011-12-07 14:12:00,2,0,3,New / Low Engagement
15472,1,371.56,251,2011-08-18 15:17:00,2011-08-18 15:17:00,113,0,1,At Risk / Lapsed
15473,7,1771.2,672,2011-10-10 11:12:00,2011-11-25 15:15:00,14,46,0,Champions
15475,1,454.11,319,2011-09-23 15:20:00,2011-09-23 15:20:00,77,0,1,At Risk / Lapsed
15478,2,1399.92,575,2011-10-14 11:09:00,2011-10-30 14:19:00,40,16,2,Loyal Mid-Value
15480,1,905.5,303,2011-08-15 14:32:00,2011-08-15 14:32:00,116,0,1,At Risk / Lapsed
15482,11,10839.76,5003,2010-12-16 10:08:00,2011-11-24 10:46:00,16,343,0,Champions
15483,4,225.26,291,2011-03-18 12:26:00,2011-07-01 13:07:00,161,105,1,At Risk / Lapsed
15484,4,3590.41,3150,2011-09-22 13:31:00,2011-12-08 15:03:00,1,77,0,Champions
15485,3,2564.5,1281,2010-12-01 13:23:00,2011-11-09 14:31:00,30,343,2,Loyal Mid-Value
15488,1,91.32000000000001,73,2011-09-08 10:11:00,2011-09-08 10:11:00,93,0,1,At Risk / Lapsed
15489,3,1134.28,608,2011-05-12 12:54:00,2011-11-17 08:53:00,23,188,2,Loyal Mid-Value
15491,6,3100.09,1646,2011-04-18 10:04:00,2011-09-05 15:56:00,95,140,2,Loyal Mid-Value
15492,2,659.46,483,2011-09-26 14:02:00,2011-11-11 14:53:00,28,46,3,New / Low Engagement
15493,5,1953.41,551,2011-03-14 11:44:00,2011-11-07 12:04:00,33,238,2,Loyal Mid-Value
15494,2,1280.58,1139,2011-08-10 15:29:00,2011-11-18 14:51:00,21,99,3,New / Low Engagement
15497,2,1262.2,624,2011-01-24 10:01:00,2011-11-22 11:51:00,18,302,3,New / Low Engagement
15498,27,13316.4,6105,2010-12-08 12:29:00,2011-12-07 12:48:00,3,364,0,Champions
15500,4,1131.56,572,2011-09-19 13:47:00,2011-12-01 13:47:00,8,73,3,New / Low Engagement
15502,10,6923.98,4232,2010-12-05 15:40:00,2011-11-24 12:48:00,16,353,0,Champions
15503,1,141.04,70,2010-12-12 10:57:00,2010-12-12 10:57:00,363,0,1,At Risk / Lapsed
15504,1,52.83,33,2011-09-19 13:45:00,2011-09-19 13:45:00,81,0,1,At Risk / Lapsed
15505,5,3610.96,2390,2011-07-07 13:33:00,2011-10-18 07:56:00,53,102,2,Loyal Mid-Value
15506,3,972.08,842,2011-07-24 11:45:00,2011-11-17 12:11:00,23,116,2,Loyal Mid-Value
15507,1,475.86,160,2011-06-21 11:19:00,2011-06-21 11:19:00,172,0,1,At Risk / Lapsed
15508,6,1000.27,440,2011-04-18 15:31:00,2011-06-03 15:43:00,189,46,2,Loyal Mid-Value
15510,1,250.0,2,2011-01-13 12:10:00,2011-01-13 12:10:00,331,0,1,At Risk / Lapsed
15511,5,900.53,269,2011-09-15 15:05:00,2011-11-28 09:43:00,12,73,2,Loyal Mid-Value
15512,2,121.0,68,2010-12-15 12:01:00,2011-07-07 10:20:00,156,203,1,At Risk / Lapsed
15513,19,14758.22,5709,2010-12-01 11:22:00,2011-11-06 14:36:00,33,340,0,Champions
15514,11,4023.7200000000003,2098,2010-12-10 13:50:00,2011-11-27 14:40:00,12,352,0,Champions
15516,3,62.43000000000001,27,2011-10-24 11:33:00,2011-10-26 10:51:00,45,1,1,At Risk / Lapsed
15517,1,267.03000000000003,293,2011-04-20 14:02:00,2011-04-20 14:02:00,233,0,1,At Risk / Lapsed
15518,8,1921.55,1263,2011-01-11 12:55:00,2011-10-06 13:05:00,64,268,2,Loyal Mid-Value
15520,1,343.5,314,2011-12-08 10:58:00,2011-12-08 10:58:00,2,0,3,New / Low Engagement
15521,8,3000.2,1836,2011-03-30 09:15:00,2011-10-30 13:42:00,40,214,2,Loyal Mid-Value
15522,2,397.99,572,2011-09-13 12:26:00,2011-11-07 11:26:00,33,54,3,New / Low Engagement
15523,1,412.01,132,2011-09-16 16:29:00,2011-09-16 16:29:00,84,0,1,At Risk / Lapsed
15524,1,440.0,4,2011-11-15 12:09:00,2011-11-15 12:09:00,25,0,3,New / Low Engagement
15525,3,731.87,385,2010-12-01 13:17:00,2011-12-07 14:43:00,2,371,3,New / Low Engagement
15526,2,148.44,24,2011-11-06 15:01:00,2011-11-06 15:04:00,33,0,3,New / Low Engagement
15527,8,2428.53,991,2010-12-20 14:15:00,2011-11-21 12:17:00,19,335,0,Champions
15528,1,229.33,123,2011-03-30 16:14:00,2011-03-30 16:14:00,254,0,1,At Risk / Lapsed
15529,11,3960.05,3454,2010-12-08 12:24:00,2011-11-17 11:29:00,23,343,0,Champions
15530,4,1497.31,938,2011-04-07 11:16:00,2011-11-18 12:25:00,22,225,2,Loyal Mid-Value
15531,2,1972.39,1085,2011-11-09 17:47:00,2011-12-01 18:43:00,8,22,3,New / Low Engagement
15532,4,1554.83,513,2010-12-16 16:45:00,2011-11-14 14:51:00,25,332,2,Loyal Mid-Value
15533,3,807.5699999999999,289,2011-09-11 15:41:00,2011-11-20 15:35:00,19,69,3,New / Low Engagement
15535,4,502.90000000000003,135,2011-01-16 12:35:00,2011-06-19 16:02:00,173,154,2,Loyal Mid-Value
15537,1,110.92,29,2011-06-29 13:10:00,2011-06-29 13:10:00,163,0,1,At Risk / Lapsed
15539,1,538.46,410,2011-12-02 13:36:00,2011-12-02 13:36:00,7,0,3,New / Low Engagement
15540,1,213.29999999999998,200,2011-11-28 13:51:00,2011-11-28 13:51:00,11,0,3,New / Low Engagement
15541,1,85.13000000000001,49,2011-08-17 14:58:00,2011-08-17 14:58:00,114,0,1,At Risk / Lapsed
15543,1,127.86,86,2011-02-24 15:26:00,2011-02-24 15:26:00,288,0,1,At Risk / Lapsed
15544,9,3546.71,3109,2010-12-02 12:47:00,2011-11-30 16:43:00,9,363,0,Champions
15545,2,288.97,162,2010-12-03 17:28:00,2011-10-16 13:24:00,54,316,1,At Risk / Lapsed
15547,14,4910.6,3999,2010-12-12 13:26:00,2011-12-02 12:52:00,7,354,0,Champions
15549,3,1677.71,691,2011-01-27 15:38:00,2011-09-23 16:22:00,77,239,2,Loyal Mid-Value
15550,4,575.63,295,2011-02-11 12:49:00,2011-12-05 15:38:00,4,297,3,New / Low Engagement
15551,1,436.06,218,2011-11-03 12:37:00,2011-11-03 12:37:00,37,0,3,New / Low Engagement
15552,1,90.12,60,2011-05-06 14:47:00,2011-05-06 14:47:00,217,0,1,At Risk / Lapsed
15553,1,428.93,449,2011-10-10 14:02:00,2011-10-10 14:02:00,60,0,1,At Risk / Lapsed
15554,1,217.2,74,2011-03-07 09:00:00,2011-03-07 09:00:00,278,0,1,At Risk / Lapsed
15555,16,4791.87,4397,2010-12-05 14:45:00,2011-11-27 16:19:00,12,357,0,Champions
15556,1,279.77,236,2011-11-15 16:08:00,2011-11-15 16:08:00,24,0,3,New / Low Engagement
15557,1,468.91,213,2011-11-11 12:46:00,2011-11-11 12:46:00,29,0,3,New / Low Engagement
15561,4,800.5899999999999,267,2011-05-08 11:38:00,2011-11-28 11:07:00,12,203,3,New / Low Engagement
15562,1,134.55,39,2010-12-23 09:55:00,2010-12-23 09:55:00,352,0,1,At Risk / Lapsed
15563,3,1361.44,1441,2010-12-16 11:27:00,2011-11-17 12:59:00,22,336,2,Loyal Mid-Value
15565,2,173.16000000000003,60,2011-09-30 10:44:00,2011-10-20 14:33:00,50,20,1,At Risk / Lapsed
15567,1,186.01,223,2011-11-21 10:48:00,2011-11-21 10:48:00,19,0,3,New / Low Engagement
15568,3,758.29,461,2011-09-27 14:37:00,2011-12-07 11:27:00,3,70,3,New / Low Engagement
15569,5,1375.71,666,2011-01-11 13:26:00,2011-08-28 10:15:00,104,228,2,Loyal Mid-Value
15570,12,4148.82,2063,2010-12-05 12:57:00,2011-12-02 14:47:00,7,362,0,Champions
15571,4,650.4300000000001,264,2011-09-22 13:15:00,2011-11-28 10:02:00,12,66,3,New / Low Engagement
15572,7,2533.42,1213,2011-03-06 14:44:00,2011-12-05 10:09:00,5,273,0,Champions
15573,2,583.24,354,2011-09-15 12:16:00,2011-11-08 11:38:00,32,53,3,New / Low Engagement
15574,4,675.64,332,2010-12-02 15:46:00,2011-06-15 12:01:00,178,194,2,Loyal Mid-Value
15576,1,921.37,394,2011-11-02 12:03:00,2011-11-02 12:03:00,38,0,3,New / Low Engagement
15577,3,258.88,89,2011-02-07 13:32:00,2011-07-11 17:03:00,151,154,1,At Risk / Lapsed
15578,1,127.1,52,2011-06-30 13:03:00,2011-06-30 13:03:00,162,0,1,At Risk / Lapsed
15579,2,327.6,117,2011-01-30 12:09:00,2011-10-02 12:45:00,69,245,1,At Risk / Lapsed
15581,10,717.4300000000001,280,2010-12-08 14:38:00,2011-07-06 14:04:00,156,209,2,Loyal Mid-Value
15582,3,682.9100000000001,453,2011-05-03 13:36:00,2011-11-15 09:55:00,25,195,3,New / Low Engagement
15584,4,720.86,313,2011-06-30 16:39:00,2011-11-16 10:55:00,24,138,2,Loyal Mid-Value
15585,1,455.3,320,2011-06-16 08:38:00,2011-06-16 08:38:00,177,0,1,At Risk / Lapsed
15587,4,913.6800000000001,312,2010-12-23 09:59:00,2011-10-20 13:37:00,50,301,2,Loyal Mid-Value
15589,3,478.53,243,2011-02-02 10:46:00,2011-03-29 09:54:00,256,54,1,At Risk / Lapsed
15592,1,388.58,354,2011-10-24 08:59:00,2011-10-24 08:59:00,47,0,1,At Risk / Lapsed
15593,1,199.8,60,2011-09-30 11:46:00,2011-09-30 11:46:00,71,0,1,At Risk / Lapsed
15594,5,1771.78,983,2011-04-19 10:08:00,2011-11-24 08:53:00,16,218,2,Loyal Mid-Value
15596,5,1406.59,561,2010-12-09 16:10:00,2011-08-31 10:55:00,101,264,2,Loyal Mid-Value
15597,1,324.57,279,2011-11-04 13:26:00,2011-11-04 13:26:00,35,0,3,New / Low Engagement
15598,1,240.68,160,2011-10-17 16:04:00,2011-10-17 16:04:00,53,0,1,At Risk / Lapsed
15599,2,761.74,718,2011-05-19 13:05:00,2011-11-13 11:44:00,27,177,3,New / Low Engagement
15601,14,6776.56,4983,2010-12-02 10:39:00,2011-11-28 15:15:00,11,361,0,Champions
15602,9,1297.87,1137,2010-12-06 15:35:00,2011-12-01 14:14:00,8,359,0,Champions
15603,1,48.480000000000004,96,2011-09-22 10:04:00,2011-09-22 10:04:00,79,0,1,At Risk / Lapsed
15604,1,216.39000000000001,159,2011-10-18 14:47:00,2011-10-18 14:47:00,52,0,1,At Risk / Lapsed
15605,5,1198.23,441,2010-12-01 13:38:00,2011-11-03 14:17:00,36,337,2,Loyal Mid-Value
15606,9,2920.16,892,2011-01-19 12:07:00,2011-10-09 15:47:00,61,263,2,Loyal Mid-Value
15607,1,104.75999999999999,202,2011-01-07 12:44:00,2011-01-07 12:44:00,337,0,1,At Risk / Lapsed
15608,4,1093.68,714,2011-08-11 09:56:00,2011-11-11 13:20:00,28,92,2,Loyal Mid-Value
15609,1,298.48,148,2011-06-08 13:00:00,2011-06-08 13:00:00,184,0,1,At Risk / Lapsed
15610,1,112.46000000000001,66,2011-10-19 10:36:00,2011-10-19 10:36:00,52,0,1,At Risk / Lapsed
15611,11,1570.45,502,2011-01-09 11:32:00,2011-11-30 12:36:00,10,325,0,Champions
15612,2,195.15,52,2011-10-09 12:49:00,2011-11-03 14:52:00,36,25,3,New / Low Engagement
15615,23,10399.74,5508,2010-12-15 16:21:00,2011-11-29 14:42:00,10,348,0,Champions
15618,4,776.85,453,2011-07-26 10:13:00,2011-11-07 08:34:00,33,103,2,Loyal Mid-Value
15619,1,336.4,136,2011-11-29 08:14:00,2011-11-29 08:14:00,11,0,3,New / Low Engagement
15620,3,1553.18,915,2010-12-16 14:34:00,2011-10-14 12:41:00,57,301,2,Loyal Mid-Value
15621,4,1293.03,501,2011-11-18 11:49:00,2011-12-05 14:01:00,4,17,3,New / Low Engagement
15622,9,3709.56,1674,2011-03-02 13:42:00,2011-10-27 16:44:00,43,239,0,Champions
15623,1,301.03000000000003,125,2011-07-21 17:26:00,2011-07-21 17:26:00,141,0,1,At Risk / Lapsed
15624,4,588.13,357,2011-03-28 13:32:00,2011-08-15 11:38:00,117,139,2,Loyal Mid-Value
15625,4,1534.26,1188,2011-04-18 14:01:00,2011-08-28 10:21:00,104,131,2,Loyal Mid-Value
15626,2,675.8,766,2011-01-14 10:10:00,2011-09-26 10:03:00,75,254,2,Loyal Mid-Value
15628,9,2870.2400000000002,1894,2010-12-08 09:51:00,2011-12-05 10:24:00,5,362,0,Champions
15630,2,1186.35,800,2011-05-19 10:16:00,2011-10-25 15:36:00,45,159,2,Loyal Mid-Value
15632,8,3285.31,2109,2011-03-10 08:29:00,2011-11-24 09:51:00,16,259,0,Champions
15634,1,243.55,99,2011-11-22 16:28:00,2011-11-22 16:28:00,17,0,3,New / Low Engagement
15636,2,724.76,284,2011-03-02 14:50:00,2011-09-11 11:17:00,90,192,1,At Risk / Lapsed
15637,1,223.36,128,2011-10-18 08:28:00,2011-10-18 08:28:00,53,0,1,At Risk / Lapsed
15639,1,425.32,323,2011-07-28 14:30:00,2011-07-28 14:30:00,134,0,1,At Risk / Lapsed
15640,15,12416.11,6572,2010-12-02 15:40:00,2011-12-05 14:35:00,4,367,0,Champions
15641,4,1887.2,1562,2010-12-15 14:45:00,2011-08-26 14:04:00,105,253,2,Loyal Mid-Value
15643,3,664.0,246,2011-03-02 14:34:00,2011-06-01 07:38:00,192,90,1,At Risk / Lapsed
15644,4,803.54,550,2011-03-23 15:37:00,2011-06-26 14:54:00,166,94,2,Loyal Mid-Value
15645,1,611.59,255,2011-11-21 11:55:00,2011-11-21 11:55:00,19,0,3,New / Low Engagement
15646,3,447.64000000000004,394,2010-12-02 16:59:00,2011-07-05 09:53:00,158,214,1,At Risk / Lapsed
15648,2,639.5,218,2011-03-17 18:59:00,2011-05-19 15:53:00,204,62,1,At Risk / Lapsed
15649,2,816.0,192,2010-12-07 10:06:00,2011-01-07 13:34:00,336,31,1,At Risk / Lapsed
15651,3,646.3,479,2011-03-24 08:56:00,2011-11-03 08:41:00,37,223,2,Loyal Mid-Value
15652,1,337.74,208,2011-09-09 14:22:00,2011-09-09 14:22:00,91,0,1,At Risk / Lapsed
15653,2,877.44,1200,2011-08-16 09:50:00,2011-09-08 10:49:00,93,23,2,Loyal Mid-Value
15654,2,922.53,475,2011-11-13 15:15:00,2011-11-30 13:08:00,9,16,3,New / Low Engagement
15655,1,560.6700000000001,324,2011-04-10 15:25:00,2011-04-10 15:25:00,243,0,1,At Risk / Lapsed
15656,4,748.5,343,2011-02-28 15:32:00,2011-10-25 14:56:00,45,238,2,Loyal Mid-Value
15657,1,30.0,24,2011-11-17 12:19:00,2011-11-17 12:19:00,23,0,3,New / Low Engagement
15658,5,1024.1000000000001,242,2010-12-02 10:53:00,2011-06-02 15:22:00,190,182,2,Loyal Mid-Value
15659,1,306.45,111,2011-10-27 09:23:00,2011-10-27 09:23:00,44,0,1,At Risk / Lapsed
15660,9,1600.86,1050,2010-12-09 09:49:00,2011-11-14 16:58:00,25,340,2,Loyal Mid-Value
15661,2,309.8,236,2011-01-05 12:32:00,2011-01-26 13:56:00,317,21,1,At Risk / Lapsed
15663,1,138.14,106,2011-08-25 15:50:00,2011-08-25 15:50:00,106,0,1,At Risk / Lapsed
15664,1,386.43,157,2011-10-20 10:57:00,2011-10-20 10:57:00,51,0,1,At Risk / Lapsed
15665,2,2222.21,1654,2011-04-10 15:09:00,2011-06-24 14:57:00,168,74,2,Loyal Mid-Value
15667,1,301.32,240,2011-10-31 10:56:00,2011-10-31 10:56:00,40,0,3,New / Low Engagement
15668,1,76.32000000000001,72,2011-05-06 10:39:00,2011-05-06 10:39:00,218,0,1,At Risk / Lapsed
15669,4,684.34,342,2011-03-21 09:13:00,2011-10-30 16:03:00,40,223,2,Loyal Mid-Value
15670,1,173.05,91,2011-02-16 10:50:00,2011-02-16 10:50:00,297,0,1,At Risk / Lapsed
15671,7,2657.13,1699,2011-03-14 09:37:00,2011-11-21 12:43:00,19,252,0,Champions
15673,4,2726.23,1451,2011-01-16 16:25:00,2011-09-12 16:12:00,88,238,2,Loyal Mid-Value
15674,4,2111.89,1274,2011-03-30 09:19:00,2011-09-27 15:17:00,73,181,2,Loyal Mid-Value
15675,3,323.69,527,2011-03-04 14:21:00,2011-09-19 13:48:00,81,198,1,At Risk / Lapsed
15676,3,3435.76,2252,2011-03-01 10:19:00,2011-11-21 12:40:00,19,265,2,Loyal Mid-Value
15677,1,657.23,319,2011-10-21 15:36:00,2011-10-21 15:36:00,49,0,1,At Risk / Lapsed
15678,1,352.7,184,2011-10-18 09:25:00,2011-10-18 09:25:00,53,0,1,At Risk / Lapsed
15679,4,781.28,1170,2011-06-10 08:24:00,2011-11-15 16:19:00,24,158,2,Loyal Mid-Value
15680,3,1333.68,952,2010-12-08 14:43:00,2011-11-30 13:46:00,9,356,3,New / Low Engagement
15681,5,1426.16,816,2011-03-04 13:46:00,2011-11-14 16:30:00,25,255,2,Loyal Mid-Value
15683,1,193.75,131,2011-08-14 12:56:00,2011-08-14 12:56:00,117,0,1,At Risk / Lapsed
15687,9,2993.1,1310,2011-01-13 15:13:00,2011-12-01 08:33:00,9,321,0,Champions
15689,2,254.1,84,2010-12-13 09:57:00,2011-08-12 09:37:00,120,241,1,At Risk / Lapsed
15690,2,239.76,408,2011-08-31 11:40:00,2011-12-05 15:59:00,4,96,3,New / Low Engagement
15691,1,136.8,72,2011-04-01 15:13:00,2011-04-01 15:13:00,252,0,1,At Risk / Lapsed
15692,1,191.04,138,2011-11-11 14:12:00,2011-11-11 14:12:00,28,0,3,New / Low Engagement
15694,13,6464.4,1676,2010-12-02 07:49:00,2011-12-09 09:44:00,1,372,0,Champions
15695,2,409.98,212,2011-03-18 08:31:00,2011-03-18 08:32:00,267,0,1,At Risk / Lapsed
15696,8,2711.11,1015,2011-01-17 11:24:00,2011-11-06 14:02:00,33,293,2,Loyal Mid-Value
15699,1,309.65,113,2011-11-22 08:26:00,2011-11-22 08:26:00,18,0,3,New / Low Engagement
15700,2,696.68,357,2011-06-19 15:36:00,2011-06-20 16:53:00,172,1,1,At Risk / Lapsed
15701,4,1529.0,912,2011-08-21 12:36:00,2011-12-07 14:39:00,2,108,0,Champions
15703,1,211.5,66,2011-03-20 10:51:00,2011-03-20 10:51:00,265,0,1,At Risk / Lapsed
15704,4,2293.62,1028,2011-05-08 12:42:00,2011-07-22 13:35:00,140,75,2,Loyal Mid-Value
15705,1,143.1,62,2011-05-22 15:37:00,2011-05-22 15:37:00,201,0,1,At Risk / Lapsed
15706,4,1060.56,321,2011-08-15 14:32:00,2011-10-07 10:09:00,64,52,2,Loyal Mid-Value
15707,4,916.98,594,2011-09-14 14:19:00,2011-11-04 14:35:00,35,51,2,Loyal Mid-Value
15708,7,3235.25,1217,2010-12-05 11:12:00,2011-10-30 10:54:00,41,328,2,Loyal Mid-Value
15709,1,133.25,121,2011-03-01 10:38:00,2011-03-01 10:38:00,284,0,1,At Risk / Lapsed
15712,5,1072.3600000000001,486,2011-02-25 11:32:00,2011-11-30 14:09:00,9,278,2,Loyal Mid-Value
15713,2,356.7,150,2010-12-08 15:16:00,2011-07-19 13:34:00,143,222,1,At Risk / Lapsed
15714,2,330.03000000000003,186,2011-09-23 11:25:00,2011-11-28 11:26:00,12,66,3,New / Low Engagement
15716,4,1101.11,738,2010-12-05 12:26:00,2011-07-17 11:59:00,146,223,2,Loyal Mid-Value
15717,1,150.3,70,2011-04-19 13:21:00,2011-04-19 13:21:00,234,0,1,At Risk / Lapsed
15719,13,5028.42,2717,2011-01-06 12:31:00,2011-11-07 12:29:00,33,304,0,Champions
15720,1,598.73,281,2011-11-15 14:48:00,2011-11-15 14:48:00,24,0,3,New / Low Engagement
15721,1,471.40000000000003,388,2011-11-28 12:14:00,2011-11-28 12:14:00,12,0,3,New / Low Engagement
15722,5,2211.21,1023,2011-02-22 12:24:00,2011-11-04 11:43:00,36,254,2,Loyal Mid-Value
15723,1,190.70000000000002,73,2010-12-10 11:12:00,2010-12-10 11:12:00,365,0,1,At Risk / Lapsed
15724,2,218.25,73,2011-02-28 10:40:00,2011-05-22 14:40:00,201,83,1,At Risk / Lapsed
15725,1,415.25,221,2011-11-24 14:51:00,2011-11-24 14:51:00,15,0,3,New / Low Engagement
15727,7,5159.06,3063,2010-12-15 15:47:00,2011-11-23 12:36:00,17,342,0,Champions
15729,1,85.0,28,2011-05-11 12:36:00,2011-05-11 12:36:00,213,0,1,At Risk / Lapsed
15730,3,1120.88,689,2011-05-17 12:43:00,2011-10-05 12:31:00,66,140,2,Loyal Mid-Value
15732,2,294.12,215,2010-12-02 15:00:00,2011-05-11 14:24:00,212,159,1,At Risk / Lapsed
15733,1,162.3,62,2011-03-02 09:05:00,2011-03-02 09:05:00,283,0,1,At Risk / Lapsed
15734,2,1339.45,346,2011-05-23 14:59:00,2011-08-17 10:50:00,115,85,2,Loyal Mid-Value
15737,8,1188.1200000000001,597,2011-04-11 10:01:00,2011-11-25 11:21:00,15,228,0,Champions
15738,16,4812.42,2982,2010-12-02 12:50:00,2011-11-21 08:26:00,19,353,0,Champions
15739,1,449.12,472,2011-10-04 13:42:00,2011-10-04 13:42:00,66,0,1,At Risk / Lapsed
15740,1,154.88,152,2011-10-21 14:29:00,2011-10-21 14:29:00,49,0,1,At Risk / Lapsed
15743,4,775.96,214,2011-06-08 10:14:00,2011-11-23 17:19:00,16,168,3,New / Low Engagement
15744,1,34.8,120,2011-09-23 09:52:00,2011-09-23 09:52:00,78,0,1,At Risk / Lapsed
15745,4,1094.5900000000001,421,2011-04-17 13:04:00,2011-11-20 13:45:00,19,217,2,Loyal Mid-Value
15746,1,196.88,178,2011-07-28 15:21:00,2011-07-28 15:21:00,134,0,1,At Risk / Lapsed
15747,3,946.64,466,2011-06-20 11:30:00,2011-11-27 12:26:00,13,160,3,New / Low Engagement
15748,1,144.36,50,2011-10-30 12:51:00,2011-10-30 12:51:00,40,0,1,At Risk / Lapsed
15749,3,44534.3,18028,2011-01-11 12:55:00,2011-04-18 13:20:00,235,97,2,Loyal Mid-Value
15750,8,2463.05,1783,2010-12-08 10:36:00,2011-12-07 12:34:00,3,364,0,Champions
15752,7,2626.6,1960,2010-12-02 09:43:00,2011-10-31 11:37:00,40,333,2,Loyal Mid-Value
15753,1,79.2,144,2011-02-08 12:41:00,2011-02-08 12:41:00,305,0,1,At Risk / Lapsed
15754,3,458.57,199,2011-04-07 12:24:00,2011-10-19 14:40:00,51,195,2,Loyal Mid-Value
15755,6,2364.25,1427,2011-02-18 11:53:00,2011-11-29 14:57:00,10,284,0,Champions
15756,4,528.01,241,2011-04-04 14:00:00,2011-10-09 13:30:00,61,187,2,Loyal Mid-Value
15757,2,714.42,491,2011-05-06 11:40:00,2011-10-05 12:14:00,66,152,2,Loyal Mid-Value
15758,1,205.25,47,2011-11-15 10:48:00,2011-11-15 10:48:00,25,0,3,New / Low Engagement
15759,3,253.04000000000002,60,2010-12-16 15:29:00,2011-05-05 15:13:00,218,139,1,At Risk / Lapsed
15762,2,583.75,251,2011-09-23 15:17:00,2011-10-05 16:15:00,65,12,1,At Risk / Lapsed
15763,2,1086.92,271,2011-09-23 12:10:00,2011-11-08 09:44:00,32,45,2,Loyal Mid-Value
15764,6,3279.97,2050,2011-03-08 09:23:00,2011-09-12 17:58:00,88,188,2,Loyal Mid-Value
15766,1,315.06,170,2011-10-06 17:03:00,2011-10-06 17:03:00,64,0,1,At Risk / Lapsed
15768,3,621.83,244,2011-04-28 09:20:00,2011-08-16 10:48:00,116,110,2,Loyal Mid-Value
15769,26,56252.72,29672,2010-12-03 15:16:00,2011-12-02 13:52:00,7,363,0,Champions
15773,1,635.6800000000001,311,2011-12-04 12:48:00,2011-12-04 12:48:00,6,0,3,New / Low Engagement
15774,1,270.8,87,2011-10-02 12:04:00,2011-10-02 12:04:00,69,0,1,At Risk / Lapsed
15775,1,104.9,68,2011-04-08 12:56:00,2011-04-08 12:56:00,245,0,1,At Risk / Lapsed
15776,1,241.62,138,2011-07-29 13:46:00,2011-07-29 13:46:00,133,0,1,At Risk / Lapsed
15777,4,1047.1100000000001,378,2010-12-13 16:38:00,2011-04-12 16:43:00,241,120,2,Loyal Mid-Value
15780,3,475.28000000000003,220,2010-12-17 11:43:00,2011-06-09 12:01:00,184,174,1,At Risk / Lapsed
15781,3,345.46000000000004,180,2011-02-07 09:15:00,2011-11-14 14:57:00,25,280,3,New / Low Engagement
15782,3,2614.74,864,2011-09-11 14:29:00,2011-11-30 10:49:00,10,79,2,Loyal Mid-Value
15783,1,246.3,212,2011-11-29 09:50:00,2011-11-29 09:50:00,11,0,3,New / Low Engagement
15785,5,2328.9700000000003,1612,2011-02-17 14:17:00,2011-11-07 11:33:00,33,262,2,Loyal Mid-Value
15786,3,4919.0,3340,2011-08-17 13:33:00,2011-10-24 14:13:00,46,68,2,Loyal Mid-Value
15787,3,933.26,534,2011-10-09 13:11:00,2011-11-13 14:55:00,26,35,2,Loyal Mid-Value
15789,1,351.3,438,2010-12-16 14:35:00,2010-12-16 14:35:00,358,0,1,At Risk / Lapsed
15790,1,218.75,113,2011-11-29 14:53:00,2011-11-29 14:53:00,10,0,3,New / Low Engagement
15791,2,1612.69,731,2011-05-19 15:15:00,2011-10-27 10:14:00,44,160,2,Loyal Mid-Value
15793,3,965.61,553,2011-03-16 10:45:00,2011-11-25 09:31:00,15,253,3,New / Low Engagement
15795,1,610.01,581,2011-07-13 10:43:00,2011-07-13 10:43:00,150,0,1,At Risk / Lapsed
15796,8,2707.61,859,2011-02-10 15:40:00,2011-12-08 19:55:00,1,301,0,Champions
15797,3,2192.4,872,2011-02-08 10:17:00,2011-08-18 17:04:00,113,191,2,Loyal Mid-Value
15799,3,884.14,955,2011-01-09 15:13:00,2011-09-25 12:46:00,76,258,2,Loyal Mid-Value
15800,2,696.89,332,2011-04-07 12:39:00,2011-08-24 14:23:00,107,139,1,At Risk / Lapsed
15801,3,1063.95,570,2011-08-22 09:53:00,2011-10-24 13:52:00,46,63,2,Loyal Mid-Value
15803,1,415.82,290,2011-10-19 14:56:00,2011-10-19 14:56:00,51,0,1,At Risk / Lapsed
15804,13,4206.39,2565,2011-05-25 10:12:00,2011-12-09 12:31:00,1,198,0,Champions
15805,17,5488.18,3367,2010-12-10 09:33:00,2011-11-16 16:32:00,23,341,0,Champions
15806,3,784.58,602,2011-03-08 09:24:00,2011-10-24 14:35:00,46,230,2,Loyal Mid-Value
15807,3,903.9,430,2011-09-23 14:43:00,2011-10-20 14:10:00,50,26,2,Loyal Mid-Value
15808,4,3651.27,1305,2010-12-05 13:05:00,2011-02-06 14:33:00,306,63,2,Loyal Mid-Value
15809,5,515.77,301,2011-02-10 11:16:00,2011-11-03 16:40:00,36,266,2,Loyal Mid-Value
15810,4,1391.98,861,2011-02-16 09:11:00,2011-09-22 09:38:00,79,218,2,Loyal Mid-Value
15811,6,2218.62,1071,2010-12-09 15:29:00,2011-11-17 15:31:00,22,343,2,Loyal Mid-Value
15812,5,1801.14,922,2011-01-26 12:12:00,2011-08-24 14:19:00,107,210,2,Loyal Mid-Value
15813,2,1303.91,603,2011-04-14 09:09:00,2011-05-16 08:13:00,208,31,2,Loyal Mid-Value
15814,4,1945.3300000000002,1271,2011-10-20 09:04:00,2011-11-23 08:17:00,17,33,2,Loyal Mid-Value
15815,5,2100.6,1856,2011-03-25 08:43:00,2011-10-07 12:42:00,64,196,2,Loyal Mid-Value
15819,4,1905.45,1357,2011-03-08 09:45:00,2011-10-21 14:50:00,49,227,2,Loyal Mid-Value
15820,1,206.98000000000002,128,2011-01-24 12:00:00,2011-01-24 12:00:00,320,0,1,At Risk / Lapsed
15821,2,570.96,202,2011-10-09 13:28:00,2011-10-26 15:48:00,44,17,3,New / Low Engagement
15822,2,885.47,375,2010-12-15 13:38:00,2011-12-06 14:50:00,3,356,3,New / Low Engagement
15825,1,532.94,220,2011-06-20 13:27:00,2011-06-20 13:27:00,172,0,1,At Risk / Lapsed
15826,3,1654.31,963,2011-05-13 10:44:00,2011-10-14 16:05:00,56,154,2,Loyal Mid-Value
15827,14,1836.09,882,2010-12-02 13:06:00,2011-09-27 15:35:00,73,299,2,Loyal Mid-Value
15829,2,636.14,996,2011-07-22 10:23:00,2011-09-01 16:45:00,99,41,1,At Risk / Lapsed
15830,1,576.0,415,2011-11-02 10:40:00,2011-11-02 10:40:00,38,0,3,New / Low Engagement
15831,3,794.64,1092,2011-01-19 14:52:00,2011-10-12 13:14:00,58,265,2,Loyal Mid-Value
15832,1,836.79,465,2011-03-30 15:29:00,2011-03-30 15:29:00,254,0,1,At Risk / Lapsed
15834,4,2222.65,959,2011-03-07 17:52:00,2011-09-30 14:41:00,70,206,2,Loyal Mid-Value
15835,4,954.09,439,2011-01-13 10:35:00,2011-10-26 15:47:00,44,286,2,Loyal Mid-Value
15836,1,137.37,26,2011-10-20 17:13:00,2011-10-20 17:13:00,50,0,1,At Risk / Lapsed
15837,1,391.98,189,2011-10-06 09:01:00,2011-10-06 09:01:00,65,0,1,At Risk / Lapsed
15838,19,33643.08,18368,2010-12-07 11:26:00,2011-11-28 14:00:00,11,356,0,Champions
15839,3,1048.49,675,2011-07-14 16:35:00,2011-11-06 13:54:00,33,114,2,Loyal Mid-Value
15840,2,355.56,396,2011-06-20 11:42:00,2011-10-12 09:08:00,59,113,1,At Risk / Lapsed
15841,4,1224.06,942,2011-01-05 11:25:00,2011-09-28 12:15:00,73,266,2,Loyal Mid-Value
15843,1,118.95,27,2011-02-09 10:19:00,2011-02-09 10:19:00,304,0,1,At Risk / Lapsed
15844,1,130.74,134,2011-10-24 15:19:00,2011-10-24 15:19:00,46,0,1,At Risk / Lapsed
15845,8,3711.77,1926,2011-01-06 17:19:00,2011-11-22 09:42:00,18,319,0,Champions
15847,2,389.27,449,2011-02-24 16:46:00,2011-11-01 14:41:00,38,249,3,New / Low Engagement
15850,2,234.88,298,2011-06-24 14:16:00,2011-11-20 14:14:00,19,148,3,New / Low Engagement
15852,2,160.71,48,2011-05-26 13:26:00,2011-06-06 11:22:00,187,10,1,At Risk / Lapsed
15853,1,110.8,135,2011-10-19 10:38:00,2011-10-19 10:38:00,52,0,1,At Risk / Lapsed
15854,12,2969.12,926,2010-12-13 11:47:00,2011-12-05 13:39:00,4,357,0,Champions
15855,5,712.24,470,2011-03-21 12:32:00,2011-07-26 10:20:00,137,126,2,Loyal Mid-Value
15856,27,16142.380000000001,10863,2010-12-09 13:34:00,2011-12-05 17:09:00,4,361,0,Champions
15857,1,297.0,308,2011-11-21 12:18:00,2011-11-21 12:18:00,19,0,3,New / Low Engagement
15858,5,1427.57,1163,2010-12-07 14:31:00,2011-11-24 12:48:00,16,351,2,Loyal Mid-Value
15860,8,965.16,437,2010-12-06 11:38:00,2011-10-30 11:25:00,41,327,2,Loyal Mid-Value
15861,8,3146.92,2528,2011-03-17 20:12:00,2011-11-27 15:59:00,12,254,0,Champions
15862,4,832.88,585,2010-12-01 11:21:00,2011-12-01 13:28:00,8,365,3,New / Low Engagement
15863,2,68.84,19,2011-05-31 11:36:00,2011-11-14 12:49:00,26,167,3,New / Low Engagement
15864,6,1936.32,1192,2011-01-27 16:43:00,2011-11-17 13:32:00,22,293,2,Loyal Mid-Value
15865,3,895.13,368,2011-05-10 11:44:00,2011-10-30 12:43:00,41,173,2,Loyal Mid-Value
15866,1,211.89,124,2011-08-30 14:09:00,2011-08-30 14:09:00,101,0,1,At Risk / Lapsed
15867,15,3803.6,2039,2010-12-05 14:17:00,2011-12-04 13:32:00,5,363,0,Champions
15869,2,149.64,175,2011-03-07 17:19:00,2011-03-07 17:23:00,277,0,1,At Risk / Lapsed
15870,1,351.44,333,2011-11-07 10:58:00,2011-11-07 10:58:00,33,0,3,New / Low Engagement
15872,2,316.25,187,2011-11-25 11:54:00,2011-11-25 11:55:00,15,0,3,New / Low Engagement
15874,7,4405.88,2534,2011-02-28 13:28:00,2011-10-07 12:31:00,64,220,2,Loyal Mid-Value
15877,2,490.33,368,2011-11-22 11:18:00,2011-12-08 11:53:00,2,16,3,New / Low Engagement
15880,1,329.03,202,2010-12-05 13:00:00,2010-12-05 13:00:00,369,0,1,At Risk / Lapsed
15881,5,501.39,260,2010-12-10 13:32:00,2011-01-31 16:59:00,312,52,1,At Risk / Lapsed
15882,4,514.08,264,2010-12-06 13:01:00,2011-05-25 11:35:00,199,169,1,At Risk / Lapsed
15883,2,396.48,223,2011-11-06 14:50:00,2011-12-07 17:05:00,2,31,3,New / Low Engagement
15885,1,349.35,109,2011-09-07 14:56:00,2011-09-07 14:56:00,93,0,1,At Risk / Lapsed
15886,1,181.09,147,2011-10-10 14:25:00,2011-10-10 14:25:00,60,0,1,At Risk / Lapsed
15888,1,162.64,67,2011-09-20 12:30:00,2011-09-20 12:30:00,81,0,1,At Risk / Lapsed
15889,2,400.77,200,2010-12-05 15:12:00,2011-07-06 11:10:00,157,212,1,At Risk / Lapsed
15891,1,509.13,417,2011-04-27 12:35:00,2011-04-27 12:35:00,227,0,1,At Risk / Lapsed
15894,2,257.6,163,2010-12-05 14:06:00,2011-03-31 13:50:00,253,115,1,At Risk / Lapsed
15895,1,179.17000000000002,94,2011-07-13 10:27:00,2011-07-13 10:27:00,150,0,1,At Risk / Lapsed
15897,2,208.59,223,2011-05-29 13:32:00,2011-05-29 13:50:00,194,0,1,At Risk / Lapsed
15898,5,1383.83,567,2010-12-06 11:01:00,2011-12-08 15:23:00,1,367,0,Champions
15899,1,56.25,39,2010-12-06 10:36:00,2010-12-06 10:36:00,369,0,1,At Risk / Lapsed
15900,1,337.28000000000003,216,2011-11-16 12:19:00,2011-11-16 12:19:00,24,0,3,New / Low Engagement
15901,3,349.75,372,2011-07-08 12:18:00,2011-11-23 12:43:00,17,138,3,New / Low Engagement
15903,7,5126.76,2410,2011-02-17 14:04:00,2011-11-30 08:08:00,10,285,0,Champions
15904,1,164.68,84,2011-12-01 14:50:00,2011-12-01 14:50:00,8,0,3,New / Low Engagement
15906,7,1567.69,544,2011-03-29 13:28:00,2011-11-20 12:24:00,20,235,2,Loyal Mid-Value
15907,3,881.87,477,2011-05-13 13:01:00,2011-12-06 12:21:00,4,206,3,New / Low Engagement
15909,1,191.94,98,2011-06-19 10:38:00,2011-06-19 10:38:00,174,0,1,At Risk / Lapsed
15910,8,1228.88,1013,2011-01-27 11:55:00,2011-12-09 10:51:00,1,315,0,Champions
15912,2,264.62,185,2011-04-20 17:10:00,2011-06-14 14:29:00,178,54,1,At Risk / Lapsed
15916,8,1502.86,752,2010-12-08 13:07:00,2011-11-23 13:46:00,16,350,0,Champions
15917,1,123.1,42,2011-04-06 10:40:00,2011-04-06 10:40:00,248,0,1,At Risk / Lapsed
15918,2,334.23,153,2011-03-13 15:55:00,2011-06-02 11:42:00,191,80,1,At Risk / Lapsed
15919,2,525.69,385,2010-12-06 11:26:00,2011-11-20 11:28:00,20,349,3,New / Low Engagement
15920,3,163.55,94,2011-07-08 15:16:00,2011-07-08 15:25:00,154,0,1,At Risk / Lapsed
15921,1,323.03000000000003,162,2011-06-20 11:03:00,2011-06-20 11:03:00,173,0,1,At Risk / Lapsed
15922,1,369.5,138,2010-12-01 13:51:00,2010-12-01 13:51:00,373,0,1,At Risk / Lapsed
15923,1,127.08,122,2010-12-02 12:16:00,2010-12-02 12:16:00,373,0,1,At Risk / Lapsed
15925,1,207.15,93,2011-05-29 15:35:00,2011-05-29 15:35:00,194,0,1,At Risk / Lapsed
15930,1,426.63,139,2011-10-03 14:52:00,2011-10-03 14:52:00,67,0,1,At Risk / Lapsed
15932,8,2495.87,2325,2011-02-23 14:50:00,2011-12-05 17:13:00,4,285,0,Champions
15933,3,1107.46,885,2011-09-14 12:05:00,2011-11-18 13:14:00,21,65,2,Loyal Mid-Value
15935,1,108.04,114,2011-04-14 13:27:00,2011-04-14 13:27:00,239,0,1,At Risk / Lapsed
15937,1,145.35000000000002,73,2011-10-06 15:48:00,2011-10-06 15:48:00,64,0,1,At Risk / Lapsed
15938,5,404.58000000000004,240,2011-01-20 10:11:00,2011-08-19 12:56:00,112,211,2,Loyal Mid-Value
15939,14,6100.01,4727,2011-01-12 12:43:00,2011-09-11 11:30:00,90,241,0,Champions
15940,1,35.8,4,2011-02-01 16:18:00,2011-02-01 16:18:00,311,0,1,At Risk / Lapsed
15942,1,337.44,232,2011-07-29 09:01:00,2011-07-29 09:01:00,134,0,1,At Risk / Lapsed
15944,1,325.1,50,2011-03-08 10:33:00,2011-03-08 10:33:00,277,0,1,At Risk / Lapsed
15945,1,181.0,52,2010-12-09 13:14:00,2010-12-09 13:14:00,365,0,1,At Risk / Lapsed
15947,1,1708.24,898,2011-09-18 10:46:00,2011-09-18 10:46:00,83,0,2,Loyal Mid-Value
15948,2,955.24,567,2011-10-27 08:35:00,2011-12-01 15:32:00,8,35,3,New / Low Engagement
15949,2,364.72,284,2011-09-29 17:34:00,2011-11-23 09:09:00,17,54,3,New / Low Engagement
15950,4,1744.71,719,2010-12-15 11:56:00,2011-11-08 11:09:00,32,327,2,Loyal Mid-Value
15951,2,708.22,313,2011-02-27 11:57:00,2011-12-01 08:34:00,9,276,3,New / Low Engagement
15952,4,781.91,391,2011-04-28 12:55:00,2011-11-06 11:18:00,34,191,2,Loyal Mid-Value
15953,8,1657.28,891,2010-12-05 15:15:00,2011-11-24 15:32:00,15,354,0,Champions
15955,14,4416.26,2135,2010-12-02 11:22:00,2011-11-15 14:15:00,24,348,0,Champions
15957,1,428.89,211,2011-11-08 12:14:00,2011-11-08 12:14:00,32,0,3,New / Low Engagement
15958,1,104.35000000000001,33,2011-09-26 13:41:00,2011-09-26 13:41:00,74,0,1,At Risk / Lapsed
15963,2,470.76,298,2011-10-25 13:05:00,2011-11-20 11:33:00,20,25,3,New / Low Engagement
15965,4,808.87,434,2010-12-07 13:18:00,2011-11-22 16:44:00,17,350,2,Loyal Mid-Value
15967,2,397.68,205,2011-01-25 11:57:00,2011-11-16 15:41:00,23,295,3,New / Low Engagement
15969,3,666.1,124,2011-06-07 12:19:00,2011-12-07 11:06:00,3,182,3,New / Low Engagement
15970,1,314.09999999999997,116,2011-02-09 12:08:00,2011-02-09 12:08:00,304,0,1,At Risk / Lapsed
15971,12,4194.9,1716,2011-02-01 16:47:00,2011-11-22 12:50:00,18,293,0,Champions
15973,1,307.82,106,2010-12-08 11:42:00,2010-12-08 11:42:00,367,0,1,At Risk / Lapsed
15974,7,3442.15,2262,2011-02-24 10:10:00,2011-10-31 13:13:00,39,249,2,Loyal Mid-Value
15975,1,371.01,243,2011-09-16 13:33:00,2011-09-16 13:33:00,84,0,1,At Risk / Lapsed
15976,2,427.64,275,2011-05-03 17:12:00,2011-06-27 13:00:00,165,54,1,At Risk / Lapsed
15977,2,1054.73,1016,2011-10-31 16:24:00,2011-11-22 13:29:00,17,21,3,New / Low Engagement
15978,1,1098.78,888,2011-09-23 15:21:00,2011-09-23 15:21:00,77,0,1,At Risk / Lapsed
15980,3,2398.86,1560,2011-03-30 15:05:00,2011-09-12 09:41:00,89,165,2,Loyal Mid-Value
15981,8,3408.48,1866,2011-02-01 13:50:00,2011-11-15 08:00:00,25,286,0,Champions
15983,4,1465.1200000000001,886,2010-12-01 12:15:00,2011-11-17 17:34:00,22,351,2,Loyal Mid-Value
15984,10,2780.63,1815,2010-12-06 13:21:00,2011-12-07 12:16:00,3,365,0,Champions
15985,2,1142.42,1086,2011-04-17 11:04:00,2011-08-08 16:31:00,123,113,2,Loyal Mid-Value
15986,1,168.12,268,2011-11-09 15:17:00,2011-11-09 15:17:00,30,0,3,New / Low Engagement
15987,7,1432.77,1533,2010-12-06 08:34:00,2011-11-27 15:38:00,12,356,0,Champions
15988,1,156.78,180,2011-11-20 13:23:00,2011-11-20 13:23:00,19,0,3,New / Low Engagement
15990,2,792.11,443,2011-02-25 15:35:00,2011-10-26 15:58:00,44,243,2,Loyal Mid-Value
15992,1,41.989999999999995,17,2011-12-06 11:00:00,2011-12-06 11:00:00,4,0,3,New / Low Engagement
15993,7,2768.97,2031,2011-10-26 16:21:00,2011-12-01 10:45:00,9,35,0,Champions
15994,1,414.27,173,2011-10-16 12:28:00,2011-10-16 12:28:00,55,0,1,At Risk / Lapsed
15996,6,1032.58,380,2010-12-08 15:59:00,2011-09-12 15:14:00,88,277,2,Loyal Mid-Value
15998,5,3080.22,2032,2010-12-12 13:32:00,2011-11-03 12:45:00,37,325,2,Loyal Mid-Value
16000,3,12393.7,5110,2011-12-07 12:14:00,2011-12-07 12:17:00,3,0,0,Champions
16003,5,2735.37,1185,2010-12-15 12:09:00,2011-11-10 09:57:00,30,329,2,Loyal Mid-Value
16005,4,578.71,280,2011-03-14 11:46:00,2011-11-27 13:47:00,12,258,3,New / Low Engagement
16006,1,101.4,84,2011-05-12 13:12:00,2011-05-12 13:12:00,211,0,1,At Risk / Lapsed
16007,4,1693.81,1388,2011-05-08 13:32:00,2011-10-23 11:05:00,48,167,2,Loyal Mid-Value
16008,3,478.78000000000003,323,2011-05-19 10:54:00,2011-11-16 10:32:00,24,180,3,New / Low Engagement
16009,4,972.11,366,2011-07-03 11:26:00,2011-11-17 16:51:00,22,137,2,Loyal Mid-Value
16010,3,392.40000000000003,202,2010-12-12 12:18:00,2011-04-08 10:14:00,246,116,1,At Risk / Lapsed
16011,16,3352.96,2035,2010-12-08 16:34:00,2011-12-01 16:31:00,8,357,0,Champions
16012,3,1415.29,799,2011-07-07 18:02:00,2011-11-04 13:25:00,35,119,2,Loyal Mid-Value
16013,47,37130.6,15536,2010-12-03 13:09:00,2011-12-06 10:36:00,4,367,0,Champions
16014,3,646.83,258,2011-02-21 17:42:00,2011-11-02 12:04:00,38,253,2,Loyal Mid-Value
16015,3,704.26,906,2011-10-21 12:56:00,2011-12-06 10:58:00,4,45,3,New / Low Engagement
16016,8,1465.51,602,2010-12-08 12:36:00,2011-12-06 14:35:00,3,363,0,Champions
16017,1,211.88,102,2011-10-23 12:56:00,2011-10-23 12:56:00,47,0,1,At Risk / Lapsed
16018,2,408.9,190,2011-06-12 13:52:00,2011-10-31 14:13:00,39,141,3,New / Low Engagement
16019,9,3786.24,1733,2010-12-10 12:29:00,2011-10-24 11:51:00,47,317,2,Loyal Mid-Value
16020,3,851.01,487,2011-10-05 13:54:00,2011-11-23 11:18:00,17,48,3,New / Low Engagement
16022,1,602.63,255,2011-03-24 13:16:00,2011-03-24 13:16:00,260,0,1,At Risk / Lapsed
16023,3,719.81,358,2011-03-18 13:32:00,2011-10-24 16:34:00,46,220,2,Loyal Mid-Value
16024,1,245.75,377,2011-11-27 13:26:00,2011-11-27 13:26:00,12,0,3,New / Low Engagement
16025,1,439.65999999999997,338,2011-11-10 11:45:00,2011-11-10 11:45:00,30,0,3,New / Low Engagement
16026,1,236.09,243,2011-10-27 13:53:00,2011-10-27 13:53:00,43,0,1,At Risk / Lapsed
16027,6,934.62,1147,2011-02-10 12:19:00,2011-09-09 10:47:00,92,210,2,Loyal Mid-Value
16029,62,72708.09,40107,2010-12-01 09:57:00,2011-11-01 10:27:00,39,335,0,Champions
16030,1,331.24,283,2011-02-03 11:28:00,2011-02-03 11:28:00,310,0,1,At Risk / Lapsed
16031,2,547.9,421,2011-04-06 14:23:00,2011-09-08 13:07:00,92,154,1,At Risk / Lapsed
16033,20,8778.82,3529,2010-12-05 10:36:00,2011-12-04 12:44:00,6,364,0,Champions
16034,3,437.70000000000005,242,2011-01-11 11:54:00,2011-05-27 16:17:00,196,136,1,At Risk / Lapsed
16036,2,758.9200000000001,716,2011-03-21 13:01:00,2011-09-13 14:53:00,87,176,2,Loyal Mid-Value
16037,3,855.02,428,2010-12-16 10:18:00,2011-03-15 09:13:00,270,88,1,At Risk / Lapsed
16038,3,471.78,244,2011-05-22 11:29:00,2011-12-02 12:40:00,8,194,3,New / Low Engagement
16040,3,1313.55,684,2011-03-16 09:58:00,2011-10-05 13:47:00,65,203,2,Loyal Mid-Value
16041,3,3166.4,1584,2011-07-21 16:27:00,2011-11-09 12:25:00,31,110,2,Loyal Mid-Value
16042,5,1177.47,743,2011-01-11 13:25:00,2011-11-17 17:50:00,22,310,2,Loyal Mid-Value
16043,4,773.99,503,2011-01-26 11:14:00,2011-11-02 12:50:00,38,280,2,Loyal Mid-Value
16045,4,1340.7,897,2011-02-22 14:55:00,2011-08-12 12:41:00,120,170,2,Loyal Mid-Value
16048,2,256.44,144,2010-12-01 15:27:00,2010-12-01 15:28:00,373,0,1,At Risk / Lapsed
16049,3,1074.81,763,2011-09-25 14:33:00,2011-10-30 13:19:00,40,34,2,Loyal Mid-Value
16050,1,137.9,278,2011-06-19 11:44:00,2011-06-19 11:44:00,174,0,1,At Risk / Lapsed
16052,1,362.06,282,2011-10-16 15:13:00,2011-10-16 15:13:00,54,0,1,At Risk / Lapsed
16053,2,1511.95,1793,2011-08-09 14:57:00,2011-11-07 11:21:00,33,89,2,Loyal Mid-Value
16054,1,783.9,380,2011-07-17 13:08:00,2011-07-17 13:08:00,145,0,1,At Risk / Lapsed
16055,1,134.8,22,2011-05-03 09:26:00,2011-05-03 09:26:00,221,0,1,At Risk / Lapsed
16056,1,650.75,345,2011-10-25 15:19:00,2011-10-25 15:19:00,45,0,3,New / Low Engagement
16057,7,2263.12,863,2011-02-28 10:35:00,2011-11-23 15:23:00,16,268,0,Champions
16059,6,1453.16,641,2010-12-07 10:36:00,2011-10-05 09:56:00,66,301,2,Loyal Mid-Value
16062,4,1153.62,800,2010-12-10 12:00:00,2011-11-30 12:15:00,10,355,3,New / Low Engagement
16063,1,335.32,262,2011-03-24 14:55:00,2011-03-24 14:56:00,260,0,1,At Risk / Lapsed
16065,1,367.14,228,2010-12-09 13:03:00,2010-12-09 13:03:00,365,0,1,At Risk / Lapsed
16066,5,1521.04,935,2011-08-07 14:33:00,2011-11-23 11:54:00,17,107,2,Loyal Mid-Value
16070,2,852.15,457,2011-11-07 16:36:00,2011-11-17 15:50:00,22,9,3,New / Low Engagement
16071,1,326.24,180,2011-10-26 11:14:00,2011-10-26 11:14:00,45,0,1,At Risk / Lapsed
16072,1,584.3199999999999,140,2011-02-24 14:32:00,2011-02-24 14:32:00,288,0,1,At Risk / Lapsed
16073,1,122.4,48,2011-02-15 15:41:00,2011-02-15 15:41:00,297,0,1,At Risk / Lapsed
16076,10,2234.73,1435,2011-05-15 12:31:00,2011-12-06 14:59:00,3,205,0,Champions
16078,1,79.2,16,2011-03-01 09:47:00,2011-03-01 09:47:00,284,0,1,At Risk / Lapsed
16079,3,1352.0,864,2011-10-30 13:06:00,2011-11-23 12:48:00,17,23,2,Loyal Mid-Value
16080,2,217.16000000000003,128,2011-03-10 14:44:00,2011-09-19 10:42:00,82,192,1,At Risk / Lapsed
16081,5,2799.42,1473,2010-12-08 11:16:00,2011-10-14 13:06:00,56,310,2,Loyal Mid-Value
16083,2,1317.62,908,2010-12-14 11:51:00,2011-08-31 10:47:00,101,259,2,Loyal Mid-Value
16084,1,436.18,216,2011-02-13 16:05:00,2011-02-13 16:05:00,299,0,1,At Risk / Lapsed
16085,5,981.51,636,2011-01-23 12:07:00,2011-11-16 13:24:00,23,297,2,Loyal Mid-Value
16086,5,1121.39,511,2010-12-07 13:45:00,2011-10-11 13:09:00,59,307,2,Loyal Mid-Value
16091,2,315.06,154,2011-05-25 09:18:00,2011-07-08 08:45:00,155,43,1,At Risk / Lapsed
16092,3,817.86,628,2011-03-30 15:38:00,2011-08-17 10:46:00,115,139,2,Loyal Mid-Value
16093,1,17.0,20,2011-08-25 11:09:00,2011-08-25 11:09:00,107,0,1,At Risk / Lapsed
16094,4,1078.23,647,2011-05-04 13:57:00,2011-11-28 12:45:00,12,207,2,Loyal Mid-Value
16096,1,320.62,155,2011-03-20 13:38:00,2011-03-20 13:38:00,264,0,1,At Risk / Lapsed
16097,1,185.04999999999998,87,2011-04-13 13:47:00,2011-04-13 13:47:00,240,0,1,At Risk / Lapsed
16098,7,2005.63,613,2010-12-01 09:45:00,2011-09-13 09:59:00,88,286,2,Loyal Mid-Value
16099,3,731.9,434,2011-04-28 08:34:00,2011-10-20 13:13:00,50,175,2,Loyal Mid-Value
16101,1,1290.7,757,2011-09-30 10:18:00,2011-09-30 10:18:00,71,0,2,Loyal Mid-Value
16102,3,1842.14,942,2011-08-03 12:50:00,2011-10-28 13:19:00,42,86,2,Loyal Mid-Value
16103,6,1429.64,558,2011-04-20 12:28:00,2011-12-02 14:16:00,7,226,0,Champions
16104,1,298.21,122,2011-10-09 10:23:00,2011-10-09 10:23:00,62,0,1,At Risk / Lapsed
16105,1,336.96,330,2011-04-05 10:13:00,2011-04-05 10:13:00,249,0,1,At Risk / Lapsed
16106,1,108.38,74,2011-10-05 10:37:00,2011-10-05 10:37:00,66,0,1,At Risk / Lapsed
16107,7,3204.16,1176,2011-06-09 18:42:00,2011-11-22 09:40:00,18,165,0,Champions
16108,1,842.5,615,2011-09-16 11:48:00,2011-09-16 11:48:00,85,0,1,At Risk / Lapsed
16109,2,611.88,612,2011-02-04 12:37:00,2011-05-05 09:17:00,219,89,1,At Risk / Lapsed
16110,3,1320.95,720,2011-02-01 14:01:00,2011-10-25 14:35:00,45,266,2,Loyal Mid-Value
16112,4,195.74,574,2011-01-05 11:47:00,2011-07-19 14:28:00,143,195,1,At Risk / Lapsed
16113,1,161.38,176,2011-06-09 16:16:00,2011-06-09 16:16:00,183,0,1,At Risk / Lapsed
16114,1,135.75,43,2011-06-22 10:13:00,2011-06-22 10:13:00,171,0,1,At Risk / Lapsed
16115,8,1660.8799999999999,994,2011-02-20 12:14:00,2011-11-30 11:32:00,10,282,0,Champions
16116,1,612.78,248,2011-05-12 12:01:00,2011-05-12 12:01:00,212,0,1,At Risk / Lapsed
16117,1,232.21,130,2011-06-03 11:42:00,2011-06-03 11:42:00,190,0,1,At Risk / Lapsed
16119,2,423.36,240,2011-09-28 10:15:00,2011-12-01 15:11:00,8,64,3,New / Low Engagement
16120,4,1309.14,878,2011-10-11 14:10:00,2011-10-11 14:22:00,59,0,2,Loyal Mid-Value
16121,2,854.66,576,2011-05-08 11:52:00,2011-10-13 12:59:00,57,158,2,Loyal Mid-Value
16122,4,684.42,1128,2010-12-08 11:41:00,2011-09-27 15:34:00,73,293,2,Loyal Mid-Value
16123,1,307.78,170,2011-10-19 09:18:00,2011-10-19 09:18:00,52,0,1,At Risk / Lapsed
16124,1,249.0,48,2011-01-26 14:45:00,2011-01-26 14:45:00,317,0,1,At Risk / Lapsed
16125,1,289.35,124,2010-12-07 15:48:00,2010-12-07 15:48:00,367,0,1,At Risk / Lapsed
16126,4,6287.77,2125,2011-02-16 11:18:00,2011-11-10 16:03:00,29,267,2,Loyal Mid-Value
16127,1,656.25,323,2011-10-31 13:58:00,2011-10-31 13:58:00,39,0,3,New / Low Engagement
16128,5,1880.22,988,2011-03-02 12:21:00,2011-11-22 11:14:00,18,264,2,Loyal Mid-Value
16131,6,3506.54,1802,2011-04-14 08:32:00,2011-10-19 11:53:00,52,188,2,Loyal Mid-Value
16133,33,14589.04,8887,2011-01-25 15:55:00,2011-12-06 11:24:00,4,314,0,Champions
16134,2,618.09,371,2010-12-15 14:00:00,2011-11-18 10:05:00,22,337,3,New / Low Engagement
16135,1,517.55,209,2011-03-22 12:30:00,2011-03-22 12:30:00,263,0,1,At Risk / Lapsed
16136,3,709.38,440,2011-03-07 09:52:00,2011-10-11 09:10:00,60,217,2,Loyal Mid-Value
16139,3,635.4100000000001,330,2011-05-17 10:23:00,2011-11-21 08:37:00,19,187,3,New / Low Engagement
16140,2,725.1800000000001,730,2010-12-03 14:40:00,2011-10-05 12:15:00,66,305,2,Loyal Mid-Value
16141,1,620.4,238,2011-09-12 13:11:00,2011-09-12 13:11:00,88,0,1,At Risk / Lapsed
16142,1,535.34,422,2011-04-04 10:16:00,2011-04-04 10:16:00,250,0,1,At Risk / Lapsed
16143,6,2424.94,919,2010-12-05 15:18:00,2011-12-06 14:13:00,3,365,0,Champions
16144,1,175.2,16,2011-04-07 10:09:00,2011-04-07 10:09:00,247,0,1,At Risk / Lapsed
16145,11,3799.4900000000002,3123,2010-12-15 09:09:00,2011-12-01 10:33:00,9,351,0,Champions
16146,3,734.13,427,2011-04-21 15:25:00,2011-07-05 14:20:00,157,74,2,Loyal Mid-Value
16147,1,375.0,246,2011-07-29 09:57:00,2011-07-29 09:57:00,134,0,1,At Risk / Lapsed
16148,1,76.32000000000001,72,2011-02-16 14:01:00,2011-02-16 14:01:00,296,0,1,At Risk / Lapsed
16149,2,280.52,308,2011-07-20 14:54:00,2011-12-05 11:29:00,5,137,3,New / Low Engagement
16150,5,2053.02,1047,2010-12-02 18:27:00,2011-10-28 12:39:00,43,329,2,Loyal Mid-Value
16152,1,1829.04,642,2011-03-16 09:47:00,2011-03-16 09:47:00,269,0,1,At Risk / Lapsed
16153,5,1824.23,1073,2010-12-20 09:22:00,2011-10-21 10:50:00,50,305,2,Loyal Mid-Value
16156,9,3092.04,1273,2011-02-02 12:02:00,2011-12-01 12:42:00,9,302,0,Champions
16157,3,656.69,347,2011-09-28 11:48:00,2011-11-24 11:41:00,16,56,3,New / Low Engagement
16159,1,348.2,236,2011-03-03 12:27:00,2011-03-03 12:27:00,282,0,1,At Risk / Lapsed
16160,2,1025.44,1162,2011-09-15 10:53:00,2011-10-05 14:19:00,65,20,2,Loyal Mid-Value
16161,19,5533.67,2583,2010-12-06 10:03:00,2011-12-08 12:10:00,2,367,0,Champions
16162,1,37.4,4,2011-04-01 15:03:00,2011-04-01 15:03:00,252,0,1,At Risk / Lapsed
16163,2,856.6,192,2010-12-09 16:28:00,2011-04-21 15:15:00,232,132,1,At Risk / Lapsed
16164,3,822.48,433,2011-10-28 09:12:00,2011-11-22 15:04:00,17,25,3,New / Low Engagement
16168,27,3787.6,1892,2010-12-05 11:38:00,2011-11-29 12:45:00,11,359,0,Champions
16169,4,1822.97,1325,2011-09-25 11:33:00,2011-12-01 15:28:00,8,67,2,Loyal Mid-Value
16170,6,1885.05,1770,2011-04-05 13:42:00,2011-10-20 08:21:00,51,197,2,Loyal Mid-Value
16171,1,73.19999999999999,24,2011-10-11 14:51:00,2011-10-11 14:51:00,59,0,1,At Risk / Lapsed
16172,5,1140.21,787,2011-04-12 12:02:00,2011-09-05 13:22:00,95,146,2,Loyal Mid-Value
16173,6,1418.32,575,2011-09-02 15:23:00,2011-11-24 10:53:00,16,82,2,Loyal Mid-Value
16174,3,1009.55,651,2011-07-11 09:23:00,2011-08-05 13:26:00,126,25,2,Loyal Mid-Value
16175,4,1037.5900000000001,533,2011-04-13 14:38:00,2011-09-06 14:32:00,94,145,2,Loyal Mid-Value
16177,1,331.95,95,2011-10-20 12:57:00,2011-10-20 12:57:00,50,0,1,At Risk / Lapsed
16178,1,197.9,94,2011-07-24 16:05:00,2011-07-24 16:05:00,138,0,1,At Risk / Lapsed
16179,1,215.83,99,2011-10-10 09:41:00,2011-10-10 09:41:00,61,0,1,At Risk / Lapsed
16180,8,10254.18,5867,2011-04-01 10:23:00,2011-08-31 16:28:00,100,152,2,Loyal Mid-Value
16181,1,305.54,152,2011-09-27 13:38:00,2011-09-27 13:38:00,73,0,1,At Risk / Lapsed
16182,4,6617.65,3791,2011-02-18 10:11:00,2011-09-28 13:23:00,72,222,2,Loyal Mid-Value
16183,1,338.71,113,2011-10-03 14:59:00,2011-10-03 14:59:00,67,0,1,At Risk / Lapsed
16184,6,1158.79,561,2011-05-12 13:33:00,2011-10-06 17:43:00,64,147,2,Loyal Mid-Value
16185,2,529.41,260,2011-04-21 11:59:00,2011-11-23 09:41:00,17,215,3,New / Low Engagement
16186,12,4006.94,3020,2010-12-02 14:40:00,2011-11-17 12:43:00,23,349,0,Champions
16187,15,6911.4400000000005,5048,2011-02-28 13:34:00,2011-11-08 09:50:00,32,252,0,Champions
16188,4,981.86,782,2011-04-11 09:44:00,2011-10-26 12:19:00,45,198,2,Loyal Mid-Value
16189,2,215.48,134,2011-09-15 15:21:00,2011-11-24 11:47:00,16,69,3,New / Low Engagement
16190,1,215.07999999999998,88,2011-10-30 15:59:00,2011-10-30 15:59:00,40,0,1,At Risk / Lapsed
16191,13,5180.52,3351,2010-12-14 12:38:00,2011-12-07 11:26:00,3,357,0,Champions
16193,1,314.45,219,2011-04-17 11:45:00,2011-04-17 11:45:00,237,0,1,At Risk / Lapsed
16198,1,400.68,128,2011-09-25 14:58:00,2011-09-25 14:58:00,75,0,1,At Risk / Lapsed
16200,2,1068.8700000000001,516,2011-06-28 15:47:00,2011-12-05 14:40:00,4,159,3,New / Low Engagement
16201,4,1863.47,1286,2011-08-22 10:47:00,2011-12-06 16:02:00,3,106,0,Champions
16202,1,365.27,191,2010-12-14 10:43:00,2010-12-14 10:43:00,361,0,1,At Risk / Lapsed
16203,4,592.9,262,2010-12-02 15:39:00,2011-10-12 12:31:00,59,313,2,Loyal Mid-Value
16204,1,384.18,218,2011-11-16 13:40:00,2011-11-16 13:40:00,23,0,3,New / Low Engagement
16205,4,751.03,512,2011-06-13 11:33:00,2011-11-09 09:32:00,31,148,2,Loyal Mid-Value
16206,4,537.0600000000001,272,2011-01-16 11:07:00,2011-10-16 10:41:00,55,272,2,Loyal Mid-Value
16207,1,394.38,140,2011-11-14 13:51:00,2011-11-14 13:51:00,25,0,3,New / Low Engagement
16208,2,664.26,333,2011-02-23 13:37:00,2011-10-26 11:36:00,45,244,3,New / Low Engagement
16209,5,2262.62,1179,2011-04-07 12:23:00,2011-09-12 11:58:00,89,157,2,Loyal Mid-Value
16210,17,21076.3,7558,2010-12-01 12:27:00,2011-12-08 12:36:00,2,372,0,Champions
16211,1,547.02,154,2011-09-12 12:11:00,2011-09-12 12:11:00,89,0,1,At Risk / Lapsed
16212,2,690.34,244,2011-03-01 12:51:00,2011-11-20 13:00:00,19,264,3,New / Low Engagement
16213,1,159.0,48,2011-09-22 10:03:00,2011-09-22 10:03:00,79,0,1,At Risk / Lapsed
16214,3,1062.75,420,2011-03-15 13:23:00,2011-06-22 11:30:00,171,98,2,Loyal Mid-Value
16215,1,242.35,104,2011-09-20 10:18:00,2011-09-20 10:18:00,81,0,1,At Risk / Lapsed
16216,1,914.9300000000001,254,2011-03-17 15:34:00,2011-03-17 15:34:00,267,0,1,At Risk / Lapsed
16217,2,304.25,91,2011-03-02 15:28:00,2011-04-18 13:31:00,235,46,1,At Risk / Lapsed
16218,7,3084.68,2088,2010-12-01 11:29:00,2011-11-10 09:59:00,30,343,2,Loyal Mid-Value
16221,3,860.86,714,2010-12-07 13:13:00,2011-11-03 11:43:00,37,330,2,Loyal Mid-Value
16222,1,773.55,325,2011-01-25 13:38:00,2011-01-25 13:38:00,318,0,1,At Risk / Lapsed
16224,4,1295.3,1116,2011-04-04 12:00:00,2011-10-13 17:51:00,57,192,2,Loyal Mid-Value
16225,5,1096.32,493,2011-03-07 12:17:00,2011-10-26 08:30:00,45,232,2,Loyal Mid-Value
16226,3,255.12,192,2011-04-18 12:58:00,2011-05-20 14:41:00,203,32,1,At Risk / Lapsed
16227,1,314.22,90,2011-04-28 13:33:00,2011-04-28 13:33:00,225,0,1,At Risk / Lapsed
16229,2,1010.6,318,2011-05-11 10:18:00,2011-09-13 17:16:00,87,125,2,Loyal Mid-Value
16230,2,542.03,365,2011-05-03 15:12:00,2011-06-03 10:06:00,190,30,1,At Risk / Lapsed
16232,4,990.88,550,2011-05-08 14:05:00,2011-10-27 12:16:00,44,171,2,Loyal Mid-Value
16233,3,536.6800000000001,174,2010-12-08 12:51:00,2011-09-29 17:27:00,71,295,2,Loyal Mid-Value
16235,4,857.3100000000001,329,2011-01-11 15:42:00,2011-10-30 10:56:00,41,291,2,Loyal Mid-Value
16236,1,432.2,184,2011-09-22 14:10:00,2011-09-22 14:10:00,78,0,1,At Risk / Lapsed
16239,2,414.2,228,2011-06-03 09:30:00,2011-10-14 08:29:00,57,132,1,At Risk / Lapsed
16240,2,3718.8,1641,2011-09-23 13:44:00,2011-11-15 14:30:00,24,53,2,Loyal Mid-Value
16241,13,2590.31,1443,2010-12-05 11:04:00,2011-11-30 11:08:00,10,360,0,Champions
16242,7,3579.86,1969,2011-03-07 17:04:00,2011-12-01 15:12:00,8,268,0,Champions
16243,2,409.1,110,2011-10-16 12:09:00,2011-11-06 12:32:00,34,21,3,New / Low Engagement
16244,2,1522.75,855,2010-12-02 11:41:00,2011-05-12 10:18:00,212,160,2,Loyal Mid-Value
16245,3,1413.66,1014,2011-03-28 09:30:00,2011-11-16 10:14:00,24,233,2,Loyal Mid-Value
16247,1,114.56,182,2011-06-22 14:23:00,2011-06-22 14:23:00,170,0,1,At Risk / Lapsed
16248,1,152.94,78,2011-10-09 11:32:00,2011-10-09 11:32:00,62,0,1,At Risk / Lapsed
16249,5,1800.0700000000002,950,2011-04-14 13:50:00,2011-10-18 10:07:00,53,186,2,Loyal Mid-Value
16250,2,389.44,208,2010-12-01 09:59:00,2011-03-23 15:07:00,261,112,1,At Risk / Lapsed
16253,2,3683.86,3233,2011-03-29 13:33:00,2011-10-04 09:09:00,67,188,2,Loyal Mid-Value
16255,8,2619.91,1767,2010-12-09 14:25:00,2011-11-23 12:40:00,17,348,0,Champions
16256,1,752.4300000000001,581,2011-03-18 12:18:00,2011-03-18 12:18:00,267,0,1,At Risk / Lapsed
16257,1,21.95,1,2011-06-16 10:11:00,2011-06-16 10:11:00,177,0,1,At Risk / Lapsed
16258,5,5203.51,2994,2011-05-04 14:33:00,2011-10-25 13:30:00,45,173,2,Loyal Mid-Value
16260,1,1035.45,311,2011-10-20 09:40:00,2011-10-20 09:40:00,51,0,3,New / Low Engagement
16261,4,728.54,301,2011-04-07 19:05:00,2011-11-22 17:23:00,17,228,3,New / Low Engagement
16265,9,5347.0,2644,2010-12-10 10:21:00,2011-11-30 16:41:00,9,355,0,Champions
16266,7,861.89,398,2011-05-17 14:50:00,2011-09-27 12:08:00,74,132,2,Loyal Mid-Value
16268,2,617.65,532,2011-09-29 18:30:00,2011-09-29 18:30:00,71,0,1,At Risk / Lapsed
16270,1,1141.24,688,2010-12-21 14:26:00,2010-12-21 14:26:00,353,0,1,At Risk / Lapsed
16271,4,1389.64,1023,2010-12-16 16:36:00,2011-11-24 12:12:00,16,342,2,Loyal Mid-Value
16272,1,411.7,224,2011-08-15 10:53:00,2011-08-15 10:54:00,117,0,1,At Risk / Lapsed
16274,1,331.55,151,2010-12-01 15:35:00,2010-12-01 15:35:00,373,0,1,At Risk / Lapsed
16275,1,559.87,336,2011-05-27 12:41:00,2011-05-27 12:41:00,197,0,1,At Risk / Lapsed
16276,1,810.6,420,2011-06-16 09:34:00,2011-06-16 09:34:00,177,0,1,At Risk / Lapsed
16278,1,566.38,114,2011-08-31 17:12:00,2011-08-31 17:12:00,100,0,1,At Risk / Lapsed
16279,3,1502.78,1046,2011-06-16 11:50:00,2011-11-18 15:00:00,21,155,2,Loyal Mid-Value
16281,1,2062.06,934,2011-09-28 14:57:00,2011-09-28 14:57:00,72,0,2,Loyal Mid-Value
16282,1,168.3,114,2011-01-04 11:42:00,2011-01-04 11:42:00,340,0,1,At Risk / Lapsed
16283,5,1569.11,1234,2011-05-15 13:37:00,2011-12-04 12:08:00,6,202,0,Champions
16284,2,812.68,535,2011-10-20 13:54:00,2011-11-08 16:12:00,31,19,3,New / Low Engagement
16287,1,142.5,298,2011-06-23 09:08:00,2011-06-23 09:08:00,170,0,1,At Risk / Lapsed
16292,1,302.25,191,2011-08-10 12:24:00,2011-08-10 12:24:00,122,0,1,At Risk / Lapsed
16293,10,2248.9900000000002,982,2010-12-07 15:02:00,2011-11-18 09:58:00,22,345,0,Champions
16295,4,1328.55,841,2011-10-06 10:45:00,2011-11-30 08:17:00,10,54,2,Loyal Mid-Value
16297,1,301.9,206,2011-03-16 08:29:00,2011-03-16 08:29:00,269,0,1,At Risk / Lapsed
16298,3,598.2,198,2011-06-06 10:06:00,2011-11-17 11:59:00,23,164,3,New / Low Engagement
16302,1,233.22,158,2011-08-05 09:44:00,2011-08-05 09:44:00,127,0,1,At Risk / Lapsed
16303,3,5360.63,2659,2011-01-10 14:16:00,2011-11-14 10:49:00,26,307,2,Loyal Mid-Value
16305,1,361.22,256,2011-07-24 12:18:00,2011-07-24 12:18:00,139,0,1,At Risk / Lapsed
16306,6,632.27,487,2010-12-07 15:18:00,2011-05-10 12:12:00,214,153,2,Loyal Mid-Value
16308,4,2560.0,8000,2011-03-23 14:46:00,2011-11-02 11:24:00,38,223,2,Loyal Mid-Value
16309,2,706.57,467,2011-04-13 11:46:00,2011-08-25 15:35:00,106,134,1,At Risk / Lapsed
16311,2,616.26,394,2011-10-21 13:13:00,2011-11-22 08:54:00,18,31,3,New / Low Engagement
16313,2,274.15000000000003,165,2011-10-21 09:04:00,2011-12-06 13:02:00,3,46,3,New / Low Engagement
16315,1,226.37,75,2011-01-13 11:57:00,2011-01-13 11:57:00,331,0,1,At Risk / Lapsed
16316,8,2938.91,1484,2010-12-16 14:26:00,2011-10-06 13:48:00,64,293,2,Loyal Mid-Value
16317,3,1341.65,890,2011-02-15 14:30:00,2011-08-12 12:46:00,120,177,2,Loyal Mid-Value
16318,1,328.15,199,2011-11-04 13:05:00,2011-11-04 13:05:00,35,0,3,New / Low Engagement
16319,1,404.40000000000003,72,2011-05-06 11:27:00,2011-05-06 11:27:00,218,0,1,At Risk / Lapsed
16320,2,1038.46,732,2011-05-10 15:31:00,2011-06-20 15:25:00,172,40,1,At Risk / Lapsed
16321,5,373.65000000000003,135,2011-01-20 12:11:00,2011-09-28 14:55:00,72,251,2,Loyal Mid-Value
16322,2,326.75,231,2011-11-03 14:33:00,2011-12-08 15:41:00,1,35,3,New / Low Engagement
16323,1,207.50000000000003,50,2011-05-27 14:48:00,2011-05-27 14:48:00,196,0,1,At Risk / Lapsed
16324,3,408.59,270,2011-06-15 14:26:00,2011-08-03 12:58:00,128,48,1,At Risk / Lapsed
16325,3,594.24,194,2011-04-08 09:20:00,2011-10-24 08:48:00,47,198,2,Loyal Mid-Value
16326,14,3039.2200000000003,682,2011-01-09 12:01:00,2011-12-04 10:11:00,6,328,0,Champions
16327,6,3789.67,2524,2010-12-05 12:43:00,2011-11-25 13:23:00,14,355,0,Champions
16330,3,251.91,147,2011-08-19 17:08:00,2011-11-22 12:24:00,18,94,3,New / Low Engagement
16332,7,1582.8,797,2011-02-07 14:16:00,2011-11-11 14:22:00,28,277,2,Loyal Mid-Value
16333,22,26626.8,32184,2011-02-03 10:50:00,2011-12-02 12:19:00,8,302,0,Champions
16337,1,151.05,87,2011-11-03 10:03:00,2011-11-03 10:03:00,37,0,1,At Risk / Lapsed
16338,1,214.8,94,2011-07-05 13:56:00,2011-07-05 13:56:00,157,0,1,At Risk / Lapsed
16339,1,94.05,21,2011-02-28 13:41:00,2011-02-28 13:41:00,284,0,1,At Risk / Lapsed
16340,1,534.31,486,2011-08-24 14:53:00,2011-08-24 14:53:00,107,0,1,At Risk / Lapsed
16341,4,1971.8700000000001,1398,2011-05-22 13:20:00,2011-11-15 09:12:00,25,176,2,Loyal Mid-Value
16342,4,322.41,157,2011-06-13 10:10:00,2011-09-25 14:36:00,75,104,2,Loyal Mid-Value
16343,2,328.58,175,2011-11-23 17:43:00,2011-11-23 17:45:00,16,0,3,New / Low Engagement
16344,1,101.10000000000001,18,2011-07-04 15:50:00,2011-07-04 15:50:00,158,0,1,At Risk / Lapsed
16345,1,565.46,288,2011-10-26 16:03:00,2011-10-26 16:03:00,44,0,3,New / Low Engagement
16347,2,847.45,341,2011-11-03 13:01:00,2011-11-28 13:14:00,11,25,3,New / Low Engagement
16348,7,1413.31,799,2011-04-13 15:49:00,2011-11-07 15:44:00,32,207,2,Loyal Mid-Value
16349,1,53.5,9,2011-02-22 12:40:00,2011-02-22 12:40:00,291,0,1,At Risk / Lapsed
16350,4,1116.47,545,2011-01-10 09:44:00,2011-11-18 15:53:00,21,312,2,Loyal Mid-Value
16351,1,153.9,90,2011-01-11 10:26:00,2011-01-11 10:26:00,333,0,1,At Risk / Lapsed
16352,2,494.44,300,2011-11-02 08:44:00,2011-11-22 10:32:00,18,20,3,New / Low Engagement
16353,23,6675.71,2006,2010-12-05 12:09:00,2011-12-06 12:23:00,4,366,0,Champions
16354,2,395.8,150,2011-09-27 16:28:00,2011-10-07 14:28:00,63,9,1,At Risk / Lapsed
16356,3,211.77,93,2011-03-07 12:31:00,2011-05-26 11:51:00,198,79,1,At Risk / Lapsed
16357,3,658.88,246,2011-05-10 10:35:00,2011-11-06 16:04:00,33,180,2,Loyal Mid-Value
16358,4,2027.5,1302,2011-06-08 15:05:00,2011-12-08 15:09:00,1,183,0,Champions
16359,9,1750.92,1183,2011-01-12 10:49:00,2011-12-02 17:04:00,7,324,0,Champions
16360,6,3450.41,2110,2011-09-12 13:50:00,2011-12-05 12:16:00,5,83,0,Champions
16361,4,891.21,418,2011-09-29 13:13:00,2011-11-30 12:32:00,10,61,3,New / Low Engagement
16362,5,709.99,340,2011-09-09 14:47:00,2011-11-07 13:01:00,32,58,2,Loyal Mid-Value
16363,1,109.36000000000001,52,2011-10-17 14:14:00,2011-10-17 14:14:00,53,0,1,At Risk / Lapsed
16364,2,705.79,279,2011-07-25 14:35:00,2011-11-28 11:27:00,12,125,3,New / Low Engagement
16365,9,1540.42,504,2010-12-07 17:19:00,2011-11-22 11:24:00,18,349,0,Champions
16366,1,327.3,256,2011-11-21 08:19:00,2011-11-21 08:19:00,19,0,3,New / Low Engagement
16367,2,800.67,643,2010-12-12 12:01:00,2011-11-02 13:13:00,37,325,3,New / Low Engagement
16368,2,479.91,251,2011-11-11 15:08:00,2011-12-07 13:12:00,2,25,3,New / Low Engagement
16369,3,1543.33,1026,2011-05-27 09:39:00,2011-11-21 16:25:00,18,178,2,Loyal Mid-Value
16370,4,1301.91,640,2011-04-28 16:40:00,2011-09-18 15:55:00,82,142,2,Loyal Mid-Value
16372,2,355.73,158,2011-11-06 12:50:00,2011-11-06 13:08:00,33,0,3,New / Low Engagement
16374,2,458.78000000000003,236,2011-03-22 13:46:00,2011-10-04 15:21:00,66,196,1,At Risk / Lapsed
16376,2,974.96,691,2011-11-22 16:47:00,2011-12-01 11:38:00,9,8,3,New / Low Engagement
16377,1,676.2,1500,2011-03-17 15:41:00,2011-03-17 15:41:00,267,0,1,At Risk / Lapsed
16378,3,362.95,267,2011-02-02 12:42:00,2011-04-06 15:07:00,247,63,1,At Risk / Lapsed
16379,4,2157.4,1410,2011-09-22 09:33:00,2011-12-05 15:38:00,4,74,0,Champions
16380,1,1743.15,1428,2011-10-09 15:40:00,2011-10-09 15:40:00,61,0,2,Loyal Mid-Value
16383,2,643.76,467,2011-03-16 13:00:00,2011-09-26 12:45:00,75,193,1,At Risk / Lapsed
16384,2,584.5,260,2011-03-21 10:13:00,2011-09-11 11:19:00,90,174,1,At Risk / Lapsed
16385,3,554.86,258,2010-12-08 12:56:00,2011-10-10 13:12:00,60,306,2,Loyal Mid-Value
16386,2,302.57,205,2011-03-31 12:19:00,2011-11-11 12:28:00,29,225,3,New / Low Engagement
16387,1,94.36,44,2011-01-21 11:34:00,2011-01-21 11:34:00,323,0,1,At Risk / Lapsed
16389,4,1382.07,1242,2011-03-01 15:47:00,2011-10-17 14:41:00,53,229,2,Loyal Mid-Value
16392,1,217.89000000000001,201,2011-03-15 12:11:00,2011-03-15 12:11:00,270,0,1,At Risk / Lapsed
16393,13,3040.96,1573,2010-12-05 13:10:00,2011-12-07 12:51:00,2,366,0,Champions
16394,5,1555.34,2604,2011-02-23 10:58:00,2011-10-14 09:48:00,57,232,2,Loyal Mid-Value
16395,5,1482.06,1472,2011-01-13 12:10:00,2011-10-10 12:50:00,61,270,2,Loyal Mid-Value
16398,2,1705.8,758,2011-03-31 09:38:00,2011-07-08 15:16:00,154,99,2,Loyal Mid-Value
16399,2,406.22,245,2011-04-18 13:46:00,2011-11-20 16:12:00,19,216,3,New / Low Engagement
16400,1,303.93,172,2011-09-06 12:27:00,2011-09-06 12:27:00,95,0,1,At Risk / Lapsed
16401,12,4098.32,3882,2011-01-16 10:56:00,2011-12-08 18:15:00,1,326,0,Champions
16402,2,293.45,146,2010-12-05 13:42:00,2011-03-20 12:25:00,265,104,1,At Risk / Lapsed
16403,1,177.5,114,2011-01-31 13:39:00,2011-01-31 13:39:00,312,0,1,At Risk / Lapsed
16404,1,443.05,157,2011-09-30 14:55:00,2011-09-30 14:55:00,70,0,1,At Risk / Lapsed
16405,2,167.25,187,2011-02-02 17:08:00,2011-02-10 15:24:00,302,7,1,At Risk / Lapsed
16406,1,154.35,116,2011-11-21 11:57:00,2011-11-21 11:57:00,19,0,3,New / Low Engagement
16407,10,2079.68,1093,2011-01-31 14:02:00,2011-11-27 11:05:00,13,299,0,Champions
16409,5,2022.98,1304,2011-01-26 14:51:00,2011-11-03 16:45:00,36,281,2,Loyal Mid-Value
16411,2,211.70000000000002,131,2010-12-05 13:26:00,2011-11-20 13:23:00,19,349,3,New / Low Engagement
16412,1,135.99,63,2011-10-17 12:35:00,2011-10-17 12:35:00,54,0,1,At Risk / Lapsed
16413,1,262.2,148,2011-10-14 12:08:00,2011-10-14 12:08:00,57,0,1,At Risk / Lapsed
16414,2,126.25,27,2011-03-04 13:27:00,2011-11-18 09:42:00,22,258,3,New / Low Engagement
16415,1,200.27,178,2011-10-26 13:35:00,2011-10-26 13:35:00,44,0,1,At Risk / Lapsed
16416,3,1051.4,672,2011-10-14 13:35:00,2011-11-13 12:50:00,27,29,2,Loyal Mid-Value
16418,3,631.12,280,2011-04-27 16:54:00,2011-10-26 12:39:00,45,181,2,Loyal Mid-Value
16419,6,958.71,428,2011-02-01 12:25:00,2011-08-19 12:33:00,113,199,2,Loyal Mid-Value
16422,51,34684.4,33704,2010-12-05 15:35:00,2011-11-22 14:00:00,17,351,0,Champions
16423,1,346.12,230,2011-11-15 09:21:00,2011-11-15 09:21:00,25,0,3,New / Low Engagement
16424,1,133.56,88,2011-06-01 13:40:00,2011-06-01 13:40:00,191,0,1,At Risk / Lapsed
16425,1,302.7,199,2011-02-10 14:30:00,2011-02-10 14:30:00,302,0,1,At Risk / Lapsed
16426,10,1863.76,1215,2011-03-08 15:45:00,2011-12-07 14:01:00,2,273,0,Champions
16427,2,241.06,156,2011-02-28 15:18:00,2011-03-21 17:10:00,263,21,1,At Risk / Lapsed
16429,1,284.55,9,2011-08-25 13:54:00,2011-08-25 13:54:00,106,0,1,At Risk / Lapsed
16430,1,300.85,103,2011-10-13 14:47:00,2011-10-13 14:47:00,57,0,1,At Risk / Lapsed
16431,3,623.28,442,2011-02-15 14:02:00,2011-05-10 14:09:00,213,84,1,At Risk / Lapsed
16432,1,287.4,276,2011-10-06 13:59:00,2011-10-06 13:59:00,64,0,1,At Risk / Lapsed
16433,1,184.26,106,2011-11-11 14:09:00,2011-11-11 14:09:00,28,0,3,New / Low Engagement
16434,7,1511.8,760,2011-02-13 12:17:00,2011-11-10 14:28:00,29,270,2,Loyal Mid-Value
16438,5,798.35,463,2011-09-18 13:31:00,2011-12-04 10:51:00,6,76,3,New / Low Engagement
16440,5,3640.67,2018,2011-05-09 12:25:00,2011-12-02 12:02:00,8,206,0,Champions
16441,2,381.2,173,2011-02-21 17:35:00,2011-10-03 17:48:00,67,224,1,At Risk / Lapsed
16442,3,609.3,443,2010-12-14 10:46:00,2011-12-08 11:43:00,2,359,3,New / Low Engagement
16444,4,654.67,407,2011-03-20 12:14:00,2011-10-24 13:50:00,46,218,2,Loyal Mid-Value
16445,1,230.51,111,2011-11-06 12:32:00,2011-11-06 12:32:00,34,0,3,New / Low Engagement
16446,2,168472.5,80997,2011-05-18 09:52:00,2011-12-09 09:15:00,1,204,0,Champions
16447,1,255.91,221,2011-07-27 12:45:00,2011-07-27 12:45:00,136,0,1,At Risk / Lapsed
16448,1,182.99,76,2011-05-25 16:28:00,2011-05-25 16:28:00,198,0,1,At Risk / Lapsed
16449,2,707.69,367,2011-03-04 12:15:00,2011-05-26 10:25:00,198,82,1,At Risk / Lapsed
16450,1,311.92,200,2011-07-13 11:47:00,2011-07-13 11:47:00,150,0,1,At Risk / Lapsed
16451,1,266.96999999999997,120,2011-09-13 09:17:00,2011-09-13 09:17:00,88,0,1,At Risk / Lapsed
16454,1,5.9,2,2011-10-06 16:57:00,2011-10-06 16:57:00,64,0,1,At Risk / Lapsed
16455,7,1841.18,988,2010-12-03 16:44:00,2011-10-07 12:17:00,64,307,2,Loyal Mid-Value
16456,5,2158.18,1147,2010-12-01 14:11:00,2011-09-01 13:50:00,99,273,2,Loyal Mid-Value
16457,1,208.36,140,2011-05-05 13:19:00,2011-05-05 13:19:00,218,0,1,At Risk / Lapsed
16458,18,3482.7400000000002,2154,2010-12-14 11:51:00,2011-12-07 09:34:00,3,357,0,Champions
16460,3,811.23,876,2011-09-19 10:15:00,2011-11-11 13:46:00,28,53,2,Loyal Mid-Value
16461,1,142.92,48,2011-06-15 12:07:00,2011-06-15 12:07:00,178,0,1,At Risk / Lapsed
16462,3,136.0,16,2011-03-01 08:58:00,2011-09-27 10:24:00,74,210,1,At Risk / Lapsed
16463,4,1422.4,1163,2011-05-19 14:45:00,2011-11-18 14:01:00,21,182,2,Loyal Mid-Value
16464,3,1298.66,952,2011-07-20 13:53:00,2011-11-20 12:11:00,20,122,2,Loyal Mid-Value
16466,7,1595.96,785,2011-02-20 11:39:00,2011-11-06 11:35:00,34,258,2,Loyal Mid-Value
16468,1,74.9,31,2011-09-26 14:13:00,2011-09-26 14:13:00,74,0,1,At Risk / Lapsed
16469,4,625.42,260,2011-04-07 13:11:00,2011-11-16 12:25:00,24,222,2,Loyal Mid-Value
16470,4,752.77,522,2010-12-16 11:53:00,2011-10-19 12:11:00,52,307,2,Loyal Mid-Value
16471,1,223.95000000000002,141,2011-03-10 09:41:00,2011-03-10 09:41:00,275,0,1,At Risk / Lapsed
16473,3,316.11,196,2011-01-07 10:55:00,2011-06-28 09:10:00,165,171,1,At Risk / Lapsed
16474,7,1810.49,907,2011-07-17 14:51:00,2011-12-02 13:02:00,7,137,0,Champions
16475,4,544.3,319,2011-03-11 09:39:00,2011-09-12 14:37:00,88,185,2,Loyal Mid-Value
16477,7,2494.46,1415,2010-12-03 12:48:00,2011-10-07 09:44:00,64,307,2,Loyal Mid-Value
16478,3,331.0,224,2011-10-05 12:02:00,2011-11-14 15:51:00,25,40,3,New / Low Engagement
16479,2,300.83,102,2011-11-29 13:04:00,2011-11-29 13:40:00,10,0,3,New / Low Engagement
16480,1,769.29,455,2011-09-25 11:40:00,2011-09-25 11:40:00,76,0,1,At Risk / Lapsed
16482,1,220.62,346,2011-11-24 12:33:00,2011-11-24 12:33:00,16,0,3,New / Low Engagement
16483,1,139.35,44,2011-05-31 13:08:00,2011-05-31 13:08:00,192,0,1,At Risk / Lapsed
16484,2,404.3,200,2011-06-02 10:39:00,2011-06-19 12:06:00,174,17,1,At Risk / Lapsed
16485,1,363.65,235,2011-09-23 15:50:00,2011-09-23 15:50:00,77,0,1,At Risk / Lapsed
16488,3,498.8,728,2011-07-14 11:46:00,2011-11-06 13:42:00,33,115,3,New / Low Engagement
16491,1,731.5,478,2011-10-24 10:18:00,2011-10-24 10:18:00,47,0,3,New / Low Engagement
16493,4,1351.63,1164,2011-01-14 08:16:00,2011-09-21 11:10:00,80,250,2,Loyal Mid-Value
16494,1,826.53,675,2011-02-16 12:49:00,2011-02-16 12:49:00,297,0,1,At Risk / Lapsed
16495,3,648.26,328,2011-03-08 16:38:00,2011-12-06 13:20:00,3,272,3,New / Low Engagement
16496,3,1599.52,1111,2011-01-27 09:42:00,2011-12-01 10:31:00,9,308,3,New / Low Engagement
16497,6,2965.69,1396,2011-01-10 13:20:00,2011-10-21 10:55:00,50,283,2,Loyal Mid-Value
16498,2,100.97,45,2011-06-30 19:52:00,2011-07-01 15:07:00,161,0,1,At Risk / Lapsed
16499,2,365.45,127,2010-12-10 10:27:00,2010-12-14 13:31:00,360,4,1,At Risk / Lapsed
16500,6,400.86,123,2011-01-13 10:28:00,2011-12-05 12:04:00,5,326,3,New / Low Engagement
16503,4,1431.93,569,2010-12-14 13:50:00,2011-08-25 11:46:00,107,253,2,Loyal Mid-Value
16504,1,465.88,510,2011-11-14 15:18:00,2011-11-14 15:18:00,25,0,3,New / Low Engagement
16505,1,777.6,576,2011-11-08 12:14:00,2011-11-08 12:14:00,32,0,3,New / Low Engagement
16506,2,90.30000000000001,42,2011-10-30 15:50:00,2011-11-20 12:17:00,20,20,3,New / Low Engagement
16509,1,363.70000000000005,64,2011-02-16 09:25:00,2011-02-16 09:25:00,297,0,1,At Risk / Lapsed
16510,1,248.1,92,2010-12-02 13:39:00,2010-12-02 13:39:00,372,0,1,At Risk / Lapsed
16511,3,916.33,401,2011-03-18 11:24:00,2011-11-18 10:41:00,22,244,2,Loyal Mid-Value
16513,4,874.59,407,2011-10-27 14:56:00,2011-12-05 10:18:00,5,38,3,New / Low Engagement
16515,5,1624.14,826,2011-02-01 13:09:00,2011-10-18 13:10:00,52,259,2,Loyal Mid-Value
16516,1,101.7,58,2011-11-09 14:59:00,2011-11-09 14:59:00,30,0,3,New / Low Engagement
16517,1,162.7,96,2011-03-07 13:50:00,2011-03-07 13:50:00,277,0,1,At Risk / Lapsed
16518,2,484.32,327,2011-02-28 16:36:00,2011-10-09 15:04:00,61,222,1,At Risk / Lapsed
16519,2,212.98,53,2010-12-09 14:08:00,2011-11-14 15:41:00,25,340,3,New / Low Engagement
16520,3,1046.57,558,2010-12-09 13:08:00,2011-06-06 13:24:00,186,179,2,Loyal Mid-Value
16523,21,9418.470000000001,4265,2011-01-28 12:06:00,2011-12-08 09:06:00,2,313,0,Champions
16525,26,13027.45,7397,2010-12-08 11:31:00,2011-12-07 15:07:00,2,364,0,Champions
16526,1,290.36,106,2011-06-21 12:02:00,2011-06-21 12:02:00,172,0,1,At Risk / Lapsed
16527,1,228.06,106,2011-09-19 16:21:00,2011-09-19 16:21:00,81,0,1,At Risk / Lapsed
16528,1,244.41,171,2011-12-06 12:45:00,2011-12-06 12:45:00,4,0,3,New / Low Engagement
16529,1,455.25,198,2011-06-02 17:23:00,2011-06-02 17:23:00,190,0,1,At Risk / Lapsed
16531,7,1244.59,915,2010-12-14 13:19:00,2011-11-17 16:29:00,22,338,2,Loyal Mid-Value
16532,3,6748.8,2016,2011-01-05 12:37:00,2011-11-22 11:08:00,18,320,2,Loyal Mid-Value
16533,3,1082.81,611,2011-10-02 15:07:00,2011-11-20 13:08:00,19,48,2,Loyal Mid-Value
16535,1,593.75,356,2011-12-04 15:18:00,2011-12-04 15:18:00,5,0,3,New / Low Engagement
16536,1,548.12,250,2011-08-21 15:54:00,2011-08-21 15:54:00,110,0,1,At Risk / Lapsed
16539,4,1388.81,477,2010-12-01 15:40:00,2011-12-07 08:41:00,3,370,3,New / Low Engagement
16542,1,119.62,46,2011-10-17 10:47:00,2011-10-17 10:47:00,54,0,1,At Risk / Lapsed
16545,1,339.3,78,2011-06-28 10:37:00,2011-06-28 10:37:00,165,0,1,At Risk / Lapsed
16546,2,787.15,549,2010-12-02 12:07:00,2011-02-22 11:20:00,291,81,1,At Risk / Lapsed
16549,10,4034.9,2294,2011-01-09 14:03:00,2011-11-29 15:06:00,10,324,0,Champions
16550,5,2298.97,1540,2010-12-06 13:53:00,2011-08-23 11:12:00,109,259,2,Loyal Mid-Value
16551,3,922.12,970,2011-01-07 10:24:00,2011-09-05 09:38:00,96,240,2,Loyal Mid-Value
16552,2,379.73,219,2010-12-01 12:36:00,2011-04-11 10:04:00,243,130,1,At Risk / Lapsed
16553,12,5719.82,4600,2010-12-14 13:58:00,2011-06-29 15:42:00,163,197,2,Loyal Mid-Value
16554,3,837.1,402,2011-01-12 12:41:00,2011-10-28 14:51:00,42,289,2,Loyal Mid-Value
16555,2,285.89,175,2011-08-22 12:32:00,2011-11-04 14:31:00,35,74,3,New / Low Engagement
16556,7,3313.79,1890,2010-12-14 13:32:00,2011-10-04 11:36:00,67,293,2,Loyal Mid-Value
16557,2,281.85,111,2011-07-25 13:28:00,2011-11-15 14:04:00,24,113,3,New / Low Engagement
16558,20,8338.49,5377,2010-12-08 12:01:00,2011-12-09 10:20:00,1,365,0,Champions
16560,2,841.41,500,2010-12-16 14:36:00,2011-11-13 10:35:00,27,331,3,New / Low Engagement
16561,2,511.12,244,2011-10-11 09:53:00,2011-12-04 11:50:00,6,54,3,New / Low Engagement
16563,1,1077.74,486,2011-10-17 11:51:00,2011-10-17 11:51:00,54,0,2,Loyal Mid-Value
16565,1,173.7,46,2010-12-10 15:21:00,2010-12-10 15:21:00,364,0,1,At Risk / Lapsed
16566,5,614.66,362,2011-02-20 10:29:00,2011-11-24 16:34:00,15,277,3,New / Low Engagement
16567,2,865.6,996,2011-01-07 09:31:00,2011-05-29 13:57:00,194,142,1,At Risk / Lapsed
16569,1,124.2,93,2011-12-06 15:32:00,2011-12-06 15:32:00,3,0,3,New / Low Engagement
16570,10,3738.4,2112,2011-02-01 10:37:00,2011-11-24 17:02:00,15,296,0,Champions
16571,3,1421.69,1239,2011-03-03 09:41:00,2011-11-13 11:46:00,27,255,2,Loyal Mid-Value
16572,3,1009.6,532,2011-03-09 12:04:00,2011-08-04 16:34:00,127,148,2,Loyal Mid-Value
16573,2,663.61,360,2011-02-22 15:14:00,2011-09-16 09:13:00,85,205,1,At Risk / Lapsed
16574,1,451.44,416,2011-09-29 13:39:00,2011-09-29 13:39:00,71,0,1,At Risk / Lapsed
16581,1,105.84,134,2011-06-10 10:05:00,2011-06-10 10:05:00,183,0,1,At Risk / Lapsed
16582,1,313.62,164,2011-08-18 17:02:00,2011-08-18 17:02:00,113,0,1,At Risk / Lapsed
16583,1,233.45,111,2010-12-01 12:03:00,2010-12-01 12:03:00,374,0,1,At Risk / Lapsed
16584,2,936.08,646,2011-03-30 13:14:00,2011-09-20 13:45:00,80,174,2,Loyal Mid-Value
16586,1,463.95,95,2011-04-05 09:32:00,2011-04-05 09:32:00,249,0,1,At Risk / Lapsed
16587,1,225.15,71,2011-04-21 15:51:00,2011-04-21 15:51:00,232,0,1,At Risk / Lapsed
16589,3,459.24,368,2011-07-01 13:31:00,2011-09-29 14:50:00,71,90,2,Loyal Mid-Value
16591,1,213.5,41,2011-10-02 10:43:00,2011-10-02 10:43:00,69,0,1,At Risk / Lapsed
16592,16,4113.68,2927,2011-02-25 10:19:00,2011-12-05 13:49:00,4,283,0,Champions
16593,3,330.03,116,2011-01-16 12:11:00,2011-10-20 12:41:00,51,277,3,New / Low Engagement
16594,1,181.09,64,2011-09-25 14:08:00,2011-09-25 14:08:00,75,0,1,At Risk / Lapsed
16595,1,360.16,335,2011-10-09 13:15:00,2011-10-09 13:15:00,61,0,1,At Risk / Lapsed
16596,2,250.15,97,2010-12-08 16:18:00,2011-11-24 10:02:00,16,350,3,New / Low Engagement
16597,1,90.04,184,2011-12-05 15:44:00,2011-12-05 15:44:00,4,0,3,New / Low Engagement
16598,1,145.05,73,2011-02-27 11:42:00,2011-02-27 11:42:00,286,0,1,At Risk / Lapsed
16600,6,813.52,1145,2011-01-05 12:13:00,2011-12-05 16:00:00,4,334,3,New / Low Engagement
16601,1,241.53,130,2011-10-30 11:09:00,2011-10-30 11:09:00,41,0,1,At Risk / Lapsed
16602,1,528.08,336,2011-11-03 15:54:00,2011-11-03 15:54:00,36,0,3,New / Low Engagement
16603,2,482.47,480,2011-09-09 13:02:00,2011-09-26 10:06:00,75,16,1,At Risk / Lapsed
16607,14,3347.71,2859,2010-12-16 08:41:00,2011-11-22 10:24:00,18,341,0,Champions
16609,7,5493.46,2420,2011-04-01 10:11:00,2011-11-24 13:32:00,15,237,0,Champions
16610,1,75.66,66,2011-05-04 13:13:00,2011-05-04 13:13:00,219,0,1,At Risk / Lapsed
16611,1,129.49,47,2011-06-06 15:46:00,2011-06-06 15:46:00,186,0,1,At Risk / Lapsed
16612,4,1187.66,506,2011-02-01 10:38:00,2011-11-07 07:38:00,33,278,2,Loyal Mid-Value
16613,1,618.59,293,2011-09-30 15:52:00,2011-09-30 15:52:00,70,0,1,At Risk / Lapsed
16614,1,506.19,223,2011-06-10 11:36:00,2011-06-10 11:36:00,183,0,1,At Risk / Lapsed
16616,2,500.42,370,2011-07-05 13:38:00,2011-11-24 16:31:00,15,142,3,New / Low Engagement
16617,1,151.85,91,2011-04-18 10:35:00,2011-04-18 10:35:00,236,0,1,At Risk / Lapsed
16618,5,2647.59,1363,2011-01-21 11:55:00,2011-11-08 13:52:00,31,291,2,Loyal Mid-Value
16619,1,226.21,133,2011-03-21 08:18:00,2011-03-21 08:18:00,264,0,1,At Risk / Lapsed
16620,2,178.96,88,2011-03-24 10:37:00,2011-12-06 12:19:00,4,257,3,New / Low Engagement
16621,4,813.48,302,2011-03-07 11:32:00,2011-10-19 11:38:00,52,226,2,Loyal Mid-Value
16623,1,129.45000000000002,39,2011-04-08 10:09:00,2011-04-08 10:09:00,246,0,1,At Risk / Lapsed
16624,2,810.57,488,2011-05-26 14:20:00,2011-09-20 12:39:00,81,116,2,Loyal Mid-Value
16625,1,333.08,164,2011-03-10 12:50:00,2011-03-10 12:50:00,275,0,1,At Risk / Lapsed
16626,17,4413.1,2690,2011-03-18 12:27:00,2011-12-09 11:56:00,1,265,0,Champions
16627,1,322.8,162,2011-09-21 14:38:00,2011-09-21 14:38:00,79,0,1,At Risk / Lapsed
16628,5,2188.05,1205,2011-04-19 08:55:00,2011-11-10 12:45:00,30,205,2,Loyal Mid-Value
16629,2,408.63,489,2011-09-04 16:12:00,2011-09-27 10:34:00,74,22,1,At Risk / Lapsed
16633,6,2883.1,1138,2011-04-19 14:36:00,2011-11-22 13:41:00,17,216,0,Champions
16634,2,217.9,82,2010-12-02 17:41:00,2011-05-01 12:09:00,223,149,1,At Risk / Lapsed
16637,4,1154.47,927,2011-04-28 10:20:00,2011-11-07 13:17:00,32,193,2,Loyal Mid-Value
16638,10,1680.72,1255,2010-12-06 10:19:00,2011-11-17 11:09:00,23,346,0,Champions
16639,3,1257.51,510,2011-04-18 09:31:00,2011-11-08 13:20:00,31,204,2,Loyal Mid-Value
16641,1,231.1,256,2011-08-26 12:49:00,2011-08-26 12:49:00,106,0,1,At Risk / Lapsed
16642,2,688.33,479,2011-05-16 12:35:00,2011-12-05 11:31:00,5,202,3,New / Low Engagement
16643,1,487.51,269,2011-04-08 08:24:00,2011-04-08 08:24:00,246,0,1,At Risk / Lapsed
16644,2,833.78,826,2011-05-11 12:53:00,2011-06-15 12:39:00,178,34,1,At Risk / Lapsed
16647,2,214.06,146,2011-05-19 09:31:00,2011-06-23 11:47:00,170,35,1,At Risk / Lapsed
16648,1,290.66,281,2011-10-28 08:58:00,2011-10-28 08:58:00,43,0,1,At Risk / Lapsed
16650,1,518.42,372,2011-09-29 09:51:00,2011-09-29 09:51:00,72,0,1,At Risk / Lapsed
16652,7,6773.97,3283,2011-03-11 13:13:00,2011-10-12 09:38:00,59,214,2,Loyal Mid-Value
16653,2,1212.66,733,2011-09-29 13:38:00,2011-11-23 14:51:00,16,55,3,New / Low Engagement
16654,4,601.27,282,2010-12-06 15:09:00,2011-07-21 15:23:00,141,227,2,Loyal Mid-Value
16655,6,3789.52,2363,2011-01-12 10:16:00,2011-11-22 11:25:00,18,314,0,Champions
16656,15,8625.800000000001,8894,2010-12-10 11:23:00,2011-11-17 14:43:00,22,342,0,Champions
16657,4,874.43,1130,2011-03-30 12:02:00,2011-11-30 11:48:00,10,244,3,New / Low Engagement
16658,1,123.24,40,2010-12-06 13:47:00,2010-12-06 13:47:00,368,0,1,At Risk / Lapsed
16659,1,39.12,72,2011-06-03 15:03:00,2011-06-03 15:03:00,189,0,1,At Risk / Lapsed
16660,4,1267.65,571,2011-01-24 12:44:00,2011-11-23 14:53:00,16,303,2,Loyal Mid-Value
16665,1,135.4,59,2010-12-12 14:03:00,2010-12-12 14:03:00,362,0,1,At Risk / Lapsed
16666,1,118.98,233,2011-11-20 14:01:00,2011-11-20 14:01:00,19,0,3,New / Low Engagement
16667,2,567.18,236,2011-02-28 12:57:00,2011-10-02 15:26:00,68,216,1,At Risk / Lapsed
16668,6,306.72,318,2011-02-28 12:46:00,2011-11-24 17:43:00,15,269,3,New / Low Engagement
16669,2,1344.48,871,2011-09-22 14:13:00,2011-11-16 12:26:00,24,54,2,Loyal Mid-Value
16670,11,4095.9,2556,2010-12-16 10:30:00,2011-11-23 09:34:00,17,341,0,Champions
16671,3,1692.27,875,2011-06-28 11:20:00,2011-11-11 13:40:00,28,136,2,Loyal Mid-Value
16672,20,8134.9400000000005,2832,2011-03-18 10:15:00,2011-12-07 16:29:00,2,264,0,Champions
16674,2,304.24,181,2011-09-02 13:59:00,2011-10-16 11:31:00,55,43,1,At Risk / Lapsed
16676,4,1592.1200000000001,636,2011-01-06 13:00:00,2011-11-06 12:01:00,34,303,2,Loyal Mid-Value
16678,12,3109.99,2397,2011-03-02 09:24:00,2011-12-07 12:17:00,3,280,0,Champions
16679,1,129.75,29,2010-12-08 13:51:00,2010-12-08 13:51:00,366,0,1,At Risk / Lapsed
16680,1,183.7,94,2011-10-27 17:35:00,2011-10-27 17:35:00,43,0,1,At Risk / Lapsed
16681,6,1770.3400000000001,1407,2011-03-31 13:46:00,2011-09-28 11:11:00,73,180,2,Loyal Mid-Value
16682,5,1028.0,1040,2011-06-05 11:02:00,2011-12-05 12:13:00,5,183,3,New / Low Engagement
16684,28,66653.56,50255,2010-12-16 17:34:00,2011-12-05 14:06:00,4,353,0,Champions
16685,2,324.24,396,2011-10-09 13:44:00,2011-10-09 13:58:00,61,0,1,At Risk / Lapsed
16686,7,2959.88,1977,2010-12-19 14:41:00,2011-10-23 13:49:00,47,307,2,Loyal Mid-Value
16688,4,1260.8600000000001,804,2011-10-10 12:23:00,2011-12-08 15:24:00,1,59,3,New / Low Engagement
16689,2,422.6,330,2011-09-18 13:29:00,2011-09-25 11:39:00,76,6,1,At Risk / Lapsed
16690,2,225.58,138,2011-05-22 10:53:00,2011-09-28 15:02:00,72,129,1,At Risk / Lapsed
16692,2,1126.0,151,2011-02-23 15:41:00,2011-03-28 14:46:00,256,32,1,At Risk / Lapsed
16693,2,477.86,203,2011-03-13 11:06:00,2011-10-02 11:10:00,69,203,1,At Risk / Lapsed
16696,4,657.9,146,2011-04-05 15:20:00,2011-07-27 14:23:00,135,112,2,Loyal Mid-Value
16697,1,112.75,27,2011-04-12 17:12:00,2011-04-12 17:12:00,241,0,1,At Risk / Lapsed
16698,2,1998.0,840,2011-03-31 13:33:00,2011-04-27 10:52:00,227,26,2,Loyal Mid-Value
16700,13,5076.55,4024,2010-12-08 16:34:00,2011-12-01 11:00:00,9,357,0,Champions
16701,13,5398.3,6393,2010-12-13 11:51:00,2011-12-01 11:10:00,9,352,0,Champions
16705,20,14034.99,5476,2010-12-16 10:51:00,2011-12-09 12:08:00,1,358,0,Champions
16706,3,531.35,249,2011-08-17 15:53:00,2011-11-02 13:50:00,37,76,3,New / Low Engagement
16708,1,656.63,285,2011-10-25 12:20:00,2011-10-25 12:20:00,46,0,3,New / Low Engagement
16709,5,3029.87,851,2011-03-03 10:55:00,2011-09-16 10:56:00,85,197,2,Loyal Mid-Value
16710,10,2467.9900000000002,1823,2010-12-06 13:13:00,2011-11-20 14:50:00,19,349,0,Champions
16711,5,1651.03,833,2010-12-17 12:43:00,2011-12-06 16:32:00,3,354,0,Champions
16712,11,3603.66,1727,2011-03-08 15:07:00,2011-11-30 13:48:00,9,266,0,Champions
16713,15,6910.78,4271,2010-12-08 13:01:00,2011-11-21 12:36:00,19,347,0,Champions
16714,2,1114.06,588,2011-01-26 13:40:00,2011-01-26 13:46:00,317,0,1,At Risk / Lapsed
16715,1,301.71999999999997,642,2011-09-22 18:15:00,2011-09-22 18:15:00,78,0,1,At Risk / Lapsed
16716,2,901.2,120,2011-02-01 15:35:00,2011-03-18 10:03:00,267,44,1,At Risk / Lapsed
16717,6,3843.08,1860,2010-12-08 16:48:00,2011-11-16 12:16:00,24,342,2,Loyal Mid-Value
16718,1,606.0500000000001,407,2010-12-05 13:03:00,2010-12-05 13:03:00,369,0,1,At Risk / Lapsed
16719,7,1770.22,1175,2010-12-06 12:06:00,2011-11-25 09:27:00,15,353,0,Champions
16720,1,152.95,180,2011-11-13 16:22:00,2011-11-13 16:22:00,26,0,3,New / Low Engagement
16721,1,292.47,172,2011-03-22 16:08:00,2011-03-22 16:08:00,262,0,1,At Risk / Lapsed
16722,13,4730.81,5001,2010-12-06 12:59:00,2011-11-22 13:28:00,17,351,0,Champions
16723,2,576.4,398,2011-08-24 11:31:00,2011-09-09 13:01:00,91,16,1,At Risk / Lapsed
16725,6,756.82,287,2010-12-03 16:02:00,2011-02-10 16:52:00,302,69,2,Loyal Mid-Value
16726,5,1358.74,945,2010-12-13 13:28:00,2011-11-13 14:53:00,26,335,2,Loyal Mid-Value
16727,1,256.32,167,2010-12-10 13:48:00,2010-12-10 13:48:00,364,0,1,At Risk / Lapsed
16728,4,1048.28,671,2011-03-20 13:28:00,2011-10-24 14:36:00,46,218,2,Loyal Mid-Value
16729,21,7202.01,5718,2011-04-12 14:22:00,2011-11-01 14:29:00,38,203,0,Champions
16730,3,743.11,994,2011-01-24 14:01:00,2011-10-18 14:11:00,52,267,2,Loyal Mid-Value
16732,1,603.75,317,2011-11-08 09:54:00,2011-11-08 09:54:00,32,0,3,New / Low Engagement
16734,3,646.76,345,2011-08-17 15:00:00,2011-10-18 13:44:00,52,61,2,Loyal Mid-Value
16735,5,2247.41,1532,2011-01-09 12:53:00,2011-09-22 11:49:00,79,255,2,Loyal Mid-Value
16737,1,417.6,288,2011-10-17 13:03:00,2011-10-17 13:03:00,53,0,1,At Risk / Lapsed
16738,1,3.75,3,2011-02-15 09:46:00,2011-02-15 09:46:00,298,0,1,At Risk / Lapsed
16739,1,323.0,172,2011-06-16 09:17:00,2011-06-16 09:17:00,177,0,1,At Risk / Lapsed
16743,7,2213.13,2035,2010-12-16 12:15:00,2011-11-10 13:13:00,29,329,2,Loyal Mid-Value
16744,7,1291.91,798,2011-06-19 15:13:00,2011-11-28 13:06:00,11,161,0,Champions
16745,17,7180.7,6719,2011-02-01 11:31:00,2011-09-14 11:58:00,87,225,0,Champions
16746,18,6680.11,4660,2010-12-16 11:43:00,2011-12-05 12:33:00,5,354,0,Champions
16747,2,836.0600000000001,583,2011-10-03 10:18:00,2011-11-02 11:37:00,38,30,2,Loyal Mid-Value
16748,5,1515.9,880,2011-01-09 13:50:00,2011-11-22 10:17:00,18,316,2,Loyal Mid-Value
16750,5,623.93,214,2011-04-21 16:53:00,2011-10-26 12:48:00,45,187,2,Loyal Mid-Value
16751,1,1764.72,1031,2011-11-09 10:48:00,2011-11-09 10:48:00,31,0,2,Loyal Mid-Value
16752,1,207.5,54,2010-12-02 12:18:00,2010-12-02 12:18:00,373,0,1,At Risk / Lapsed
16753,1,223.92000000000002,189,2011-10-12 13:14:00,2011-10-12 13:14:00,58,0,1,At Risk / Lapsed
16754,1,2002.4,4280,2010-12-02 17:38:00,2010-12-02 17:38:00,372,0,1,At Risk / Lapsed
16755,3,1475.43,1058,2011-01-28 10:47:00,2011-08-17 13:21:00,114,201,2,Loyal Mid-Value
16756,1,239.4,106,2011-05-09 09:33:00,2011-05-09 09:33:00,215,0,1,At Risk / Lapsed
16757,1,106.83000000000001,81,2011-01-25 11:59:00,2011-01-25 11:59:00,319,0,1,At Risk / Lapsed
16758,1,369.34,203,2011-10-05 14:47:00,2011-10-05 14:47:00,65,0,1,At Risk / Lapsed
16759,3,789.79,609,2011-11-09 09:06:00,2011-12-02 12:42:00,8,23,3,New / Low Engagement
16761,1,316.62,341,2011-09-04 11:15:00,2011-09-04 11:15:00,97,0,1,At Risk / Lapsed
16762,3,1207.24,480,2011-07-18 12:52:00,2011-11-20 11:43:00,20,124,2,Loyal Mid-Value
16763,1,611.8499999999999,319,2011-05-25 11:52:00,2011-05-25 11:52:00,199,0,1,At Risk / Lapsed
16764,13,2790.9500000000003,1253,2011-07-19 17:17:00,2011-12-06 11:41:00,4,139,0,Champions
16765,1,34.0,4,2011-02-18 15:41:00,2011-02-18 15:41:00,294,0,1,At Risk / Lapsed
16766,2,1145.6,536,2011-03-11 13:34:00,2011-03-11 15:22:00,273,0,1,At Risk / Lapsed
16767,11,5575.56,4423,2011-01-27 13:38:00,2011-11-09 09:42:00,31,285,0,Champions
16768,3,478.09,196,2011-03-13 10:25:00,2011-10-23 10:38:00,48,224,2,Loyal Mid-Value
16769,1,361.54,80,2011-03-24 13:41:00,2011-03-24 13:41:00,260,0,1,At Risk / Lapsed
16770,5,757.1,456,2010-12-02 15:49:00,2011-10-13 12:21:00,58,314,2,Loyal Mid-Value
16771,5,2230.61,1475,2011-01-05 13:57:00,2011-11-06 13:28:00,33,304,2,Loyal Mid-Value
16773,1,171.59,171,2011-10-13 14:37:00,2011-10-13 14:37:00,57,0,1,At Risk / Lapsed
16774,4,661.52,322,2011-06-14 12:45:00,2011-10-03 12:41:00,68,110,2,Loyal Mid-Value
16775,11,1691.51,439,2010-12-07 15:15:00,2011-11-29 15:22:00,10,357,0,Champions
16776,1,371.54,254,2011-10-10 13:04:00,2011-10-10 13:04:00,60,0,1,At Risk / Lapsed
16777,2,222.62,62,2011-03-27 14:34:00,2011-09-20 13:41:00,80,176,1,At Risk / Lapsed
16778,2,245.94,194,2011-03-10 15:21:00,2011-09-26 13:48:00,74,199,1,At Risk / Lapsed
16779,22,10611.72,5301,2010-12-08 09:56:00,2011-12-07 14:54:00,2,364,0,Champions
16780,2,422.24,270,2011-03-25 17:34:00,2011-08-31 16:09:00,100,158,1,At Risk / Lapsed
16781,1,311.25,113,2010-12-02 14:26:00,2010-12-02 14:26:00,372,0,1,At Risk / Lapsed
16782,13,2267.9500000000003,705,2010-12-09 11:28:00,2011-11-29 13:20:00,10,355,0,Champions
16784,1,107.6,24,2011-11-20 12:20:00,2011-11-20 12:20:00,20,0,3,New / Low Engagement
16788,2,592.74,303,2011-03-30 13:05:00,2011-08-08 14:53:00,123,131,1,At Risk / Lapsed
16789,1,80.80000000000001,32,2011-12-01 15:12:00,2011-12-01 15:12:00,8,0,3,New / Low Engagement
16790,6,1545.6200000000001,898,2011-11-02 11:23:00,2011-12-06 11:53:00,4,34,0,Champions
16791,7,1693.03,756,2011-01-11 15:42:00,2011-11-10 19:12:00,29,303,2,Loyal Mid-Value
16792,2,110.38,44,2011-03-02 14:39:00,2011-03-02 14:41:00,282,0,1,At Risk / Lapsed
16793,1,243.84,146,2011-10-13 15:08:00,2011-10-13 15:08:00,57,0,1,At Risk / Lapsed
16794,10,1194.48,922,2011-06-12 14:15:00,2011-12-08 17:54:00,1,179,0,Champions
16795,1,414.88,239,2010-12-09 14:08:00,2010-12-09 14:08:00,365,0,1,At Risk / Lapsed
16796,1,305.62,186,2011-09-11 14:01:00,2011-09-11 14:01:00,89,0,1,At Risk / Lapsed
16800,1,1162.65,524,2011-11-28 14:06:00,2011-11-28 14:06:00,11,0,3,New / Low Engagement
16801,4,1594.23,493,2011-03-11 13:56:00,2011-06-29 15:33:00,163,110,2,Loyal Mid-Value
16803,1,332.3,245,2011-10-05 14:28:00,2011-10-05 14:28:00,65,0,1,At Risk / Lapsed
16804,3,536.99,246,2011-03-14 15:48:00,2011-11-16 16:43:00,23,247,3,New / Low Engagement
16805,2,460.59,539,2010-12-14 13:35:00,2011-06-19 11:23:00,174,186,1,At Risk / Lapsed
16806,4,736.21,355,2011-04-14 19:59:00,2011-08-28 15:27:00,103,135,2,Loyal Mid-Value
16807,3,1121.59,778,2011-03-14 09:46:00,2011-07-20 12:00:00,143,128,2,Loyal Mid-Value
16808,2,288.42,196,2011-03-10 19:05:00,2011-09-01 19:34:00,99,175,1,At Risk / Lapsed
16809,5,914.69,652,2011-03-22 15:20:00,2011-11-16 15:45:00,23,239,2,Loyal Mid-Value
16810,1,309.54,114,2011-05-31 15:32:00,2011-05-31 15:32:00,192,0,1,At Risk / Lapsed
16811,2,547.07,477,2011-11-22 17:19:00,2011-12-05 11:39:00,5,12,3,New / Low Engagement
16812,1,479.35,81,2010-12-14 12:35:00,2010-12-14 12:35:00,361,0,1,At Risk / Lapsed
16813,10,1652.18,1501,2011-05-19 13:28:00,2011-12-01 14:03:00,8,196,0,Champions
16814,21,6406.8,2691,2010-12-05 11:45:00,2011-11-25 13:27:00,14,355,0,Champions
16816,4,417.06,274,2010-12-16 17:01:00,2011-08-28 14:16:00,103,254,2,Loyal Mid-Value
16817,9,1604.75,822,2010-12-06 14:19:00,2011-12-07 11:03:00,3,365,0,Champions
16818,11,3349.57,2164,2011-05-18 11:42:00,2011-11-29 10:41:00,11,194,0,Champions
16820,1,497.61,307,2011-09-05 12:06:00,2011-09-05 12:06:00,96,0,1,At Risk / Lapsed
16823,1,358.38,136,2011-04-26 15:00:00,2011-04-26 15:00:00,227,0,1,At Risk / Lapsed
16824,2,460.64,236,2011-06-28 13:36:00,2011-11-24 12:38:00,16,148,3,New / Low Engagement
16825,2,775.18,566,2011-06-07 09:44:00,2011-11-01 11:51:00,39,147,3,New / Low Engagement
16826,1,341.7,158,2011-10-19 14:05:00,2011-10-19 14:05:00,51,0,1,At Risk / Lapsed
16828,1,113.5,58,2011-08-19 13:24:00,2011-08-19 13:24:00,112,0,1,At Risk / Lapsed
16829,1,197.22,99,2011-07-06 10:48:00,2011-07-06 10:48:00,157,0,1,At Risk / Lapsed
16830,1,325.91,264,2011-11-01 11:35:00,2011-11-01 11:35:00,39,0,3,New / Low Engagement
16832,3,199.15,33,2011-05-06 14:12:00,2011-06-08 15:36:00,184,33,1,At Risk / Lapsed
16833,4,1106.53,440,2011-01-09 13:02:00,2011-12-08 14:39:00,1,333,3,New / Low Engagement
16834,1,413.46,358,2011-04-26 09:37:00,2011-04-26 09:37:00,228,0,1,At Risk / Lapsed
16835,2,180.85,61,2010-12-01 17:15:00,2011-08-03 13:50:00,128,244,1,At Risk / Lapsed
16836,2,251.87,165,2011-08-15 12:38:00,2011-10-31 10:05:00,40,76,3,New / Low Engagement
16837,11,3170.98,1563,2011-04-08 08:48:00,2011-11-08 14:27:00,31,214,0,Champions
16838,2,588.85,185,2011-02-24 15:01:00,2011-05-26 13:13:00,197,90,1,At Risk / Lapsed
16839,34,16594.35,8975,2010-12-05 11:15:00,2011-12-01 09:03:00,9,360,0,Champions
16841,6,1869.82,2250,2011-02-25 12:40:00,2011-11-03 11:51:00,37,250,2,Loyal Mid-Value
16842,3,1264.19,693,2011-02-10 14:51:00,2011-08-31 10:42:00,101,201,2,Loyal Mid-Value
16843,16,10196.57,10159,2011-01-16 16:10:00,2011-10-28 09:06:00,43,284,0,Champions
16846,1,214.32,135,2011-10-20 13:55:00,2011-10-20 13:55:00,50,0,1,At Risk / Lapsed
16847,1,193.44,78,2011-10-27 13:29:00,2011-10-27 13:29:00,43,0,1,At Risk / Lapsed
16848,1,281.42,182,2011-10-18 08:42:00,2011-10-18 08:42:00,53,0,1,At Risk / Lapsed
16849,1,124.57,33,2011-06-06 09:16:00,2011-06-06 09:16:00,187,0,1,At Risk / Lapsed
16850,1,332.41,249,2011-01-10 11:09:00,2011-01-10 11:09:00,334,0,1,At Risk / Lapsed
16851,3,342.45,271,2011-10-19 09:48:00,2011-12-05 13:32:00,4,47,3,New / Low Engagement
16852,2,144.91,56,2011-06-16 15:49:00,2011-11-29 13:22:00,10,165,3,New / Low Engagement
16855,2,328.40000000000003,164,2011-10-27 16:31:00,2011-11-16 12:03:00,24,19,3,New / Low Engagement
16856,1,35.400000000000006,12,2011-11-25 08:59:00,2011-11-25 08:59:00,15,0,3,New / Low Engagement
16858,1,375.69000000000005,91,2010-12-06 09:52:00,2010-12-06 09:52:00,369,0,1,At Risk / Lapsed
16859,2,747.81,827,2011-03-23 13:39:00,2011-07-18 12:19:00,145,116,1,At Risk / Lapsed
16861,2,173.76000000000002,140,2011-07-04 15:38:00,2011-10-11 09:05:00,60,98,1,At Risk / Lapsed
16863,2,502.8,409,2010-12-08 08:58:00,2011-11-08 15:26:00,31,335,3,New / Low Engagement
16866,3,207.74,60,2011-07-01 12:34:00,2011-07-22 10:06:00,141,20,1,At Risk / Lapsed
16869,4,817.12,583,2011-06-17 13:01:00,2011-11-17 12:02:00,23,152,2,Loyal Mid-Value
16871,6,2812.34,1253,2011-03-14 10:31:00,2011-11-17 19:27:00,22,248,2,Loyal Mid-Value
16872,3,680.02,600,2011-06-08 14:32:00,2011-09-23 16:05:00,77,107,2,Loyal Mid-Value
16873,6,7123.62,3840,2010-12-10 15:45:00,2011-12-05 12:05:00,5,359,0,Champions
16875,5,2095.53,1069,2011-01-04 10:37:00,2011-10-03 13:39:00,67,272,2,Loyal Mid-Value
16877,6,846.62,458,2011-05-15 16:13:00,2011-11-27 13:47:00,12,195,2,Loyal Mid-Value
16878,1,13.3,12,2011-09-16 17:39:00,2011-09-16 17:39:00,84,0,1,At Risk / Lapsed
16880,7,1491.43,746,2011-06-03 16:45:00,2011-11-09 11:33:00,31,158,2,Loyal Mid-Value
16881,1,432.0,600,2011-10-04 10:33:00,2011-10-04 10:33:00,67,0,1,At Risk / Lapsed
16882,3,705.12,424,2011-01-26 17:43:00,2011-10-04 10:42:00,67,250,2,Loyal Mid-Value
16883,2,272.48,103,2010-12-03 10:33:00,2011-06-05 12:51:00,187,184,1,At Risk / Lapsed
16884,2,429.84,320,2011-11-02 10:16:00,2011-11-02 11:52:00,38,0,3,New / Low Engagement
16885,3,450.41,178,2010-12-17 17:23:00,2011-11-24 13:40:00,15,341,3,New / Low Engagement
16887,1,192.32999999999998,156,2011-11-04 14:07:00,2011-11-04 14:07:00,35,0,3,New / Low Engagement
16889,3,1578.67,925,2011-01-07 10:47:00,2011-05-29 11:05:00,195,142,2,Loyal Mid-Value
16891,5,742.43,265,2010-12-03 11:35:00,2011-12-08 11:15:00,2,369,3,New / Low Engagement
16892,5,518.19,236,2011-06-09 11:35:00,2011-12-08 13:18:00,1,182,3,New / Low Engagement
16893,1,145.93,62,2010-12-08 12:06:00,2010-12-08 12:06:00,367,0,1,At Risk / Lapsed
16895,1,202.27,91,2011-10-06 12:15:00,2011-10-06 12:15:00,65,0,1,At Risk / Lapsed
16897,2,289.78000000000003,73,2011-01-30 11:52:00,2011-02-13 15:02:00,299,14,1,At Risk / Lapsed
16898,3,501.03,412,2010-12-06 12:23:00,2011-11-13 15:44:00,26,342,3,New / Low Engagement
16899,6,1271.06,520,2010-12-14 13:11:00,2011-12-02 12:03:00,8,352,0,Champions
16900,3,882.16,832,2011-10-07 13:17:00,2011-11-23 10:32:00,17,46,3,New / Low Engagement
16902,1,1706.88,629,2011-08-15 14:17:00,2011-08-15 14:17:00,116,0,2,Loyal Mid-Value
16903,1,363.2,247,2011-11-10 15:32:00,2011-11-10 15:32:00,29,0,3,New / Low Engagement
16904,15,3634.95,1973,2010-12-07 13:29:00,2011-12-05 13:10:00,4,362,0,Champions
16905,7,3037.6,1381,2010-12-03 10:43:00,2011-12-04 14:01:00,5,366,0,Champions
16906,4,559.59,263,2011-04-05 12:30:00,2011-09-19 11:49:00,82,166,2,Loyal Mid-Value
16907,5,928.76,286,2010-12-09 16:52:00,2011-11-10 18:04:00,29,336,2,Loyal Mid-Value
16909,1,379.14,436,2011-09-28 16:45:00,2011-09-28 16:45:00,72,0,1,At Risk / Lapsed
16910,8,1508.96,884,2011-09-09 14:14:00,2011-12-05 12:51:00,4,86,0,Champions
16912,11,2555.58,1025,2011-01-20 15:42:00,2011-11-11 12:18:00,29,294,0,Champions
16913,1,113.44,82,2011-02-22 12:56:00,2011-02-22 12:56:00,290,0,1,At Risk / Lapsed
16914,1,183.76,112,2011-11-03 15:27:00,2011-11-03 15:27:00,36,0,3,New / Low Engagement
16915,6,621.6800000000001,132,2011-03-01 09:52:00,2011-11-30 16:39:00,9,274,3,New / Low Engagement
16916,2,562.41,431,2010-12-02 13:14:00,2011-11-16 12:08:00,24,348,3,New / Low Engagement
16917,1,391.52,232,2011-03-08 11:55:00,2011-03-08 11:55:00,277,0,1,At Risk / Lapsed
16918,6,1068.82,721,2011-01-26 17:37:00,2011-10-21 12:50:00,50,267,2,Loyal Mid-Value
16919,11,2592.25,1403,2010-12-06 12:52:00,2011-07-06 13:35:00,156,212,2,Loyal Mid-Value
16921,1,154.18,154,2011-10-09 16:22:00,2011-10-09 16:22:00,61,0,1,At Risk / Lapsed
16923,19,7069.08,3344,2010-12-12 11:06:00,2011-11-27 13:00:00,12,350,0,Champions
16924,3,829.89,467,2011-09-16 12:54:00,2011-11-18 12:53:00,21,62,3,New / Low Engagement
16926,1,230.25,35,2010-12-03 13:42:00,2010-12-03 13:42:00,371,0,1,At Risk / Lapsed
16927,3,543.05,993,2010-12-13 11:57:00,2011-08-16 11:10:00,116,245,2,Loyal Mid-Value
16928,17,2806.75,2091,2010-12-01 15:21:00,2011-09-20 15:10:00,80,292,0,Champions
16929,7,1295.39,929,2011-07-07 12:39:00,2011-12-06 08:37:00,4,151,0,Champions
16930,3,378.89,339,2011-10-02 14:25:00,2011-11-13 16:13:00,26,42,3,New / Low Engagement
16931,21,4554.87,3134,2010-12-05 11:40:00,2011-12-04 13:15:00,5,364,0,Champions
16932,1,150.23,82,2011-10-17 14:12:00,2011-10-17 14:12:00,53,0,1,At Risk / Lapsed
16933,2,563.23,288,2011-04-14 13:33:00,2011-12-08 12:54:00,1,237,3,New / Low Engagement
16934,2,931.03,397,2011-10-16 12:25:00,2011-10-16 12:40:00,55,0,2,Loyal Mid-Value
16936,1,261.9,171,2011-11-14 11:04:00,2011-11-14 11:04:00,26,0,3,New / Low Engagement
16938,4,2711.6800000000003,2533,2011-02-04 09:34:00,2011-12-01 10:20:00,9,300,2,Loyal Mid-Value
16940,3,3049.88,2169,2011-02-23 12:27:00,2011-10-18 13:15:00,52,237,2,Loyal Mid-Value
16942,9,1904.99,805,2011-04-26 11:59:00,2011-11-27 12:40:00,13,215,0,Champions
16943,3,816.73,145,2011-01-25 14:00:00,2011-05-12 11:57:00,212,106,2,Loyal Mid-Value
16945,19,4345.5,2725,2010-12-16 17:49:00,2011-11-18 11:39:00,22,336,0,Champions
16947,1,406.48,312,2011-04-18 09:38:00,2011-04-18 09:38:00,236,0,1,At Risk / Lapsed
16948,3,435.02,1614,2011-01-18 10:58:00,2011-07-24 12:46:00,139,187,1,At Risk / Lapsed
16949,6,1286.27,791,2011-01-27 12:11:00,2011-12-06 11:07:00,4,312,0,Champions
16950,3,1178.56,644,2010-12-07 15:20:00,2011-10-14 09:06:00,57,310,2,Loyal Mid-Value
16951,3,1277.75,1318,2011-02-08 14:58:00,2011-07-28 12:05:00,135,169,2,Loyal Mid-Value
16952,2,167.60999999999999,92,2011-08-22 12:58:00,2011-08-22 13:03:00,109,0,1,At Risk / Lapsed
16953,1,20.8,10,2011-11-09 15:54:00,2011-11-09 15:54:00,30,0,1,At Risk / Lapsed
16954,9,2085.08,1054,2010-12-15 10:41:00,2011-12-09 09:46:00,1,358,0,Champions
16955,4,518.67,266,2010-12-01 13:31:00,2011-06-08 10:36:00,185,188,2,Loyal Mid-Value
16956,1,308.74,114,2011-11-22 08:56:00,2011-11-22 08:56:00,18,0,3,New / Low Engagement
16957,2,416.64,172,2011-03-03 09:25:00,2011-04-14 13:56:00,239,42,1,At Risk / Lapsed
16959,1,117.35,49,2011-09-13 15:03:00,2011-09-13 15:03:00,87,0,1,At Risk / Lapsed
16960,3,505.1,301,2011-04-01 11:54:00,2011-11-01 11:35:00,39,213,3,New / Low Engagement
16961,1,234.17,125,2011-08-15 13:46:00,2011-08-15 13:46:00,116,0,1,At Risk / Lapsed
16963,1,110.55000000000001,35,2011-06-05 13:48:00,2011-06-05 13:48:00,187,0,1,At Risk / Lapsed
16965,1,192.07,243,2011-04-27 12:08:00,2011-04-27 12:08:00,227,0,1,At Risk / Lapsed
16966,7,2154.97,1981,2011-04-13 14:17:00,2011-12-01 13:40:00,8,231,0,Champions
16967,1,319.02,333,2011-06-03 14:24:00,2011-06-03 14:24:00,189,0,1,At Risk / Lapsed
16968,2,439.43,326,2011-08-24 10:51:00,2011-12-05 15:02:00,4,103,3,New / Low Engagement
16969,3,650.41,816,2011-06-01 12:10:00,2011-10-31 13:12:00,39,152,2,Loyal Mid-Value
16971,1,357.21,72,2011-11-01 15:06:00,2011-11-01 15:06:00,38,0,3,New / Low Engagement
16976,1,251.51999999999998,88,2011-03-17 16:33:00,2011-03-17 16:33:00,267,0,1,At Risk / Lapsed
16978,1,344.33,166,2011-09-23 12:50:00,2011-09-23 12:50:00,78,0,1,At Risk / Lapsed
16979,6,1852.0,865,2011-02-15 09:20:00,2011-12-06 12:21:00,4,294,0,Champions
16980,2,1028.46,739,2011-02-21 12:58:00,2011-03-29 16:36:00,255,36,1,At Risk / Lapsed
16982,1,384.06,182,2011-10-10 12:28:00,2011-10-10 12:28:00,61,0,1,At Risk / Lapsed
16983,7,1905.8700000000001,1335,2010-12-05 12:34:00,2011-11-27 12:10:00,13,356,0,Champions
16984,2,4459.52,2380,2011-08-01 17:37:00,2011-09-12 13:43:00,88,41,2,Loyal Mid-Value
16985,10,5464.12,1832,2010-12-16 10:38:00,2011-11-22 13:33:00,17,341,0,Champions
16986,2,1873.2,1040,2011-11-09 15:52:00,2011-11-10 11:55:00,30,0,2,Loyal Mid-Value
16987,7,1616.8,401,2011-05-18 15:55:00,2011-12-06 17:26:00,3,202,0,Champions
16988,1,126.12,43,2011-12-04 16:02:00,2011-12-04 16:02:00,5,0,3,New / Low Engagement
16989,6,1133.25,1233,2011-07-12 09:11:00,2011-12-02 16:39:00,7,143,0,Champions
16990,1,179.0,100,2011-05-05 08:30:00,2011-05-05 08:30:00,219,0,1,At Risk / Lapsed
16992,5,1614.31,860,2011-02-28 10:37:00,2011-11-29 11:50:00,11,274,2,Loyal Mid-Value
16996,6,1456.96,544,2010-12-21 13:22:00,2011-11-09 16:43:00,30,323,2,Loyal Mid-Value
16997,3,702.0,360,2011-01-18 11:51:00,2011-02-24 17:28:00,288,37,1,At Risk / Lapsed
16998,4,295.0,76,2011-02-08 15:42:00,2011-07-13 09:44:00,150,154,1,At Risk / Lapsed
16999,2,484.82,294,2011-09-26 15:43:00,2011-11-16 13:53:00,23,50,3,New / Low Engagement
17001,11,3989.57,2164,2010-12-16 09:35:00,2011-12-09 09:38:00,1,358,0,Champions
17002,3,1493.73,679,2011-02-22 11:46:00,2011-09-15 12:40:00,86,205,2,Loyal Mid-Value
17004,2,1312.14,771,2011-09-08 12:16:00,2011-10-24 14:25:00,46,46,2,Loyal Mid-Value
17006,4,781.78,272,2011-09-25 12:15:00,2011-12-05 12:09:00,5,70,3,New / Low Engagement
17007,6,889.9300000000001,597,2010-12-17 13:57:00,2011-10-20 10:47:00,51,306,2,Loyal Mid-Value
17010,1,195.36,118,2011-11-21 14:49:00,2011-11-21 14:49:00,18,0,3,New / Low Engagement
17011,1,270.9,186,2011-11-09 13:30:00,2011-11-09 13:30:00,30,0,3,New / Low Engagement
17014,3,583.4300000000001,243,2011-10-04 11:36:00,2011-12-01 14:09:00,8,58,3,New / Low Engagement
17015,3,1838.6100000000001,1978,2011-06-07 13:19:00,2011-11-11 10:45:00,29,156,2,Loyal Mid-Value
17017,20,8694.26,6673,2010-12-02 10:17:00,2011-12-07 09:32:00,3,369,0,Champions
17018,2,920.1,176,2011-01-18 08:46:00,2011-10-30 11:42:00,41,285,2,Loyal Mid-Value
17019,4,1258.08,820,2010-12-06 12:55:00,2011-11-28 13:06:00,11,357,2,Loyal Mid-Value
17022,1,71.0,108,2011-11-08 17:09:00,2011-11-08 17:09:00,31,0,1,At Risk / Lapsed
17024,3,95.85,69,2011-07-05 09:31:00,2011-10-25 13:47:00,45,112,1,At Risk / Lapsed
17025,3,357.77,235,2010-12-01 15:45:00,2011-10-10 09:06:00,61,312,1,At Risk / Lapsed
17026,2,154.83,97,2010-12-05 12:47:00,2011-06-07 14:28:00,185,184,1,At Risk / Lapsed
17027,6,877.56,416,2011-01-26 14:19:00,2011-09-22 12:24:00,79,238,2,Loyal Mid-Value
17029,2,716.0,400,2011-04-17 10:57:00,2011-08-21 11:06:00,111,126,1,At Risk / Lapsed
17030,1,146.87,146,2011-10-07 08:49:00,2011-10-07 08:49:00,64,0,1,At Risk / Lapsed
17031,2,380.35,235,2011-07-08 09:38:00,2011-11-28 10:23:00,12,143,3,New / Low Engagement
17033,3,1030.14,750,2010-12-15 13:21:00,2011-09-14 14:34:00,86,273,2,Loyal Mid-Value
17034,3,745.52,410,2011-02-25 10:10:00,2011-11-23 15:14:00,16,271,3,New / Low Engagement
17035,2,433.53000000000003,229,2011-02-01 12:27:00,2011-04-08 11:23:00,246,65,1,At Risk / Lapsed
17037,1,1267.32,656,2011-09-13 12:49:00,2011-09-13 12:49:00,88,0,1,At Risk / Lapsed
17038,1,112.4,28,2011-11-09 13:50:00,2011-11-09 13:50:00,30,0,3,New / Low Engagement
17040,1,449.73,181,2011-07-25 10:19:00,2011-07-25 10:19:00,138,0,1,At Risk / Lapsed
17041,3,1071.49,927,2010-12-14 11:43:00,2011-11-13 11:21:00,27,333,2,Loyal Mid-Value
17042,5,1036.58,990,2011-04-06 14:53:00,2011-12-07 12:26:00,3,244,3,New / Low Engagement
17043,4,1735.18,998,2011-03-18 14:53:00,2011-11-07 15:33:00,32,234,2,Loyal Mid-Value
17044,1,948.48,504,2011-11-14 14:28:00,2011-11-14 14:28:00,25,0,3,New / Low Engagement
17045,3,339.44,106,2011-04-06 12:08:00,2011-08-18 17:09:00,113,134,1,At Risk / Lapsed
17046,1,642.02,510,2011-07-05 14:24:00,2011-07-05 14:24:00,157,0,1,At Risk / Lapsed
17047,3,1100.9,533,2011-05-18 16:50:00,2011-09-15 13:27:00,85,119,2,Loyal Mid-Value
17048,3,925.35,485,2011-01-12 16:51:00,2011-08-14 11:49:00,118,213,2,Loyal Mid-Value
17049,9,5655.03,2673,2011-03-09 08:33:00,2011-12-07 10:48:00,3,273,0,Champions
17050,6,3185.64,1595,2011-02-13 12:41:00,2011-09-04 13:48:00,96,203,2,Loyal Mid-Value
17051,1,240.89,179,2011-05-29 14:13:00,2011-05-29 14:13:00,194,0,1,At Risk / Lapsed
17052,1,399.09,251,2011-11-11 14:50:00,2011-11-11 14:50:00,28,0,3,New / Low Engagement
17053,1,498.48,122,2011-08-01 10:23:00,2011-08-01 10:23:00,131,0,1,At Risk / Lapsed
17054,5,1356.33,804,2011-04-08 13:14:00,2011-11-11 12:56:00,28,216,2,Loyal Mid-Value
17058,3,1179.89,592,2011-04-14 09:18:00,2011-09-19 10:13:00,82,158,2,Loyal Mid-Value
17059,5,3080.39,1850,2010-12-05 12:35:00,2011-11-10 12:27:00,30,339,2,Loyal Mid-Value
17060,1,234.24,216,2011-03-18 13:27:00,2011-03-18 13:27:00,266,0,1,At Risk / Lapsed
17061,11,5232.2300000000005,1526,2011-04-21 13:29:00,2011-09-27 11:24:00,74,158,0,Champions
17062,4,528.29,406,2010-12-05 11:59:00,2011-01-30 11:01:00,314,55,1,At Risk / Lapsed
17063,7,1461.14,770,2011-02-23 13:44:00,2011-11-18 16:19:00,21,268,2,Loyal Mid-Value
17064,3,855.45,316,2011-01-16 16:10:00,2011-10-12 10:18:00,59,268,2,Loyal Mid-Value
17068,21,4545.89,2159,2010-12-06 13:58:00,2011-11-27 13:14:00,12,355,0,Champions
17069,9,2709.7000000000003,1506,2010-12-01 16:49:00,2011-11-11 17:13:00,28,345,0,Champions
17070,1,304.24,131,2011-08-17 17:01:00,2011-08-17 17:01:00,114,0,1,At Risk / Lapsed
17071,9,2429.03,1197,2011-02-03 08:18:00,2011-11-11 16:31:00,28,281,0,Champions
17073,4,1444.84,758,2011-08-22 14:37:00,2011-11-22 11:47:00,18,91,2,Loyal Mid-Value
17075,4,834.12,292,2011-01-26 13:20:00,2011-11-22 11:58:00,18,299,2,Loyal Mid-Value
17076,3,841.0799999999999,295,2010-12-10 10:08:00,2011-11-03 17:53:00,36,328,2,Loyal Mid-Value
17078,2,375.86,782,2011-11-03 18:49:00,2011-11-03 19:17:00,36,0,3,New / Low Engagement
17079,1,118.80000000000001,24,2011-09-22 15:34:00,2011-09-22 15:34:00,78,0,1,At Risk / Lapsed
17080,2,287.62,166,2011-03-15 12:05:00,2011-11-17 12:59:00,22,247,3,New / Low Engagement
17081,2,288.91,77,2011-10-24 13:08:00,2011-11-14 12:56:00,25,20,3,New / Low Engagement
17082,2,2003.85,1049,2011-01-25 14:36:00,2011-11-06 15:17:00,33,285,2,Loyal Mid-Value
17083,3,1405.78,772,2011-02-09 11:38:00,2011-08-22 15:43:00,109,194,2,Loyal Mid-Value
17084,2,2747.9900000000002,1702,2011-11-04 14:49:00,2011-11-04 14:54:00,35,0,2,Loyal Mid-Value
17085,5,1562.4,785,2010-12-12 12:24:00,2011-08-08 14:15:00,123,239,2,Loyal Mid-Value
17086,6,2050.08,1859,2011-10-07 11:22:00,2011-12-02 13:54:00,7,56,0,Champions
17088,4,1991.01,868,2011-03-31 09:48:00,2011-11-11 14:23:00,28,225,2,Loyal Mid-Value
17090,7,1974.65,903,2010-12-20 13:52:00,2011-12-05 13:44:00,4,349,0,Champions
17091,9,3827.76,1746,2010-12-07 09:55:00,2011-12-07 10:43:00,3,365,0,Champions
17092,4,1774.03,1130,2011-03-07 14:51:00,2011-10-20 19:51:00,50,227,2,Loyal Mid-Value
17094,1,302.0,152,2011-01-21 13:09:00,2011-01-21 13:09:00,322,0,1,At Risk / Lapsed
17095,3,1324.16,618,2011-01-09 11:05:00,2011-11-17 12:21:00,23,312,2,Loyal Mid-Value
17096,4,1022.13,339,2011-03-23 12:05:00,2011-11-24 15:01:00,15,246,2,Loyal Mid-Value
17097,8,954.42,459,2010-12-09 14:55:00,2011-12-07 17:05:00,2,363,0,Champions
17100,2,971.74,800,2011-11-21 16:36:00,2011-11-21 16:36:00,18,0,3,New / Low Engagement
17101,4,1621.73,815,2011-06-14 14:49:00,2011-11-29 13:57:00,10,167,2,Loyal Mid-Value
17102,1,25.5,2,2011-03-23 10:08:00,2011-03-23 10:08:00,262,0,1,At Risk / Lapsed
17105,2,665.78,693,2011-02-06 14:46:00,2011-07-03 15:53:00,159,147,1,At Risk / Lapsed
17107,6,10797.48,4826,2011-03-06 15:17:00,2011-11-06 14:14:00,33,244,0,Champions
17109,6,881.29,588,2011-04-21 15:46:00,2011-11-10 16:59:00,29,203,2,Loyal Mid-Value
17110,1,163.29999999999998,50,2011-06-27 12:58:00,2011-06-27 12:58:00,165,0,1,At Risk / Lapsed
17111,1,231.61,282,2011-10-23 15:59:00,2011-10-23 15:59:00,47,0,1,At Risk / Lapsed
17114,8,801.12,215,2011-01-09 11:39:00,2011-12-04 12:17:00,6,329,0,Champions
17115,3,837.5,372,2011-04-20 14:46:00,2011-12-01 14:30:00,8,224,3,New / Low Engagement
17117,1,116.2,68,2011-02-24 13:54:00,2011-02-24 13:54:00,288,0,1,At Risk / Lapsed
17118,1,157.02,154,2011-01-26 12:19:00,2011-01-26 12:19:00,318,0,1,At Risk / Lapsed
17119,2,606.91,334,2011-10-11 11:03:00,2011-12-06 14:40:00,3,56,3,New / Low Engagement
17120,1,307.46,120,2011-04-20 15:21:00,2011-04-20 15:21:00,233,0,1,At Risk / Lapsed
17122,1,138.32,80,2011-08-12 14:33:00,2011-08-12 14:33:00,119,0,1,At Risk / Lapsed
17123,1,345.3,246,2011-07-01 10:47:00,2011-07-01 10:47:00,162,0,1,At Risk / Lapsed
17124,1,294.24,129,2011-06-07 14:02:00,2011-06-07 14:02:00,185,0,1,At Risk / Lapsed
17125,1,230.5,281,2011-10-20 14:41:00,2011-10-20 14:41:00,50,0,1,At Risk / Lapsed
17126,5,989.45,780,2010-12-12 11:26:00,2011-07-10 13:52:00,152,210,2,Loyal Mid-Value
17128,1,157.09,76,2011-01-09 12:02:00,2011-01-09 12:02:00,335,0,1,At Risk / Lapsed
17131,5,2463.17,983,2011-09-25 12:42:00,2011-12-04 12:52:00,5,70,0,Champions
17133,7,4892.240000000001,2730,2011-03-18 13:47:00,2011-11-24 12:27:00,16,250,0,Champions
17134,2,413.2,98,2011-03-20 11:56:00,2011-08-25 09:53:00,107,157,1,At Risk / Lapsed
17135,7,1139.73,1224,2010-12-03 09:31:00,2011-11-23 16:48:00,16,355,2,Loyal Mid-Value
17138,1,380.5,126,2011-03-09 11:54:00,2011-03-09 11:54:00,276,0,1,At Risk / Lapsed
17139,12,10650.77,5176,2011-02-24 09:32:00,2011-11-24 10:12:00,16,273,0,Champions
17140,1,454.12,296,2011-04-06 13:33:00,2011-04-06 13:33:00,247,0,1,At Risk / Lapsed
17142,1,579.0,81,2011-04-14 18:22:00,2011-04-14 18:22:00,239,0,1,At Risk / Lapsed
17144,2,984.57,483,2011-09-16 12:50:00,2011-12-08 17:57:00,1,83,3,New / Low Engagement
17146,3,749.78,212,2010-12-16 12:20:00,2011-08-26 12:44:00,106,253,2,Loyal Mid-Value
17147,4,1714.59,882,2011-02-01 09:36:00,2011-11-17 12:32:00,23,289,2,Loyal Mid-Value
17148,1,124.88,82,2011-10-19 09:59:00,2011-10-19 09:59:00,52,0,1,At Risk / Lapsed
17152,3,1689.5,517,2011-03-21 16:20:00,2011-05-29 12:19:00,195,68,2,Loyal Mid-Value
17153,1,213.78,104,2011-11-15 13:42:00,2011-11-15 13:42:00,24,0,3,New / Low Engagement
17154,1,329.34,490,2011-09-25 13:42:00,2011-09-25 13:42:00,75,0,1,At Risk / Lapsed
17155,2,251.7,242,2011-06-15 10:22:00,2011-11-22 12:38:00,18,160,3,New / Low Engagement
17157,2,319.0,172,2011-06-16 15:08:00,2011-12-02 09:10:00,8,168,3,New / Low Engagement
17158,3,1266.97,778,2010-12-14 13:03:00,2011-11-07 15:15:00,32,328,2,Loyal Mid-Value
17159,3,1538.88,1111,2011-06-21 09:49:00,2011-11-18 10:52:00,22,150,2,Loyal Mid-Value
17160,6,3518.03,2856,2011-04-12 12:00:00,2011-11-08 14:05:00,31,210,2,Loyal Mid-Value
17162,10,1715.46,1001,2011-02-07 12:27:00,2011-11-11 11:34:00,29,276,0,Champions
17163,2,293.1,66,2011-09-22 15:54:00,2011-11-18 08:57:00,22,56,3,New / Low Engagement
17164,7,2467.35,1501,2011-03-11 14:26:00,2011-11-07 09:14:00,33,240,2,Loyal Mid-Value
17165,1,158.68,100,2011-02-28 16:39:00,2011-02-28 16:39:00,284,0,1,At Risk / Lapsed
17166,2,206.34,78,2011-05-20 08:18:00,2011-11-01 09:46:00,39,165,3,New / Low Engagement
17169,2,835.78,526,2011-06-09 13:16:00,2011-10-13 10:25:00,58,125,2,Loyal Mid-Value
17171,1,224.91,185,2011-02-23 16:37:00,2011-02-23 16:37:00,289,0,1,At Risk / Lapsed
17172,1,317.76,480,2011-09-22 09:36:00,2011-09-22 09:36:00,79,0,1,At Risk / Lapsed
17173,8,3766.6,1122,2011-07-31 15:26:00,2011-12-04 14:40:00,5,125,0,Champions
17174,1,59.9,41,2011-05-06 11:47:00,2011-05-06 11:47:00,218,0,1,At Risk / Lapsed
17175,4,1443.69,866,2011-02-16 14:56:00,2011-10-26 15:31:00,44,252,2,Loyal Mid-Value
17176,1,306.13,170,2011-05-22 12:41:00,2011-05-22 12:41:00,202,0,1,At Risk / Lapsed
17179,3,711.79,290,2010-12-13 14:24:00,2011-06-14 16:48:00,178,183,2,Loyal Mid-Value
17180,4,783.97,670,2011-01-27 18:05:00,2011-10-14 15:46:00,56,259,2,Loyal Mid-Value
17181,2,239.92000000000002,241,2010-12-01 12:38:00,2011-10-13 14:48:00,57,316,1,At Risk / Lapsed
17183,6,3347.31,1296,2011-08-26 15:25:00,2011-12-02 10:07:00,8,97,0,Champions
17186,2,144.0,200,2011-10-10 12:52:00,2011-10-24 10:20:00,47,13,1,At Risk / Lapsed
17187,1,203.95,144,2011-04-27 12:39:00,2011-04-27 12:39:00,227,0,1,At Risk / Lapsed
17188,7,2474.23,1328,2010-12-12 12:56:00,2011-11-28 13:53:00,11,351,0,Champions
17189,2,383.75,226,2010-12-15 17:28:00,2011-08-25 19:39:00,106,253,1,At Risk / Lapsed
17190,2,444.74,161,2011-05-16 15:29:00,2011-10-12 11:33:00,59,148,1,At Risk / Lapsed
17191,7,2093.68,1166,2010-12-06 14:36:00,2011-11-11 16:58:00,28,340,2,Loyal Mid-Value
17193,7,1699.3,1254,2011-06-16 10:04:00,2011-11-04 12:47:00,36,141,2,Loyal Mid-Value
17194,1,226.78,112,2010-12-14 12:06:00,2010-12-14 12:06:00,361,0,1,At Risk / Lapsed
17197,1,1013.01,191,2011-11-10 10:32:00,2011-11-10 10:32:00,30,0,3,New / Low Engagement
17198,3,692.22,357,2010-12-03 14:54:00,2011-11-16 10:39:00,24,347,3,New / Low Engagement
17201,1,289.78,231,2011-10-17 11:55:00,2011-10-17 11:55:00,54,0,1,At Risk / Lapsed
17203,6,3560.08,2846,2011-10-10 14:37:00,2011-11-04 12:27:00,36,24,2,Loyal Mid-Value
17204,4,1564.56,646,2011-03-21 12:42:00,2011-06-17 14:46:00,175,88,2,Loyal Mid-Value
17205,1,384.08,884,2011-10-17 12:46:00,2011-10-17 12:46:00,54,0,1,At Risk / Lapsed
17206,1,204.24,76,2011-10-17 13:25:00,2011-10-17 13:25:00,53,0,1,At Risk / Lapsed
17211,8,2317.2200000000003,1323,2010-12-05 12:44:00,2011-11-13 12:03:00,27,342,2,Loyal Mid-Value
17212,1,226.85,147,2011-03-31 19:42:00,2011-03-31 19:42:00,253,0,1,At Risk / Lapsed
17213,7,2781.23,1176,2010-12-08 13:03:00,2011-10-30 14:53:00,40,326,2,Loyal Mid-Value
17214,6,1059.1200000000001,272,2010-12-15 15:14:00,2011-10-10 13:17:00,60,298,2,Loyal Mid-Value
17217,1,113.5,24,2011-04-19 17:19:00,2011-04-19 17:19:00,234,0,1,At Risk / Lapsed
17218,10,1951.97,955,2010-12-06 15:25:00,2011-12-05 13:52:00,4,363,0,Champions
17219,1,114.23,89,2011-11-08 11:25:00,2011-11-08 11:25:00,32,0,3,New / Low Engagement
17220,14,3187.55,1897,2010-12-10 14:54:00,2011-11-15 13:47:00,24,339,0,Champions
17221,2,334.48,287,2011-11-03 17:39:00,2011-12-02 13:35:00,7,28,3,New / Low Engagement
17222,1,328.65,122,2011-10-05 13:58:00,2011-10-05 13:58:00,65,0,1,At Risk / Lapsed
17223,2,381.89,109,2010-12-06 14:08:00,2011-02-02 15:57:00,310,58,1,At Risk / Lapsed
17226,1,393.49,406,2011-02-04 11:52:00,2011-02-04 11:52:00,309,0,1,At Risk / Lapsed
17227,6,939.32,741,2010-12-06 11:16:00,2011-11-21 10:51:00,19,349,2,Loyal Mid-Value
17228,8,1906.09,1532,2010-12-02 16:00:00,2011-11-24 10:24:00,16,356,0,Champions
17229,2,318.76,185,2011-07-20 12:38:00,2011-09-04 13:56:00,96,46,1,At Risk / Lapsed
17230,8,3638.41,1651,2010-12-15 11:22:00,2011-03-20 16:12:00,264,95,2,Loyal Mid-Value
17231,10,3124.72,1724,2010-12-13 14:16:00,2011-11-27 15:18:00,12,349,0,Champions
17232,2,417.77,202,2011-11-25 12:24:00,2011-12-07 12:21:00,3,11,3,New / Low Engagement
17233,1,190.88,131,2011-11-04 14:06:00,2011-11-04 14:06:00,35,0,3,New / Low Engagement
17234,1,149.89,55,2011-06-10 11:20:00,2011-06-10 11:20:00,183,0,1,At Risk / Lapsed
17235,2,550.06,224,2010-12-02 13:38:00,2011-11-14 15:51:00,25,347,3,New / Low Engagement
17236,6,916.13,474,2010-12-12 11:49:00,2011-11-27 12:00:00,13,350,2,Loyal Mid-Value
17237,2,314.69,105,2011-11-17 12:55:00,2011-11-28 15:02:00,11,11,3,New / Low Engagement
17238,17,3719.1,1807,2010-12-03 15:05:00,2011-12-07 11:35:00,3,368,0,Champions
17239,1,382.5,150,2011-01-31 09:41:00,2011-01-31 09:41:00,313,0,1,At Risk / Lapsed
17242,2,1135.04,611,2011-06-12 13:04:00,2011-08-23 14:55:00,108,72,2,Loyal Mid-Value
17243,26,8531.65,3316,2010-12-05 10:03:00,2011-12-08 13:26:00,1,368,0,Champions
17244,1,954.9,616,2011-10-17 15:19:00,2011-10-17 15:19:00,53,0,1,At Risk / Lapsed
17245,1,171.45,75,2011-05-19 10:43:00,2011-05-19 10:43:00,205,0,1,At Risk / Lapsed
17247,1,280.09000000000003,105,2011-11-24 15:21:00,2011-11-24 15:21:00,15,0,3,New / Low Engagement
17248,1,318.65,213,2011-08-11 13:34:00,2011-08-11 13:34:00,120,0,1,At Risk / Lapsed
17250,2,381.97,167,2011-03-23 16:45:00,2011-12-06 12:15:00,4,257,3,New / Low Engagement
17251,1,269.83,108,2010-12-12 11:06:00,2010-12-12 11:06:00,363,0,1,At Risk / Lapsed
17252,2,348.91,192,2011-06-06 16:41:00,2011-08-15 09:45:00,117,69,1,At Risk / Lapsed
17253,1,178.26,43,2011-11-21 12:59:00,2011-11-21 12:59:00,18,0,3,New / Low Engagement
17254,2,271.19,251,2011-11-24 14:09:00,2011-12-05 12:46:00,5,10,3,New / Low Engagement
17255,2,291.48,227,2011-02-13 15:18:00,2011-10-30 12:18:00,41,258,3,New / Low Engagement
17256,2,240.0,141,2011-01-31 14:53:00,2011-08-24 13:30:00,107,204,1,At Risk / Lapsed
17259,2,581.23,388,2010-12-06 12:55:00,2011-07-14 15:01:00,148,220,1,At Risk / Lapsed
17262,5,1253.3600000000001,367,2010-12-08 13:30:00,2011-10-18 12:56:00,52,313,2,Loyal Mid-Value
17263,1,63.44,36,2011-05-15 14:32:00,2011-05-15 14:32:00,208,0,1,At Risk / Lapsed
17265,2,550.01,389,2011-06-12 12:00:00,2011-07-24 10:49:00,139,41,1,At Risk / Lapsed
17266,3,296.58,153,2011-07-15 11:57:00,2011-12-07 14:12:00,2,145,3,New / Low Engagement
17267,2,317.2,158,2011-08-04 17:19:00,2011-08-04 17:22:00,127,0,1,At Risk / Lapsed
17268,4,763.64,844,2011-04-08 13:20:00,2011-08-24 10:06:00,108,137,2,Loyal Mid-Value
17272,4,2148.63,1778,2011-03-22 12:05:00,2011-10-28 16:37:00,42,220,2,Loyal Mid-Value
17274,1,107.82,77,2011-11-04 13:16:00,2011-11-04 13:16:00,35,0,1,At Risk / Lapsed
17277,2,1065.3500000000001,430,2011-01-21 12:37:00,2011-04-26 12:47:00,228,95,1,At Risk / Lapsed
17278,1,246.04000000000002,179,2011-04-12 13:10:00,2011-04-12 13:10:00,241,0,1,At Risk / Lapsed
17279,1,187.83,48,2011-10-13 11:58:00,2011-10-13 11:58:00,58,0,1,At Risk / Lapsed
17282,3,1685.46,1866,2011-02-13 11:36:00,2011-08-01 14:29:00,130,169,2,Loyal Mid-Value
17284,6,1647.48,1362,2011-01-07 14:31:00,2011-10-10 14:38:00,60,276,2,Loyal Mid-Value
17286,1,151.37,117,2011-11-18 12:47:00,2011-11-18 12:47:00,22,0,3,New / Low Engagement
17287,7,1049.06,556,2010-12-02 12:22:00,2011-11-13 13:27:00,26,346,2,Loyal Mid-Value
17288,7,1417.6299999999999,1201,2010-12-16 13:33:00,2011-11-30 16:09:00,9,349,0,Champions
17289,3,931.02,513,2011-06-12 13:51:00,2011-11-08 12:01:00,32,148,2,Loyal Mid-Value
17290,2,513.01,397,2011-11-23 15:53:00,2011-12-06 12:38:00,4,12,3,New / Low Engagement
17291,1,550.8000000000001,72,2011-02-04 13:04:00,2011-02-04 13:04:00,308,0,1,At Risk / Lapsed
17293,9,1854.06,1135,2010-12-13 14:55:00,2011-12-01 14:37:00,8,352,0,Champions
17295,3,547.0,293,2011-10-06 12:22:00,2011-11-11 10:49:00,29,35,3,New / Low Engagement
17297,1,128.18,65,2011-11-22 14:43:00,2011-11-22 14:43:00,17,0,3,New / Low Engagement
17298,2,498.42,387,2011-08-07 12:21:00,2011-08-30 16:43:00,101,23,1,At Risk / Lapsed
17299,4,656.61,668,2011-06-19 16:04:00,2011-11-28 12:01:00,12,161,3,New / Low Engagement
17301,1,163.24,137,2011-11-18 13:43:00,2011-11-18 13:43:00,21,0,3,New / Low Engagement
17302,5,1135.63,575,2011-02-07 10:14:00,2011-11-25 09:36:00,15,290,2,Loyal Mid-Value
17303,1,250.04,144,2010-12-13 13:32:00,2010-12-13 13:32:00,361,0,1,At Risk / Lapsed
17306,19,8631.31,11491,2010-12-21 13:34:00,2011-11-29 12:14:00,11,342,0,Champions
17309,1,82.75,41,2011-09-05 15:20:00,2011-09-05 15:20:00,95,0,1,At Risk / Lapsed
17311,2,1384.85,1005,2011-01-27 10:56:00,2011-09-22 14:11:00,78,238,2,Loyal Mid-Value
17312,3,644.3000000000001,372,2011-07-03 13:12:00,2011-07-24 11:52:00,139,20,2,Loyal Mid-Value
17313,1,2328.84,1402,2011-11-08 15:45:00,2011-11-08 15:45:00,31,0,2,Loyal Mid-Value
17314,8,2527.92,1896,2011-01-31 11:25:00,2011-11-15 09:41:00,25,287,0,Champions
17315,36,6241.15,3837,2010-12-17 12:24:00,2011-12-08 12:15:00,2,355,0,Champions
17317,3,2600.34,1146,2011-09-11 12:45:00,2011-10-24 17:19:00,46,43,2,Loyal Mid-Value
17320,3,1200.6200000000001,634,2010-12-06 15:38:00,2011-08-31 13:31:00,100,267,2,Loyal Mid-Value
17321,2,657.16,364,2011-10-03 11:34:00,2011-12-01 13:41:00,8,59,3,New / Low Engagement
17323,7,903.12,756,2011-02-20 14:38:00,2011-11-24 17:29:00,15,277,2,Loyal Mid-Value
17324,4,986.48,843,2010-12-08 12:45:00,2011-11-22 10:34:00,18,348,2,Loyal Mid-Value
17325,1,96.8,60,2011-03-04 13:09:00,2011-03-04 13:09:00,280,0,1,At Risk / Lapsed
17329,2,523.11,142,2011-01-28 15:29:00,2011-11-25 14:24:00,14,300,3,New / Low Engagement
17330,2,363.9,120,2011-10-03 11:26:00,2011-11-17 08:56:00,23,44,3,New / Low Engagement
17331,1,175.2,16,2011-08-08 11:55:00,2011-08-08 11:55:00,124,0,1,At Risk / Lapsed
17333,1,494.25,375,2011-09-15 10:11:00,2011-09-15 10:11:00,86,0,1,At Risk / Lapsed
17334,2,307.02000000000004,315,2011-02-04 09:03:00,2011-02-10 14:59:00,302,6,1,At Risk / Lapsed
17337,4,1979.61,1246,2011-02-02 17:06:00,2011-07-11 14:55:00,151,158,2,Loyal Mid-Value
17338,8,6484.75,3044,2010-12-13 12:57:00,2011-11-22 14:23:00,17,344,0,Champions
17339,2,243.36,152,2010-12-09 14:44:00,2011-09-06 13:29:00,94,270,1,At Risk / Lapsed
17340,11,12353.29,5967,2010-12-08 15:56:00,2011-11-10 10:45:00,30,336,0,Champions
17341,3,682.29,443,2010-12-08 12:46:00,2011-07-06 12:33:00,157,209,2,Loyal Mid-Value
17343,1,193.64000000000001,56,2010-12-19 15:07:00,2010-12-19 15:07:00,355,0,1,At Risk / Lapsed
17344,1,157.62,65,2011-10-24 12:56:00,2011-10-24 12:56:00,46,0,1,At Risk / Lapsed
17345,4,519.6899999999999,341,2011-05-27 12:26:00,2011-11-24 15:03:00,15,181,3,New / Low Engagement
17346,15,2622.88,1617,2010-12-01 14:34:00,2011-12-06 12:18:00,4,369,0,Champions
17347,1,228.96,216,2011-09-14 13:12:00,2011-09-14 13:12:00,86,0,1,At Risk / Lapsed
17348,5,1156.6,1398,2011-02-15 10:49:00,2011-11-25 11:25:00,15,283,2,Loyal Mid-Value
17349,1,98.25,102,2011-06-13 14:29:00,2011-06-13 14:29:00,179,0,1,At Risk / Lapsed
17350,4,1281.32,770,2011-10-19 16:05:00,2011-12-01 15:47:00,8,42,3,New / Low Engagement
17351,3,587.15,113,2011-03-11 16:05:00,2011-11-03 18:45:00,36,237,2,Loyal Mid-Value
17353,2,1740.0,1200,2011-07-08 16:17:00,2011-08-02 17:19:00,129,25,2,Loyal Mid-Value
17354,1,1393.06,1006,2011-10-20 10:34:00,2011-10-20 10:34:00,51,0,2,Loyal Mid-Value
17356,1,178.22,166,2011-02-01 11:07:00,2011-02-01 11:07:00,312,0,1,At Risk / Lapsed
17357,2,384.39,152,2011-11-15 16:29:00,2011-11-15 16:30:00,24,0,3,New / Low Engagement
17358,2,360.81,190,2010-12-19 14:16:00,2011-02-09 16:57:00,303,52,1,At Risk / Lapsed
17359,1,127.86,161,2011-11-28 14:37:00,2011-11-28 14:37:00,11,0,3,New / Low Engagement
17360,3,568.24,328,2011-06-08 17:09:00,2011-11-22 13:11:00,17,166,3,New / Low Engagement
17361,3,488.2,157,2011-02-21 09:55:00,2011-10-21 15:43:00,49,242,2,Loyal Mid-Value
17362,2,312.23,191,2011-02-03 10:26:00,2011-04-14 14:43:00,239,70,1,At Risk / Lapsed
17364,11,4462.68,2692,2011-01-12 16:57:00,2011-12-09 09:00:00,1,330,0,Champions
17365,8,4762.32,4737,2011-01-11 12:11:00,2011-11-27 12:13:00,13,320,0,Champions
17367,1,167.55,149,2011-04-15 14:21:00,2011-04-15 14:21:00,238,0,1,At Risk / Lapsed
17368,8,1878.87,1377,2011-01-06 11:57:00,2011-11-16 15:26:00,23,314,2,Loyal Mid-Value
17370,4,446.18,540,2011-06-23 11:50:00,2011-09-28 10:14:00,73,96,2,Loyal Mid-Value
17371,3,418.4,151,2010-12-13 15:20:00,2011-11-22 13:30:00,17,343,3,New / Low Engagement
17372,8,1337.18,747,2010-12-12 12:00:00,2011-10-30 11:37:00,41,321,2,Loyal Mid-Value
17373,4,646.92,408,2011-01-31 11:46:00,2011-10-30 15:28:00,40,272,2,Loyal Mid-Value
17374,2,495.77,85,2011-03-03 12:53:00,2011-05-05 09:05:00,219,62,1,At Risk / Lapsed
17375,3,400.1,367,2010-12-13 15:16:00,2011-05-24 15:45:00,199,162,1,At Risk / Lapsed
17376,2,203.2,86,2011-02-01 14:12:00,2011-09-30 12:36:00,71,240,1,At Risk / Lapsed
17377,20,4058.32,2038,2010-12-01 12:35:00,2011-11-16 11:17:00,24,349,0,Champions
17379,1,389.72,623,2011-11-28 13:56:00,2011-11-28 13:56:00,11,0,3,New / Low Engagement
17381,29,20275.61,25649,2010-12-02 12:58:00,2011-12-01 11:59:00,9,363,0,Champions
17382,1,65.4,25,2011-10-05 13:05:00,2011-10-05 13:05:00,65,0,1,At Risk / Lapsed
17383,1,193.39000000000001,148,2011-12-05 17:36:00,2011-12-05 17:36:00,4,0,3,New / Low Engagement
17384,2,336.4,88,2011-05-04 16:07:00,2011-11-20 15:48:00,19,199,3,New / Low Engagement
17385,1,256.11,197,2011-11-25 11:02:00,2011-11-25 11:02:00,15,0,3,New / Low Engagement
17386,6,2686.42,1902,2011-06-27 12:11:00,2011-12-02 11:28:00,8,157,0,Champions
17387,2,746.81,522,2011-11-06 11:25:00,2011-11-20 11:00:00,20,13,3,New / Low Engagement
17388,4,1259.56,1068,2011-02-25 12:28:00,2011-09-23 10:31:00,78,209,2,Loyal Mid-Value
17389,34,31833.68,7612,2011-01-12 15:48:00,2011-12-09 09:38:00,1,330,0,Champions
17391,2,508.8,480,2011-06-28 12:21:00,2011-06-29 09:58:00,164,0,1,At Risk / Lapsed
17392,2,411.27,275,2010-12-16 19:04:00,2011-02-06 12:48:00,307,51,1,At Risk / Lapsed
17394,1,203.86999999999998,241,2011-05-04 13:22:00,2011-05-04 13:22:00,219,0,1,At Risk / Lapsed
17396,7,7312.8,2004,2010-12-03 09:45:00,2011-10-31 14:12:00,39,332,0,Champions
17397,2,681.41,250,2011-11-17 13:58:00,2011-11-17 14:08:00,22,0,3,New / Low Engagement
17398,3,653.38,310,2011-03-29 13:04:00,2011-08-17 09:48:00,115,140,2,Loyal Mid-Value
17400,5,2097.84,1088,2010-12-21 17:16:00,2011-08-05 15:38:00,126,226,2,Loyal Mid-Value
17402,12,2598.85,700,2010-12-05 13:53:00,2011-12-05 10:15:00,5,364,0,Champions
17403,1,263.92,111,2011-11-03 15:18:00,2011-11-03 15:18:00,36,0,3,New / Low Engagement
17404,13,31781.82,32744,2010-12-14 13:28:00,2011-12-05 16:26:00,4,356,0,Champions
17405,3,1031.41,726,2011-07-12 14:17:00,2011-12-08 17:12:00,1,149,3,New / Low Engagement
17406,3,2184.42,780,2010-12-08 10:35:00,2011-01-10 15:07:00,333,33,2,Loyal Mid-Value
17408,1,32.65,3,2011-06-29 12:53:00,2011-06-29 12:53:00,163,0,1,At Risk / Lapsed
17409,2,771.85,105,2011-04-05 16:42:00,2011-06-08 10:36:00,185,63,1,At Risk / Lapsed
17410,5,1214.72,616,2011-05-08 15:21:00,2011-11-23 15:46:00,16,199,2,Loyal Mid-Value
17411,3,778.94,306,2011-03-23 13:44:00,2011-11-27 14:25:00,12,249,3,New / Low Engagement
17412,7,1258.06,738,2010-12-02 16:29:00,2011-12-07 11:36:00,3,369,0,Champions
17414,2,778.0,2100,2011-06-08 11:43:00,2011-10-27 12:13:00,44,141,2,Loyal Mid-Value
17415,1,507.84,114,2011-09-21 12:50:00,2011-09-21 12:50:00,80,0,1,At Risk / Lapsed
17416,7,6893.42,4302,2011-03-03 13:45:00,2011-11-10 12:47:00,30,251,0,Champions
17418,2,463.46000000000004,289,2011-01-20 11:39:00,2011-10-28 13:00:00,42,281,3,New / Low Engagement
17419,12,4226.57,1876,2010-12-07 15:03:00,2011-11-28 13:47:00,11,355,0,Champions
17420,3,598.83,265,2010-12-01 09:56:00,2011-10-20 14:52:00,50,323,2,Loyal Mid-Value
17422,6,1979.37,2253,2011-02-16 14:44:00,2011-11-23 13:27:00,16,279,2,Loyal Mid-Value
17423,2,698.41,459,2011-05-06 09:14:00,2011-10-24 13:36:00,46,171,2,Loyal Mid-Value
17425,2,759.17,407,2011-10-10 11:37:00,2011-11-20 15:30:00,19,41,3,New / Low Engagement
17426,6,5037.26,3094,2011-03-02 16:34:00,2011-12-01 18:07:00,8,274,0,Champions
17427,1,100.8,34,2011-09-29 11:29:00,2011-09-29 11:29:00,72,0,1,At Risk / Lapsed
17428,28,17256.85,9474,2010-12-06 09:37:00,2011-12-09 09:45:00,1,368,0,Champions
17429,3,524.9200000000001,624,2011-05-05 09:53:00,2011-08-03 13:22:00,128,90,1,At Risk / Lapsed
17430,2,265.76,190,2010-12-09 13:05:00,2011-11-07 09:24:00,33,332,3,New / Low Engagement
17431,1,403.3,292,2011-01-30 14:36:00,2011-01-30 14:36:00,313,0,1,At Risk / Lapsed
17432,2,365.76,207,2011-11-02 17:30:00,2011-11-21 17:33:00,18,19,3,New / Low Engagement
17433,1,303.16,185,2011-09-12 14:24:00,2011-09-12 14:24:00,88,0,1,At Risk / Lapsed
17434,7,2373.82,1693,2011-09-15 13:54:00,2011-12-07 13:16:00,2,82,0,Champions
17436,2,216.3,90,2011-04-27 11:33:00,2011-12-08 12:30:00,2,225,3,New / Low Engagement
17438,1,388.45,103,2011-03-31 10:26:00,2011-03-31 10:26:00,254,0,1,At Risk / Lapsed
17440,3,186.42000000000002,246,2011-04-06 12:05:00,2011-07-06 11:54:00,157,90,1,At Risk / Lapsed
17442,6,2248.56,1496,2011-02-22 13:02:00,2011-11-03 09:17:00,37,253,2,Loyal Mid-Value
17443,1,534.24,504,2011-05-04 10:47:00,2011-05-04 10:47:00,220,0,1,At Risk / Lapsed
17444,2,2389.1,2118,2011-06-20 09:04:00,2011-07-11 10:33:00,152,21,2,Loyal Mid-Value
17446,2,120.89999999999999,198,2011-02-02 14:40:00,2011-06-16 10:42:00,177,133,1,At Risk / Lapsed
17447,2,541.53,443,2011-09-29 10:10:00,2011-10-30 14:18:00,40,31,3,New / Low Engagement
17449,7,2516.21,1120,2010-12-15 10:57:00,2011-12-07 16:56:00,2,357,0,Champions
17450,46,194390.79,69973,2010-12-07 09:23:00,2011-12-01 13:29:00,8,359,0,Champions
17451,7,1721.4,1203,2011-08-26 11:54:00,2011-12-08 15:02:00,1,104,0,Champions
17453,2,486.72,219,2011-10-06 17:02:00,2011-11-22 09:42:00,18,46,3,New / Low Engagement
17454,4,517.53,243,2010-12-15 10:54:00,2011-05-31 13:58:00,192,167,2,Loyal Mid-Value
17455,1,131.7,66,2011-05-20 12:31:00,2011-05-20 12:31:00,204,0,1,At Risk / Lapsed
17456,1,249.86,222,2010-12-09 15:23:00,2010-12-09 15:23:00,365,0,1,At Risk / Lapsed
17457,5,1737.7,826,2011-01-04 14:33:00,2011-08-05 12:48:00,127,212,2,Loyal Mid-Value
17458,1,316.5,170,2011-11-24 13:01:00,2011-11-24 13:01:00,15,0,3,New / Low Engagement
17459,2,657.3,537,2011-10-10 17:00:00,2011-10-27 13:25:00,43,16,3,New / Low Engagement
17460,6,622.4300000000001,236,2010-12-01 16:24:00,2011-09-06 15:04:00,94,278,2,Loyal Mid-Value
17461,3,735.82,770,2011-11-10 12:01:00,2011-11-17 10:21:00,23,6,3,New / Low Engagement
17462,2,675.69,227,2011-02-28 17:01:00,2011-10-10 13:56:00,60,223,2,Loyal Mid-Value
17463,5,1875.8600000000001,1086,2011-01-30 15:48:00,2011-11-23 13:40:00,16,296,2,Loyal Mid-Value
17464,1,289.96000000000004,220,2011-07-04 13:19:00,2011-07-04 13:19:00,158,0,1,At Risk / Lapsed
17466,2,763.28,306,2011-09-22 09:16:00,2011-11-29 13:15:00,10,68,3,New / Low Engagement
17468,2,137.0,116,2011-11-25 12:52:00,2011-11-29 15:33:00,10,4,3,New / Low Engagement
17469,5,1870.97,787,2011-05-19 08:55:00,2011-11-23 13:15:00,16,188,2,Loyal Mid-Value
17470,5,1125.07,1675,2010-12-07 09:57:00,2011-10-26 12:42:00,45,323,2,Loyal Mid-Value
17472,3,697.54,455,2011-02-13 14:40:00,2011-06-01 14:57:00,191,108,1,At Risk / Lapsed
17475,1,194.37,178,2011-09-21 14:55:00,2011-09-21 14:55:00,79,0,1,At Risk / Lapsed
17480,1,511.82,338,2011-09-23 11:39:00,2011-09-23 11:39:00,78,0,1,At Risk / Lapsed
17481,4,1255.59,1061,2011-09-07 09:57:00,2011-12-06 12:28:00,4,90,3,New / Low Engagement
17483,3,414.04,191,2011-06-09 19:40:00,2011-10-05 13:10:00,65,117,2,Loyal Mid-Value
17486,1,396.87,191,2011-03-23 14:00:00,2011-03-23 14:00:00,261,0,1,At Risk / Lapsed
17489,2,376.64,428,2011-05-11 11:34:00,2011-10-12 08:56:00,59,153,1,At Risk / Lapsed
17490,7,2092.32,1134,2011-06-16 09:15:00,2011-12-09 09:08:00,1,175,0,Champions
17491,10,3558.87,2013,2010-12-07 12:18:00,2011-12-08 16:18:00,1,366,0,Champions
17492,1,374.57,155,2011-04-05 15:21:00,2011-04-05 15:21:00,248,0,1,At Risk / Lapsed
17495,2,497.56,229,2011-11-01 12:06:00,2011-12-02 12:08:00,8,31,3,New / Low Engagement
17496,1,271.05,79,2010-12-16 08:39:00,2010-12-16 08:39:00,359,0,1,At Risk / Lapsed
17498,1,272.22,394,2011-09-25 12:25:00,2011-09-25 12:25:00,76,0,1,At Risk / Lapsed
17499,1,622.88,711,2011-02-23 09:14:00,2011-02-23 09:14:00,290,0,1,At Risk / Lapsed
17500,3,1138.0,17,2011-11-10 09:08:00,2011-11-22 14:25:00,17,12,2,Loyal Mid-Value
17501,2,288.6,160,2011-05-03 09:46:00,2011-05-03 09:47:00,221,0,1,At Risk / Lapsed
17502,4,689.1,376,2011-11-10 16:39:00,2011-11-30 13:13:00,9,19,3,New / Low Engagement
17503,2,558.96,486,2011-11-01 11:12:00,2011-12-07 09:18:00,3,35,3,New / Low Engagement
17504,9,2997.03,1664,2011-01-21 11:09:00,2011-05-17 12:59:00,206,116,2,Loyal Mid-Value
17505,2,1145.8400000000001,556,2011-05-18 09:01:00,2011-07-01 12:50:00,162,44,2,Loyal Mid-Value
17506,1,302.2,139,2011-09-25 11:39:00,2011-09-25 11:39:00,76,0,1,At Risk / Lapsed
17507,2,605.58,359,2011-02-03 18:08:00,2011-03-23 11:48:00,262,47,1,At Risk / Lapsed
17508,1,387.31,289,2011-03-04 08:10:00,2011-03-04 08:10:00,281,0,1,At Risk / Lapsed
17509,8,6083.64,3512,2011-10-07 13:14:00,2011-10-13 10:26:00,58,5,2,Loyal Mid-Value
17510,1,308.48,214,2011-11-15 10:00:00,2011-11-15 10:00:00,25,0,3,New / Low Engagement
17511,31,91062.38,64549,2010-12-01 10:19:00,2011-12-07 10:12:00,3,370,0,Champions
17512,10,2924.9900000000002,2753,2011-02-11 12:22:00,2011-11-11 12:11:00,29,272,0,Champions
17513,1,513.1999999999999,254,2011-09-28 16:42:00,2011-09-28 16:42:00,72,0,1,At Risk / Lapsed
17514,1,208.65,135,2011-08-03 15:45:00,2011-08-03 15:45:00,128,0,1,At Risk / Lapsed
17515,4,639.02,243,2011-01-25 14:33:00,2011-11-08 14:04:00,31,286,2,Loyal Mid-Value
17516,5,764.88,414,2011-02-27 12:41:00,2011-11-24 16:51:00,15,270,2,Loyal Mid-Value
17517,1,153.94,102,2011-02-04 11:48:00,2011-02-04 11:48:00,309,0,1,At Risk / Lapsed
17519,6,1844.02,1236,2010-12-06 15:18:00,2011-11-22 16:43:00,17,351,2,Loyal Mid-Value
17520,1,546.81,365,2011-10-17 12:04:00,2011-10-17 12:04:00,54,0,1,At Risk / Lapsed
17521,3,723.21,519,2011-05-24 15:14:00,2011-11-10 11:22:00,30,169,2,Loyal Mid-Value
17522,5,1066.15,1022,2011-05-05 16:31:00,2011-12-08 12:31:00,2,216,0,Champions
17523,4,652.74,872,2011-11-20 13:40:00,2011-11-28 13:20:00,11,7,3,New / Low Engagement
17524,1,145.0,90,2010-12-13 14:32:00,2010-12-13 14:32:00,361,0,1,At Risk / Lapsed
17525,1,422.7,82,2010-12-15 12:05:00,2010-12-15 12:05:00,360,0,1,At Risk / Lapsed
17526,4,1195.8999999999999,310,2010-12-09 12:20:00,2011-12-05 11:05:00,5,360,3,New / Low Engagement
17527,4,939.37,488,2011-05-05 13:43:00,2011-10-17 12:32:00,54,164,2,Loyal Mid-Value
17528,8,3628.5,2138,2011-09-29 13:04:00,2011-12-08 13:27:00,1,70,0,Champions
17530,10,2362.53,1511,2010-12-09 20:01:00,2011-12-08 18:42:00,1,363,0,Champions
17531,1,296.7,136,2011-06-02 19:17:00,2011-06-02 19:17:00,190,0,1,At Risk / Lapsed
17534,1,223.36,103,2011-10-17 12:47:00,2011-10-17 12:47:00,54,0,1,At Risk / Lapsed
17535,1,164.4,136,2011-03-04 15:20:00,2011-03-04 15:20:00,280,0,1,At Risk / Lapsed
17536,1,76.5,6,2011-06-15 13:23:00,2011-06-15 13:23:00,177,0,1,At Risk / Lapsed
17537,2,887.6700000000001,699,2011-02-09 13:37:00,2011-11-10 10:56:00,30,273,3,New / Low Engagement
17538,1,98.42,134,2011-11-14 12:12:00,2011-11-14 12:12:00,26,0,3,New / Low Engagement
17540,2,578.9,194,2011-01-27 14:35:00,2011-11-15 11:56:00,25,291,3,New / Low Engagement
17542,1,170.75,134,2011-03-15 11:45:00,2011-03-15 11:45:00,270,0,1,At Risk / Lapsed
17545,3,642.32,337,2011-10-27 13:48:00,2011-10-27 14:04:00,43,0,2,Loyal Mid-Value
17548,1,103.3,58,2011-04-20 12:01:00,2011-04-20 12:01:00,234,0,1,At Risk / Lapsed
17549,2,148.86,210,2011-10-19 10:05:00,2011-11-16 09:59:00,24,27,3,New / Low Engagement
17550,3,267.16,86,2011-04-10 15:19:00,2011-05-26 14:09:00,197,45,1,At Risk / Lapsed
17551,1,290.34000000000003,142,2010-12-15 14:12:00,2010-12-15 14:12:00,359,0,1,At Risk / Lapsed
17552,4,930.41,719,2010-12-02 18:45:00,2011-10-10 17:00:00,60,311,2,Loyal Mid-Value
17553,1,1487.6,1048,2011-08-02 10:00:00,2011-08-02 10:00:00,130,0,1,At Risk / Lapsed
17554,5,1952.45,1763,2011-07-14 20:01:00,2011-12-08 14:15:00,1,146,0,Champions
17555,2,480.31,348,2011-01-09 12:31:00,2011-11-20 12:22:00,20,314,3,New / Low Engagement
17556,1,157.9,101,2011-05-18 10:48:00,2011-05-18 10:48:00,206,0,1,At Risk / Lapsed
17557,3,541.46,306,2011-09-19 14:23:00,2011-11-25 12:57:00,14,66,3,New / Low Engagement
17560,4,854.95,635,2011-02-02 11:14:00,2011-09-06 09:18:00,95,215,2,Loyal Mid-Value
17561,1,165.12,144,2011-11-20 12:53:00,2011-11-20 12:53:00,19,0,3,New / Low Engagement
17562,7,1122.38,817,2011-06-19 13:06:00,2011-11-25 14:21:00,14,159,2,Loyal Mid-Value
17564,3,454.01,146,2011-09-20 14:00:00,2011-11-15 13:27:00,24,55,3,New / Low Engagement
17566,2,869.77,497,2011-11-14 13:42:00,2011-12-01 19:54:00,8,17,3,New / Low Engagement
17567,8,4331.48,2632,2010-12-02 15:18:00,2011-12-02 15:48:00,7,365,0,Champions
17569,1,344.14,159,2011-01-11 14:15:00,2011-01-11 14:15:00,332,0,1,At Risk / Lapsed
17571,4,1424.42,875,2011-02-14 15:15:00,2011-10-20 15:57:00,50,248,2,Loyal Mid-Value
17572,4,226.75000000000003,95,2010-12-01 12:51:00,2011-09-29 17:53:00,71,302,1,At Risk / Lapsed
17573,3,380.6,308,2011-09-07 10:36:00,2011-11-10 13:01:00,29,64,3,New / Low Engagement
17574,1,185.65,77,2011-04-11 09:47:00,2011-04-11 09:47:00,243,0,1,At Risk / Lapsed
17576,19,3564.83,1967,2010-12-09 16:57:00,2011-12-01 17:56:00,8,357,0,Champions
17578,1,143.46,138,2011-05-05 18:38:00,2011-05-05 18:38:00,218,0,1,At Risk / Lapsed
17579,3,448.90000000000003,258,2011-06-13 14:12:00,2011-12-05 12:28:00,5,174,3,New / Low Engagement
17580,3,212.77,87,2010-12-16 15:27:00,2011-04-01 12:41:00,253,105,1,At Risk / Lapsed
17581,25,11025.24,5915,2010-12-02 14:47:00,2011-12-09 12:21:00,1,371,0,Champions
17582,1,175.27,123,2011-04-17 13:18:00,2011-04-17 13:18:00,236,0,1,At Risk / Lapsed
17584,2,1242.3,458,2011-08-04 14:12:00,2011-12-02 17:12:00,7,120,3,New / Low Engagement
17585,4,1116.68,1650,2011-01-05 15:09:00,2011-08-22 13:30:00,109,228,2,Loyal Mid-Value
17588,3,1240.2,676,2011-04-21 10:31:00,2011-08-31 13:37:00,100,132,2,Loyal Mid-Value
17589,4,2402.92,1630,2011-04-13 13:47:00,2011-10-10 16:58:00,60,180,2,Loyal Mid-Value
17590,3,1466.77,821,2011-10-30 14:05:00,2011-12-07 12:55:00,2,37,3,New / Low Engagement
17591,7,2203.67,1000,2010-12-07 15:39:00,2011-09-27 13:42:00,73,293,2,Loyal Mid-Value
17593,5,3923.86,3089,2010-12-22 10:29:00,2011-12-06 10:30:00,4,349,0,Champions
17594,2,993.18,550,2011-03-30 10:32:00,2011-09-15 16:34:00,85,169,2,Loyal Mid-Value
17595,2,386.69,228,2011-11-02 16:19:00,2011-11-27 16:08:00,12,24,3,New / Low Engagement
17596,7,2806.69,4376,2010-12-06 12:34:00,2011-11-16 14:11:00,23,345,0,Champions
17597,1,2044.3700000000001,1176,2011-05-10 11:54:00,2011-05-10 11:54:00,214,0,1,At Risk / Lapsed
17600,1,161.67000000000002,144,2011-11-22 09:43:00,2011-11-22 09:43:00,18,0,3,New / Low Engagement
17601,1,116.00999999999999,103,2011-04-14 18:02:00,2011-04-14 18:02:00,239,0,1,At Risk / Lapsed
17602,6,5054.42,4116,2011-01-19 16:18:00,2011-12-07 13:53:00,2,321,0,Champions
17603,1,394.72,74,2011-09-22 14:18:00,2011-09-22 14:18:00,78,0,1,At Risk / Lapsed
17604,2,309.36,169,2011-01-31 15:09:00,2011-05-06 13:43:00,217,94,1,At Risk / Lapsed
17608,2,191.99,229,2011-11-06 13:00:00,2011-11-06 13:06:00,33,0,3,New / Low Engagement
17609,5,1098.28,692,2011-01-16 16:23:00,2011-10-30 12:28:00,41,286,2,Loyal Mid-Value
17611,15,3961.12,2550,2010-12-13 13:52:00,2011-12-02 13:29:00,7,353,0,Champions
17612,6,2048.45,1808,2011-02-15 10:40:00,2011-10-17 14:59:00,53,244,2,Loyal Mid-Value
17613,14,4544.55,2490,2011-02-07 11:20:00,2011-11-17 10:51:00,23,282,0,Champions
17614,1,386.32,235,2011-10-13 16:01:00,2011-10-13 16:01:00,57,0,1,At Risk / Lapsed
17615,3,329.6,140,2011-05-01 15:33:00,2011-08-01 14:06:00,130,91,1,At Risk / Lapsed
17616,3,571.1999999999999,224,2010-12-07 10:04:00,2011-06-19 10:11:00,174,194,1,At Risk / Lapsed
17618,3,930.28,319,2010-12-12 16:05:00,2011-12-04 11:50:00,6,356,3,New / Low Engagement
17619,1,214.37,124,2011-01-31 14:18:00,2011-01-31 14:18:00,312,0,1,At Risk / Lapsed
17620,1,81.44,60,2011-10-11 12:08:00,2011-10-11 12:08:00,60,0,1,At Risk / Lapsed
17621,3,1379.9,514,2010-12-20 13:31:00,2011-11-18 17:11:00,21,333,2,Loyal Mid-Value
17623,1,527.05,265,2011-11-07 11:32:00,2011-11-07 11:32:00,33,0,3,New / Low Engagement
17624,2,843.48,554,2011-05-05 17:59:00,2011-11-25 10:52:00,15,203,3,New / Low Engagement
17625,4,2020.4,1180,2011-03-27 12:21:00,2011-11-21 13:36:00,18,239,2,Loyal Mid-Value
17628,1,75.75,79,2011-09-19 15:21:00,2011-09-19 15:21:00,81,0,1,At Risk / Lapsed
17629,8,1814.1200000000001,1629,2010-12-15 09:58:00,2011-12-04 10:56:00,6,354,0,Champions
17630,2,503.6,158,2011-04-21 14:03:00,2011-06-23 11:58:00,170,62,1,At Risk / Lapsed
17631,3,528.33,334,2011-04-21 13:22:00,2011-12-08 09:47:00,2,230,3,New / Low Engagement
17633,4,1324.8400000000001,644,2011-08-11 15:43:00,2011-11-08 13:25:00,31,88,2,Loyal Mid-Value
17634,9,2358.59,838,2011-01-06 12:45:00,2011-11-03 13:09:00,36,301,2,Loyal Mid-Value
17636,1,285.56,182,2011-11-20 14:40:00,2011-11-20 14:40:00,19,0,3,New / Low Engagement
17637,2,547.0600000000001,280,2011-08-16 13:25:00,2011-11-08 12:51:00,31,83,3,New / Low Engagement
17639,1,108.5,49,2011-03-08 15:22:00,2011-03-08 15:22:00,276,0,1,At Risk / Lapsed
17640,1,621.66,250,2011-09-14 09:13:00,2011-09-14 09:13:00,87,0,1,At Risk / Lapsed
17642,2,712.29,474,2011-06-16 12:55:00,2011-08-12 09:11:00,120,56,1,At Risk / Lapsed
17643,1,101.55,71,2010-12-01 14:38:00,2010-12-01 14:38:00,373,0,1,At Risk / Lapsed
17644,11,2895.64,1793,2011-03-24 09:44:00,2011-12-08 13:43:00,1,259,0,Champions
17646,3,1008.39,323,2010-12-09 14:28:00,2011-05-04 13:17:00,219,145,2,Loyal Mid-Value
17647,1,133.06,30,2011-10-05 15:38:00,2011-10-05 15:38:00,65,0,1,At Risk / Lapsed
17648,4,1797.5,487,2011-04-04 10:29:00,2011-10-10 09:41:00,61,188,2,Loyal Mid-Value
17649,1,868.49,399,2011-07-24 15:53:00,2011-07-24 15:53:00,138,0,1,At Risk / Lapsed
17650,1,166.07999999999998,150,2011-11-18 14:52:00,2011-11-18 14:52:00,21,0,3,New / Low Engagement
17651,10,3945.0,3112,2011-06-15 15:57:00,2011-11-28 10:29:00,12,165,0,Champions
17652,12,4867.72,2509,2011-03-03 14:05:00,2011-11-14 12:55:00,25,255,0,Champions
17653,4,1207.56,1409,2011-08-11 15:24:00,2011-11-03 12:46:00,37,83,2,Loyal Mid-Value
17654,1,117.55,41,2011-03-07 13:17:00,2011-03-07 13:17:00,277,0,1,At Risk / Lapsed
17655,7,2638.94,1116,2010-12-08 16:45:00,2011-11-29 11:34:00,11,355,0,Champions
17656,5,1674.69,1399,2011-08-03 10:45:00,2011-09-27 13:04:00,73,55,2,Loyal Mid-Value
17658,2,595.42,616,2011-05-12 15:23:00,2011-11-14 12:07:00,26,185,3,New / Low Engagement
17659,12,2999.46,1525,2010-12-02 16:46:00,2011-11-22 13:29:00,17,354,0,Champions
17660,1,178.75,121,2011-07-21 13:37:00,2011-07-21 13:37:00,141,0,1,At Risk / Lapsed
17663,7,1802.91,797,2011-02-25 14:11:00,2011-11-14 08:56:00,26,261,2,Loyal Mid-Value
17664,2,604.64,604,2011-05-11 14:17:00,2011-11-21 11:29:00,19,193,3,New / Low Engagement
17666,2,728.16,596,2011-10-05 11:06:00,2011-12-06 09:06:00,4,61,3,New / Low Engagement
17667,5,2055.51,1033,2011-02-14 09:24:00,2011-10-04 14:32:00,66,232,2,Loyal Mid-Value
17668,2,347.75,93,2011-11-01 14:45:00,2011-12-08 13:25:00,1,36,3,New / Low Engagement
17669,7,3406.7200000000003,1916,2011-04-04 10:11:00,2011-10-28 08:53:00,43,206,2,Loyal Mid-Value
17670,1,205.7,110,2011-04-26 09:12:00,2011-04-26 09:12:00,228,0,1,At Risk / Lapsed
17671,4,1572.71,772,2010-12-09 14:27:00,2011-11-24 12:21:00,16,349,2,Loyal Mid-Value
17672,2,3178.17,1690,2011-02-03 13:29:00,2011-10-20 14:18:00,50,259,2,Loyal Mid-Value
17673,6,1594.97,1462,2011-01-23 15:16:00,2011-12-08 12:50:00,2,318,0,Champions
17674,2,551.04,672,2010-12-06 10:20:00,2011-09-26 13:35:00,74,294,1,At Risk / Lapsed
17675,31,20374.28,8360,2010-12-07 13:22:00,2011-12-08 18:03:00,1,366,0,Champions
17676,6,1371.18,922,2010-12-08 13:49:00,2011-12-05 15:16:00,4,362,0,Champions
17677,30,16345.38,9772,2010-12-06 08:42:00,2011-12-08 09:56:00,2,367,0,Champions
17678,1,298.11,207,2011-03-21 11:52:00,2011-03-21 11:52:00,264,0,1,At Risk / Lapsed
17679,2,1992.1100000000001,729,2011-09-15 10:35:00,2011-10-18 07:43:00,53,32,2,Loyal Mid-Value
17680,1,184.4,96,2011-11-16 12:42:00,2011-11-16 12:42:00,24,0,3,New / Low Engagement
17682,6,2474.33,1367,2010-12-06 13:35:00,2011-11-29 15:59:00,10,358,0,Champions
17684,1,239.41,145,2011-10-27 11:10:00,2011-10-27 11:10:00,44,0,1,At Risk / Lapsed
17685,7,3155.83,1907,2010-12-02 14:42:00,2011-11-23 11:36:00,17,355,0,Champions
17686,7,5739.46,2478,2011-02-10 10:18:00,2011-12-02 15:39:00,7,295,0,Champions
17690,15,4726.8,1769,2010-12-01 16:15:00,2011-11-09 15:17:00,30,342,0,Champions
17691,2,290.40000000000003,134,2010-12-06 11:10:00,2010-12-16 17:20:00,358,10,1,At Risk / Lapsed
17692,4,725.58,624,2010-12-15 13:37:00,2011-08-04 14:01:00,127,232,2,Loyal Mid-Value
17693,1,200.47,231,2011-07-25 15:48:00,2011-07-25 15:48:00,137,0,1,At Risk / Lapsed
17694,1,283.12,184,2011-07-21 12:00:00,2011-07-21 12:00:00,142,0,1,At Risk / Lapsed
17695,2,765.34,779,2011-06-21 12:35:00,2011-07-31 10:40:00,132,39,1,At Risk / Lapsed
17696,8,2285.71,1756,2010-12-10 09:51:00,2011-11-01 13:43:00,38,326,2,Loyal Mid-Value
17697,1,338.95000000000005,93,2011-04-17 15:40:00,2011-04-17 15:40:00,236,0,1,At Risk / Lapsed
17698,1,154.95,93,2011-03-24 11:34:00,2011-03-24 11:34:00,261,0,1,At Risk / Lapsed
17700,4,2534.64,1266,2011-03-03 16:34:00,2011-11-23 11:51:00,17,264,2,Loyal Mid-Value
17701,1,417.95,109,2011-04-01 12:25:00,2011-04-01 12:25:00,253,0,1,At Risk / Lapsed
17702,4,1824.3700000000001,1353,2011-05-17 16:23:00,2011-11-09 16:03:00,30,175,2,Loyal Mid-Value
17703,3,798.74,590,2011-07-24 13:30:00,2011-11-04 15:51:00,35,103,2,Loyal Mid-Value
17704,2,885.19,343,2011-04-14 09:28:00,2011-06-24 09:40:00,169,71,1,At Risk / Lapsed
17705,9,1823.52,963,2011-02-11 10:57:00,2011-12-06 13:45:00,3,298,0,Champions
17706,17,10504.49,3899,2010-12-08 11:02:00,2011-12-05 13:34:00,4,362,0,Champions
17707,2,152.4,144,2011-01-07 13:30:00,2011-06-07 15:03:00,185,151,1,At Risk / Lapsed
17708,2,263.33,90,2011-01-19 10:09:00,2011-06-05 10:12:00,188,137,1,At Risk / Lapsed
17709,1,137.45,17,2011-06-23 11:55:00,2011-06-23 11:55:00,170,0,1,At Risk / Lapsed
17711,2,385.1,246,2011-02-23 11:32:00,2011-11-29 11:40:00,11,279,3,New / Low Engagement
17712,1,522.91,215,2011-10-26 12:28:00,2011-10-26 12:28:00,45,0,3,New / Low Engagement
17714,1,153.0,92,2011-01-23 10:32:00,2011-01-23 10:32:00,321,0,1,At Risk / Lapsed
17715,1,326.4,384,2011-05-23 12:32:00,2011-05-23 12:32:00,201,0,1,At Risk / Lapsed
17716,11,5655.99,3072,2011-03-17 10:38:00,2011-11-17 12:00:00,23,245,0,Champions
17718,1,139.35,83,2011-04-21 13:39:00,2011-04-21 13:39:00,232,0,1,At Risk / Lapsed
17719,15,5396.04,2466,2011-03-29 11:29:00,2011-11-02 10:36:00,38,217,0,Champions
17720,4,1195.94,576,2010-12-07 10:43:00,2011-11-13 15:04:00,26,341,2,Loyal Mid-Value
17722,4,2424.04,1595,2010-12-08 12:41:00,2011-09-04 15:22:00,96,270,2,Loyal Mid-Value
17723,6,3276.4,792,2011-05-09 14:44:00,2011-08-04 18:37:00,127,87,2,Loyal Mid-Value
17724,3,1033.0,300,2011-07-24 13:26:00,2011-09-29 15:26:00,71,67,2,Loyal Mid-Value
17725,11,3439.08,2162,2011-03-17 19:47:00,2011-11-23 16:34:00,16,250,0,Champions
17727,1,1060.25,645,2011-11-24 17:06:00,2011-11-24 17:06:00,15,0,3,New / Low Engagement
17728,3,2876.01,1469,2011-09-14 11:39:00,2011-12-06 08:52:00,4,82,0,Champions
17730,13,5298.4800000000005,3576,2011-01-17 14:49:00,2011-12-06 15:43:00,3,323,0,Champions
17731,4,1240.11,493,2011-06-09 14:18:00,2011-09-21 15:02:00,79,104,2,Loyal Mid-Value
17732,1,303.97,93,2010-12-02 09:29:00,2010-12-02 09:29:00,373,0,1,At Risk / Lapsed
17733,2,692.19,463,2011-03-23 09:54:00,2011-11-01 08:16:00,39,222,3,New / Low Engagement
17734,3,700.63,422,2011-04-20 10:04:00,2011-10-17 12:33:00,54,180,2,Loyal Mid-Value
17735,19,13110.02,8439,2010-12-07 10:32:00,2011-12-07 16:47:00,2,365,0,Champions
17736,3,377.44,238,2011-08-18 14:33:00,2011-11-30 15:36:00,9,104,3,New / Low Engagement
17737,2,168.24,108,2011-10-12 14:42:00,2011-11-30 15:16:00,9,49,3,New / Low Engagement
17738,4,1879.05,1029,2011-03-02 16:26:00,2011-11-20 15:05:00,19,262,2,Loyal Mid-Value
17739,7,2791.35,861,2010-12-14 14:26:00,2011-11-28 09:12:00,12,348,0,Champions
17742,2,355.11,89,2011-01-11 10:04:00,2011-08-18 15:28:00,113,219,1,At Risk / Lapsed
17744,6,2322.4,3412,2010-12-16 14:17:00,2011-12-06 12:11:00,4,354,0,Champions
17746,1,110.25,29,2011-04-13 14:31:00,2011-04-13 14:31:00,240,0,1,At Risk / Lapsed
17747,1,71.4,12,2011-08-19 08:13:00,2011-08-19 08:13:00,113,0,1,At Risk / Lapsed
17749,2,674.52,320,2011-03-28 13:39:00,2011-06-14 15:45:00,178,78,1,At Risk / Lapsed
17750,9,1694.16,3696,2011-06-28 15:44:00,2011-12-04 14:09:00,5,158,0,Champions
17752,1,80.64,192,2010-12-15 16:19:00,2010-12-15 16:19:00,359,0,1,At Risk / Lapsed
17754,5,1664.6499999999999,1816,2011-03-24 13:54:00,2011-12-09 11:20:00,1,259,0,Champions
17757,30,5589.4400000000005,3317,2010-12-02 17:17:00,2011-12-08 15:31:00,1,370,0,Champions
17758,8,3408.2,2054,2011-04-03 15:22:00,2011-11-20 14:45:00,19,230,0,Champions
17759,3,818.71,696,2011-06-23 13:35:00,2011-11-22 16:02:00,17,152,3,New / Low Engagement
17760,2,287.59,239,2010-12-01 15:08:00,2011-11-18 10:56:00,22,351,3,New / Low Engagement
17761,1,712.78,398,2011-11-07 10:23:00,2011-11-07 10:23:00,33,0,3,New / Low Engagement
17763,1,15.0,12,2011-03-21 14:25:00,2011-03-21 14:25:00,263,0,1,At Risk / Lapsed
17764,2,772.55,351,2011-05-12 16:11:00,2011-10-20 11:03:00,51,160,2,Loyal Mid-Value
17765,3,367.63,143,2011-03-28 11:58:00,2011-07-04 12:41:00,159,98,1,At Risk / Lapsed
17767,1,271.2,128,2011-11-24 14:42:00,2011-11-24 14:42:00,15,0,3,New / Low Engagement
17768,3,2081.9,1122,2011-06-26 13:46:00,2011-12-01 13:22:00,8,157,2,Loyal Mid-Value
17769,10,3957.43,1850,2011-01-23 11:15:00,2011-11-27 11:18:00,13,308,0,Champions
17770,5,1143.27,365,2011-03-02 13:35:00,2011-05-25 12:34:00,199,83,2,Loyal Mid-Value
17771,2,245.33,283,2011-01-20 14:13:00,2011-10-14 11:43:00,57,266,1,At Risk / Lapsed
17772,2,173.45,55,2011-11-29 10:57:00,2011-11-29 11:05:00,11,0,3,New / Low Engagement
17774,4,1213.73,508,2011-02-07 13:13:00,2011-09-04 12:49:00,97,208,2,Loyal Mid-Value
17775,1,56.4,72,2011-03-30 10:50:00,2011-03-30 10:50:00,255,0,1,At Risk / Lapsed
17777,3,647.5600000000001,501,2011-08-31 14:35:00,2011-11-15 12:02:00,25,75,3,New / Low Engagement
17779,3,650.32,396,2011-07-19 12:19:00,2011-11-18 14:15:00,21,122,3,New / Low Engagement
17781,2,188.02,34,2011-03-31 19:54:00,2011-07-03 16:00:00,159,93,1,At Risk / Lapsed
17783,2,283.47,354,2011-04-06 10:07:00,2011-09-28 16:07:00,72,175,1,At Risk / Lapsed
17785,1,131.94,67,2011-10-17 13:43:00,2011-10-17 13:43:00,53,0,1,At Risk / Lapsed
17786,2,266.85,195,2011-01-26 14:35:00,2011-09-15 12:51:00,85,231,1,At Risk / Lapsed
17787,4,1817.54,896,2010-12-03 13:43:00,2011-07-10 11:24:00,153,218,2,Loyal Mid-Value
17788,2,1112.95,210,2011-08-02 10:38:00,2011-09-27 10:09:00,74,55,2,Loyal Mid-Value
17789,1,225.9,74,2011-03-03 13:14:00,2011-03-03 13:14:00,281,0,1,At Risk / Lapsed
17790,14,1964.3,835,2010-12-10 10:47:00,2011-11-13 11:30:00,27,338,0,Champions
17791,1,106.1,46,2011-11-10 12:09:00,2011-11-10 12:09:00,30,0,3,New / Low Engagement
17793,1,300.34,226,2011-11-14 14:24:00,2011-11-14 14:24:00,25,0,3,New / Low Engagement
17795,2,342.83,305,2011-03-20 12:02:00,2011-06-13 12:36:00,180,85,1,At Risk / Lapsed
17796,4,690.0,176,2010-12-05 12:23:00,2011-10-30 15:38:00,40,329,2,Loyal Mid-Value
17797,3,780.43,498,2011-06-10 11:29:00,2011-11-17 13:21:00,22,160,3,New / Low Engagement
17799,10,3039.17,1753,2010-12-13 13:10:00,2011-11-17 15:16:00,22,339,0,Champions
17800,9,1186.21,731,2011-01-09 13:50:00,2011-11-02 12:57:00,37,296,2,Loyal Mid-Value
17802,3,1285.04,752,2010-12-02 13:44:00,2011-09-18 14:56:00,82,290,2,Loyal Mid-Value
17805,1,512.31,478,2011-09-27 11:49:00,2011-09-27 11:49:00,74,0,1,At Risk / Lapsed
17806,1,546.04,727,2011-11-28 14:12:00,2011-11-28 14:12:00,11,0,3,New / Low Engagement
17809,12,5411.91,2057,2010-12-01 09:41:00,2011-11-23 12:59:00,16,357,0,Champions
17811,39,7755.12,4145,2011-01-10 10:58:00,2011-12-05 13:46:00,4,329,0,Champions
17812,4,699.81,329,2010-12-06 15:27:00,2011-11-27 11:47:00,13,355,3,New / Low Engagement
17813,5,1698.07,752,2011-09-29 15:57:00,2011-11-25 16:13:00,14,57,2,Loyal Mid-Value
17816,4,36.56,30,2010-12-09 14:10:00,2011-11-03 11:34:00,37,328,3,New / Low Engagement
17817,3,387.68,67,2011-03-07 17:30:00,2011-12-05 14:39:00,4,272,3,New / Low Engagement
17819,7,3704.87,1031,2010-12-03 14:26:00,2011-09-29 10:52:00,72,299,2,Loyal Mid-Value
17824,1,298.4,408,2011-10-19 14:14:00,2011-10-19 14:14:00,51,0,1,At Risk / Lapsed
17827,5,1987.33,1240,2010-12-10 10:18:00,2011-12-04 15:00:00,5,359,0,Champions
17828,4,1165.09,655,2011-06-08 08:31:00,2011-11-17 08:41:00,23,162,2,Loyal Mid-Value
17829,1,889.24,496,2011-02-14 12:46:00,2011-02-14 12:46:00,299,0,1,At Risk / Lapsed
17830,3,398.70000000000005,92,2011-02-24 10:15:00,2011-12-08 12:28:00,2,287,3,New / Low Engagement
17831,1,35.400000000000006,12,2011-11-06 15:09:00,2011-11-06 15:09:00,33,0,1,At Risk / Lapsed
17832,1,155.37,208,2011-10-21 11:43:00,2011-10-21 11:43:00,50,0,1,At Risk / Lapsed
17835,3,342.24,344,2011-11-16 16:30:00,2011-12-07 11:48:00,3,20,3,New / Low Engagement
17836,1,109.83,87,2011-10-23 16:13:00,2011-10-23 16:13:00,47,0,1,At Risk / Lapsed
17837,8,1535.33,508,2011-06-29 16:44:00,2011-10-28 16:13:00,42,120,2,Loyal Mid-Value
17838,5,2720.8,1831,2010-12-02 15:55:00,2011-11-13 11:20:00,27,345,2,Loyal Mid-Value
17839,1,318.15,257,2011-10-28 17:27:00,2011-10-28 17:27:00,42,0,1,At Risk / Lapsed
17841,124,40495.99,22816,2010-12-01 14:41:00,2011-12-08 12:07:00,2,371,0,Champions
17843,1,197.73,88,2011-02-09 15:33:00,2011-02-09 15:33:00,303,0,1,At Risk / Lapsed
17844,1,51.559999999999995,52,2011-08-25 11:27:00,2011-08-25 11:27:00,107,0,1,At Risk / Lapsed
17848,9,901.2,398,2010-12-16 18:38:00,2011-09-19 16:49:00,81,276,2,Loyal Mid-Value
17849,4,605.8000000000001,114,2011-01-10 11:59:00,2011-05-05 13:46:00,218,115,2,Loyal Mid-Value
17850,34,5391.21,1733,2010-12-01 08:26:00,2010-12-02 15:27:00,372,1,0,Champions
17852,2,114.34,53,2011-11-28 12:31:00,2011-11-28 12:36:00,12,0,3,New / Low Engagement
17854,2,311.26,84,2011-04-26 16:53:00,2011-06-07 16:21:00,185,41,1,At Risk / Lapsed
17855,1,208.97,197,2010-12-02 09:44:00,2010-12-02 09:44:00,373,0,1,At Risk / Lapsed
17856,4,1418.03,842,2011-03-03 11:40:00,2011-12-08 09:40:00,2,279,3,New / Low Engagement
17857,22,25301.54,14822,2010-12-09 11:35:00,2011-12-05 13:13:00,4,361,0,Champions
17858,12,5140.66,2694,2010-12-05 13:08:00,2011-12-04 11:56:00,6,363,0,Champions
17859,1,141.92,102,2011-02-08 10:32:00,2011-02-08 10:32:00,305,0,1,At Risk / Lapsed
17860,1,226.45,93,2010-12-06 12:41:00,2010-12-06 12:41:00,369,0,1,At Risk / Lapsed
17861,8,2097.88,1985,2011-01-24 11:34:00,2011-12-06 16:21:00,3,316,0,Champions
17862,1,330.9,100,2011-01-20 12:23:00,2011-01-20 12:23:00,324,0,1,At Risk / Lapsed
17863,6,3160.0,2638,2010-12-05 13:21:00,2011-10-11 13:45:00,59,310,2,Loyal Mid-Value
17864,3,554.85,706,2011-03-09 11:44:00,2011-11-27 11:15:00,13,262,3,New / Low Engagement
17865,20,10524.22,5756,2010-12-10 14:53:00,2011-11-09 12:08:00,31,333,0,Champions
17866,1,329.65,174,2011-07-20 11:07:00,2011-07-20 11:07:00,143,0,1,At Risk / Lapsed
17867,6,1157.8700000000001,508,2011-02-24 12:25:00,2011-11-09 14:15:00,30,258,2,Loyal Mid-Value
17869,5,428.18,111,2010-12-06 17:16:00,2011-08-24 16:16:00,107,260,2,Loyal Mid-Value
17870,12,1865.8899999999999,1351,2010-12-08 08:12:00,2011-12-07 15:07:00,2,364,0,Champions
17871,1,155.9,182,2011-05-19 11:32:00,2011-05-19 11:32:00,205,0,1,At Risk / Lapsed
17873,5,1719.5800000000002,1034,2010-12-01 14:54:00,2011-09-20 16:41:00,80,293,2,Loyal Mid-Value
17874,6,683.46,221,2011-03-29 11:25:00,2011-06-07 12:54:00,185,70,2,Loyal Mid-Value
17877,1,237.60999999999999,98,2011-06-22 13:00:00,2011-06-22 13:00:00,170,0,1,At Risk / Lapsed
17878,1,379.45,401,2011-10-27 11:24:00,2011-10-27 11:24:00,44,0,1,At Risk / Lapsed
17879,1,178.52,45,2011-06-19 12:36:00,2011-06-19 12:36:00,174,0,1,At Risk / Lapsed
17880,1,458.92,314,2010-12-10 10:21:00,2010-12-10 10:21:00,365,0,1,At Risk / Lapsed
17881,1,133.35,32,2011-02-08 17:16:00,2011-02-08 17:16:00,304,0,1,At Risk / Lapsed
17883,4,664.34,374,2011-04-07 19:16:00,2011-12-06 17:49:00,3,242,3,New / Low Engagement
17884,4,695.07,817,2010-12-03 12:11:00,2011-12-06 11:33:00,4,367,3,New / Low Engagement
17885,1,156.34,110,2011-11-27 14:40:00,2011-11-27 14:40:00,12,0,3,New / Low Engagement
17886,3,869.28,469,2011-04-04 12:34:00,2011-11-08 10:09:00,32,217,2,Loyal Mid-Value
17887,1,111.35,30,2011-08-02 17:29:00,2011-08-02 17:29:00,129,0,1,At Risk / Lapsed
17888,8,716.0,973,2010-12-17 13:56:00,2011-11-18 13:45:00,21,335,2,Loyal Mid-Value
17889,2,201.37,77,2011-01-21 17:14:00,2011-05-11 16:26:00,212,109,1,At Risk / Lapsed
17890,2,586.89,402,2010-12-13 15:12:00,2011-01-21 11:19:00,323,38,1,At Risk / Lapsed
17891,1,203.85999999999999,393,2011-06-30 20:08:00,2011-06-30 20:08:00,162,0,1,At Risk / Lapsed
17892,3,244.1,109,2011-07-07 12:56:00,2011-10-14 16:49:00,56,99,1,At Risk / Lapsed
17893,1,107.21000000000001,149,2011-04-28 13:50:00,2011-04-28 13:50:00,225,0,1,At Risk / Lapsed
17894,8,1118.54,402,2010-12-08 14:50:00,2011-09-29 09:23:00,72,294,2,Loyal Mid-Value
17895,1,95.45,127,2011-10-26 17:00:00,2011-10-26 17:00:00,44,0,1,At Risk / Lapsed
17896,1,256.32,288,2011-11-16 13:59:00,2011-11-16 13:59:00,23,0,3,New / Low Engagement
17897,3,541.8100000000001,222,2010-12-01 12:31:00,2011-06-20 11:23:00,173,200,1,At Risk / Lapsed
17898,2,152.06,190,2011-05-16 17:13:00,2011-09-15 14:56:00,85,121,1,At Risk / Lapsed
17899,1,154.55,170,2011-07-03 14:58:00,2011-07-03 14:58:00,159,0,1,At Risk / Lapsed
17900,2,112.19999999999999,73,2011-06-02 14:28:00,2011-06-02 14:38:00,190,0,1,At Risk / Lapsed
17901,1,110.38,24,2011-11-10 17:29:00,2011-11-10 17:29:00,29,0,3,New / Low Engagement
17904,1,181.07,59,2011-11-18 12:57:00,2011-11-18 12:57:00,21,0,3,New / Low Engagement
17905,4,798.99,406,2010-12-01 13:21:00,2011-09-29 17:33:00,71,302,2,Loyal Mid-Value
17906,1,72.89999999999999,26,2011-04-06 17:25:00,2011-04-06 17:25:00,247,0,1,At Risk / Lapsed
17908,1,232.03,169,2010-12-01 11:45:00,2010-12-01 11:45:00,374,0,1,At Risk / Lapsed
17911,1,366.23,223,2011-11-30 14:52:00,2011-11-30 14:52:00,9,0,3,New / Low Engagement
17912,5,310.06,184,2010-12-10 11:11:00,2011-02-02 14:25:00,310,54,1,At Risk / Lapsed
17913,2,408.65,288,2010-12-19 11:35:00,2011-10-12 10:45:00,59,296,1,At Risk / Lapsed
17914,1,329.36,457,2011-12-06 11:58:00,2011-12-06 11:58:00,4,0,3,New / Low Engagement
17917,3,335.03,184,2010-12-12 12:08:00,2011-10-25 13:20:00,45,317,3,New / Low Engagement
17919,1,1304.04,756,2011-09-12 13:41:00,2011-09-12 13:41:00,88,0,1,At Risk / Lapsed
17920,17,4107.6,2471,2010-12-01 11:49:00,2011-12-05 14:29:00,4,369,0,Champions
17921,4,820.23,425,2011-03-18 13:19:00,2011-10-06 18:56:00,64,202,2,Loyal Mid-Value
17923,1,207.50000000000003,50,2011-03-02 15:15:00,2011-03-02 15:15:00,282,0,1,At Risk / Lapsed
17924,7,2962.5,1160,2010-12-01 10:51:00,2011-11-28 09:11:00,12,361,0,Champions
17925,1,244.08,72,2010-12-02 10:10:00,2010-12-02 10:10:00,373,0,1,At Risk / Lapsed
17926,2,397.29,306,2011-05-20 09:24:00,2011-07-29 14:39:00,133,70,1,At Risk / Lapsed
17928,2,184.46,68,2011-04-07 18:03:00,2011-10-25 13:52:00,45,200,1,At Risk / Lapsed
17929,4,843.0,108,2011-02-04 11:40:00,2011-11-28 16:01:00,11,297,3,New / Low Engagement
17930,5,1740.48,1594,2011-04-14 15:46:00,2011-11-04 10:23:00,36,203,2,Loyal Mid-Value
17931,2,408.36,249,2011-03-29 12:31:00,2011-07-28 18:33:00,134,121,1,At Risk / Lapsed
17932,3,1331.57,789,2011-05-12 13:58:00,2011-11-10 19:49:00,29,182,2,Loyal Mid-Value
17934,2,704.25,478,2011-10-12 10:50:00,2011-10-19 11:16:00,52,7,2,Loyal Mid-Value
17935,2,142.89000000000001,81,2011-07-21 11:23:00,2011-07-24 13:18:00,138,3,1,At Risk / Lapsed
17936,1,380.13,257,2011-12-04 13:32:00,2011-12-04 13:32:00,5,0,3,New / Low Engagement
17937,7,4301.22,1754,2010-12-12 14:43:00,2011-12-01 11:45:00,9,353,0,Champions
17939,1,99.14,40,2011-07-03 12:27:00,2011-07-03 12:27:00,160,0,1,At Risk / Lapsed
17940,9,2152.1800000000003,9322,2011-02-10 09:29:00,2011-10-21 13:27:00,49,253,2,Loyal Mid-Value
17941,1,304.56,252,2011-08-01 08:30:00,2011-08-01 08:30:00,131,0,1,At Risk / Lapsed
17942,1,77.50000000000001,38,2011-12-02 10:45:00,2011-12-02 10:45:00,8,0,3,New / Low Engagement
17946,2,149.57999999999998,75,2011-03-25 14:34:00,2011-04-20 17:00:00,233,26,1,At Risk / Lapsed
17947,1,176.68,168,2011-11-02 13:05:00,2011-11-02 13:05:00,37,0,1,At Risk / Lapsed
17948,1,358.56000000000006,144,2011-07-15 12:58:00,2011-07-15 12:58:00,147,0,1,At Risk / Lapsed
17949,44,58030.48,30450,2010-12-03 13:12:00,2011-12-08 18:46:00,1,370,0,Champions
17950,3,482.2,366,2010-12-09 15:16:00,2011-09-28 15:18:00,72,293,2,Loyal Mid-Value
17951,3,1008.5400000000001,616,2010-12-01 12:40:00,2011-10-31 12:30:00,40,333,2,Loyal Mid-Value
17954,12,2314.13,2221,2010-12-03 14:18:00,2011-12-04 14:15:00,5,365,0,Champions
17955,4,557.3,273,2011-05-04 12:29:00,2011-05-25 12:00:00,199,20,2,Loyal Mid-Value
17956,1,12.75,1,2011-04-04 13:47:00,2011-04-04 13:47:00,249,0,1,At Risk / Lapsed
17957,1,110.72,275,2011-10-04 14:58:00,2011-10-04 14:58:00,66,0,1,At Risk / Lapsed
17958,1,508.46000000000004,84,2011-08-15 12:19:00,2011-08-15 12:19:00,117,0,1,At Risk / Lapsed
17960,1,73.78,41,2011-06-21 14:15:00,2011-06-21 14:15:00,171,0,1,At Risk / Lapsed
17961,39,1296.44,560,2010-12-02 19:18:00,2011-11-18 16:55:00,21,350,0,Champions
17962,1,102.41,127,2011-07-20 14:16:00,2011-07-20 14:16:00,142,0,1,At Risk / Lapsed
17964,2,463.21,294,2010-12-02 13:32:00,2011-11-08 10:44:00,32,340,3,New / Low Engagement
17965,14,2599.19,1532,2010-12-05 15:54:00,2011-11-02 09:31:00,38,331,0,Champions
17966,5,1098.43,2571,2011-03-23 17:25:00,2011-11-02 10:26:00,38,223,2,Loyal Mid-Value
17967,1,112.27,73,2010-12-03 11:19:00,2010-12-03 11:19:00,372,0,1,At Risk / Lapsed
17968,1,265.1,151,2010-12-01 12:23:00,2010-12-01 12:23:00,374,0,1,At Risk / Lapsed
17969,2,228.2,152,2010-12-13 15:34:00,2011-06-26 13:00:00,166,194,1,At Risk / Lapsed
17970,1,562.79,513,2011-05-12 20:03:00,2011-05-12 20:03:00,211,0,1,At Risk / Lapsed
17972,1,135.19,36,2011-04-12 12:16:00,2011-04-12 12:16:00,242,0,1,At Risk / Lapsed
17973,1,337.04,176,2011-10-19 10:34:00,2011-10-19 10:34:00,52,0,1,At Risk / Lapsed
17974,3,703.99,500,2011-05-04 11:50:00,2011-11-15 11:37:00,25,194,3,New / Low Engagement
17975,13,4479.96,1563,2010-12-08 11:38:00,2011-11-24 13:27:00,15,351,0,Champions
17976,1,321.79,93,2010-12-02 13:49:00,2010-12-02 13:49:00,372,0,1,At Risk / Lapsed
17977,1,288.14,342,2011-11-10 13:28:00,2011-11-10 13:28:00,29,0,3,New / Low Engagement
17978,1,300.92,499,2010-12-09 14:05:00,2010-12-09 14:05:00,365,0,1,At Risk / Lapsed
17979,4,729.01,379,2011-03-25 11:34:00,2011-11-04 12:05:00,36,224,2,Loyal Mid-Value
17980,3,811.45,682,2010-12-15 15:50:00,2011-06-27 12:01:00,166,193,2,Loyal Mid-Value
17984,1,152.68,98,2011-07-17 15:59:00,2011-07-17 15:59:00,145,0,1,At Risk / Lapsed
17985,1,631.35,171,2011-11-17 14:24:00,2011-11-17 14:24:00,22,0,3,New / Low Engagement
17986,1,20.8,10,2011-10-14 14:22:00,2011-10-14 14:22:00,56,0,1,At Risk / Lapsed
17987,1,198.57,261,2011-06-07 14:22:00,2011-06-07 14:22:00,185,0,1,At Risk / Lapsed
17988,7,201.12,43,2011-01-17 11:59:00,2011-11-28 11:00:00,12,314,3,New / Low Engagement
17990,3,630.84,414,2010-12-13 12:10:00,2011-04-17 11:44:00,237,124,1,At Risk / Lapsed
17991,2,93.35,25,2011-04-27 16:39:00,2011-04-28 15:58:00,225,0,1,At Risk / Lapsed
17994,4,674.89,495,2011-02-22 11:02:00,2011-08-10 11:41:00,122,169,2,Loyal Mid-Value
17995,1,76.1,133,2011-03-03 12:30:00,2011-03-03 12:30:00,282,0,1,At Risk / Lapsed
17997,8,1962.46,2273,2011-06-28 17:28:00,2011-09-26 16:13:00,74,89,2,Loyal Mid-Value
17999,2,380.39,219,2010-12-08 15:17:00,2011-11-02 15:56:00,37,329,3,New / Low Engagement
18001,2,415.13,362,2011-09-14 11:21:00,2011-11-27 16:02:00,12,74,3,New / Low Engagement
18004,1,157.92,75,2010-12-12 13:47:00,2010-12-12 13:47:00,362,0,1,At Risk / Lapsed
18005,2,226.47,86,2011-10-23 14:40:00,2011-12-06 11:51:00,4,43,3,New / Low Engagement
18006,1,444.68,220,2011-11-16 16:52:00,2011-11-16 16:52:00,23,0,3,New / Low Engagement
18008,9,2116.19,1581,2011-01-25 12:26:00,2011-09-30 15:17:00,70,248,2,Loyal Mid-Value
18009,1,247.39,125,2011-04-18 13:36:00,2011-04-18 13:36:00,235,0,1,At Risk / Lapsed
18010,1,174.8,60,2011-03-28 12:27:00,2011-03-28 12:27:00,257,0,1,At Risk / Lapsed
18011,1,102.78999999999999,71,2010-12-01 17:35:00,2010-12-01 17:35:00,373,0,1,At Risk / Lapsed
18013,2,187.29,285,2011-07-07 14:08:00,2011-07-07 14:11:00,155,0,1,At Risk / Lapsed
18014,1,154.26999999999998,65,2011-11-11 15:28:00,2011-11-11 15:28:00,28,0,3,New / Low Engagement
18015,1,120.03,157,2011-12-05 14:49:00,2011-12-05 14:49:00,4,0,3,New / Low Engagement
18016,5,1477.66,1027,2010-12-10 17:14:00,2011-11-07 13:25:00,32,331,2,Loyal Mid-Value
18017,3,523.0,300,2011-02-02 13:57:00,2011-09-19 16:15:00,81,229,2,Loyal Mid-Value
18018,2,122.14,55,2011-05-24 13:22:00,2011-08-23 17:37:00,108,91,1,At Risk / Lapsed
18019,1,38.45,7,2011-10-19 12:10:00,2011-10-19 12:10:00,52,0,1,At Risk / Lapsed
18022,1,612.72,703,2011-11-04 12:45:00,2011-11-04 12:45:00,36,0,3,New / Low Engagement
18024,2,389.78,184,2011-07-10 12:28:00,2011-07-10 12:40:00,153,0,1,At Risk / Lapsed
18027,1,115.31,78,2011-09-02 10:38:00,2011-09-02 10:38:00,99,0,1,At Risk / Lapsed
18030,2,230.64999999999998,67,2011-10-28 13:55:00,2011-12-05 16:37:00,4,38,3,New / Low Engagement
18032,1,73.5,42,2011-01-09 15:32:00,2011-01-09 15:32:00,334,0,1,At Risk / Lapsed
18033,1,93.82,252,2011-10-05 17:28:00,2011-10-05 17:28:00,65,0,1,At Risk / Lapsed
18034,2,418.68,559,2011-11-18 12:08:00,2011-11-18 12:22:00,22,0,3,New / Low Engagement
18035,3,713.89,584,2011-10-27 17:48:00,2011-11-04 12:39:00,36,7,2,Loyal Mid-Value
18036,3,403.12,232,2011-04-08 11:26:00,2011-11-07 14:40:00,32,213,3,New / Low Engagement
18037,6,70.02,20,2010-12-12 16:20:00,2011-07-08 13:39:00,154,207,1,At Risk / Lapsed
18040,2,357.20000000000005,148,2011-04-08 08:27:00,2011-11-20 14:20:00,19,226,3,New / Low Engagement
18041,21,4097.37,3758,2010-12-02 11:21:00,2011-11-28 11:39:00,12,361,0,Champions
18042,1,165.04999999999998,33,2011-10-17 11:49:00,2011-10-17 11:49:00,54,0,1,At Risk / Lapsed
18043,3,529.29,265,2010-12-08 12:35:00,2011-11-15 12:48:00,25,342,3,New / Low Engagement
18044,10,2088.6,1033,2010-12-14 12:25:00,2011-12-05 14:26:00,4,356,0,Champions
18045,1,178.34,138,2011-10-25 13:07:00,2011-10-25 13:07:00,45,0,1,At Risk / Lapsed
18048,2,172.29,127,2011-05-20 14:54:00,2011-05-20 14:58:00,203,0,1,At Risk / Lapsed
18050,1,74.4,40,2010-12-15 14:25:00,2010-12-15 14:25:00,359,0,1,At Risk / Lapsed
18053,1,300.02,302,2011-09-30 09:05:00,2011-09-30 09:05:00,71,0,1,At Risk / Lapsed
18055,10,6761.34,2452,2010-12-05 10:52:00,2011-12-02 14:25:00,7,362,0,Champions
18056,1,363.65000000000003,211,2011-02-24 14:27:00,2011-02-24 14:27:00,288,0,1,At Risk / Lapsed
18058,1,170.16,88,2011-11-30 08:38:00,2011-11-30 08:38:00,10,0,3,New / Low Engagement
18059,3,306.46,258,2011-10-03 09:30:00,2011-11-16 16:49:00,23,44,3,New / Low Engagement
18061,10,2119.41,955,2010-12-08 13:03:00,2011-11-18 11:20:00,22,344,0,Champions
18062,3,720.52,396,2011-01-06 10:03:00,2011-06-19 14:47:00,173,164,2,Loyal Mid-Value
18064,2,814.0,384,2011-04-18 15:08:00,2011-07-29 16:39:00,133,102,1,At Risk / Lapsed
18065,14,2392.83,1027,2010-12-10 12:44:00,2011-12-04 10:30:00,6,358,0,Champions
18066,1,318.0,108,2011-09-25 15:30:00,2011-09-25 15:30:00,75,0,1,At Risk / Lapsed
18067,1,396.33,189,2011-10-30 15:58:00,2011-10-30 15:58:00,40,0,3,New / Low Engagement
18068,1,101.7,6,2011-02-23 14:50:00,2011-02-23 14:50:00,289,0,1,At Risk / Lapsed
18069,5,2009.24,1296,2011-01-16 15:50:00,2011-11-13 16:03:00,26,301,2,Loyal Mid-Value
18071,2,453.0,260,2010-12-09 10:33:00,2011-03-27 11:59:00,258,108,1,At Risk / Lapsed
18072,1,247.44,288,2011-06-07 10:44:00,2011-06-07 10:44:00,186,0,1,At Risk / Lapsed
18073,12,3859.82,3102,2011-05-26 19:38:00,2011-08-17 14:02:00,114,82,2,Loyal Mid-Value
18074,1,489.6,190,2010-12-01 09:53:00,2010-12-01 09:53:00,374,0,1,At Risk / Lapsed
18075,10,2611.75,1464,2010-12-14 10:48:00,2011-11-16 15:21:00,23,337,0,Champions
18077,11,2584.41,1839,2010-12-08 10:21:00,2011-12-01 13:32:00,8,358,0,Champions
18078,2,336.13,145,2011-03-25 15:08:00,2011-05-06 14:32:00,217,41,1,At Risk / Lapsed
18079,4,3613.15,7347,2011-04-15 12:14:00,2011-10-25 15:27:00,45,193,2,Loyal Mid-Value
18080,2,1231.5,642,2011-04-11 10:10:00,2011-11-21 08:02:00,19,223,3,New / Low Engagement
18081,3,343.45,195,2011-07-29 11:56:00,2011-11-03 16:30:00,36,97,3,New / Low Engagement
18082,1,680.84,608,2011-11-14 12:45:00,2011-11-14 12:45:00,26,0,3,New / Low Engagement
18084,1,90.48,312,2011-11-23 13:57:00,2011-11-23 13:57:00,16,0,3,New / Low Engagement
18085,2,689.95,265,2010-12-01 12:08:00,2011-01-13 15:17:00,330,43,1,At Risk / Lapsed
18086,1,101.34,106,2011-03-10 13:34:00,2011-03-10 13:34:00,274,0,1,At Risk / Lapsed
18087,1,3202.92,3906,2011-02-22 10:43:00,2011-02-22 10:43:00,291,0,2,Loyal Mid-Value
18088,1,166.03,107,2011-10-09 13:41:00,2011-10-09 13:41:00,61,0,1,At Risk / Lapsed
18092,11,9068.26,4252,2010-12-09 10:00:00,2011-12-07 13:14:00,2,363,0,Champions
18093,4,2106.52,1392,2011-02-10 12:15:00,2011-09-07 15:43:00,93,209,2,Loyal Mid-Value
18094,7,3017.3,2518,2011-02-21 08:50:00,2011-09-19 09:28:00,82,210,2,Loyal Mid-Value
18095,2,580.05,419,2011-01-11 12:37:00,2011-01-31 12:50:00,313,20,1,At Risk / Lapsed
18096,3,849.06,788,2011-10-07 11:55:00,2011-11-28 12:44:00,12,52,3,New / Low Engagement
18097,6,2662.4,1662,2010-12-20 14:49:00,2011-12-02 11:16:00,8,346,0,Champions
18099,1,168.31,149,2011-08-04 15:52:00,2011-08-04 15:52:00,127,0,1,At Risk / Lapsed
18101,2,222.4,87,2011-07-19 13:05:00,2011-11-28 13:37:00,11,132,3,New / Low Engagement
18102,60,259657.3,64124,2010-12-07 16:42:00,2011-12-09 11:50:00,1,366,0,Champions
18104,1,754.64,362,2011-11-02 14:07:00,2011-11-02 14:07:00,37,0,3,New / Low Engagement
18105,1,113.48,46,2011-11-02 12:04:00,2011-11-02 12:04:00,38,0,1,At Risk / Lapsed
18106,1,421.9,126,2011-01-14 12:23:00,2011-01-14 12:23:00,330,0,1,At Risk / Lapsed
18108,1,271.0,84,2011-03-30 13:56:00,2011-03-30 13:56:00,254,0,1,At Risk / Lapsed
18109,26,8004.92,4230,2010-12-05 10:58:00,2011-12-08 11:36:00,2,368,0,Champions
18110,1,198.8,72,2011-11-20 12:34:00,2011-11-20 12:34:00,20,0,3,New / Low Engagement
18112,2,352.69,255,2011-06-26 13:56:00,2011-11-27 14:43:00,12,154,3,New / Low Engagement
18113,1,76.32000000000001,72,2010-12-06 12:31:00,2010-12-06 12:31:00,369,0,1,At Risk / Lapsed
18114,1,220.1,55,2011-02-22 13:20:00,2011-02-22 13:20:00,290,0,1,At Risk / Lapsed
18116,8,1399.51,819,2010-12-10 12:14:00,2011-10-03 11:00:00,68,296,2,Loyal Mid-Value
18117,1,314.4,604,2011-11-14 12:47:00,2011-11-14 12:47:00,26,0,3,New / Low Engagement
18118,26,5622.68,2853,2010-12-05 12:13:00,2011-11-29 11:32:00,11,358,0,Champions
18119,1,180.70000000000002,124,2010-12-07 11:59:00,2010-12-07 11:59:00,368,0,1,At Risk / Lapsed
18120,1,111.15,31,2011-05-09 13:45:00,2011-05-09 13:45:00,214,0,1,At Risk / Lapsed
18121,2,653.3,438,2011-07-08 12:14:00,2011-07-13 12:53:00,149,5,1,At Risk / Lapsed
18122,6,1791.84,1215,2011-07-12 11:37:00,2011-12-01 13:08:00,8,142,0,Champions
18123,2,574.4399999999999,582,2011-11-08 13:31:00,2011-11-15 14:23:00,24,7,3,New / Low Engagement
18125,4,1131.75,800,2011-01-27 15:02:00,2011-11-10 12:29:00,30,286,2,Loyal Mid-Value
18126,1,198.58,129,2011-10-10 12:19:00,2011-10-10 12:19:00,61,0,1,At Risk / Lapsed
18127,3,347.08,187,2011-07-29 10:06:00,2011-11-20 14:05:00,19,114,3,New / Low Engagement
18129,1,112.55,48,2011-04-10 14:16:00,2011-04-10 14:16:00,243,0,1,At Risk / Lapsed
18130,3,1059.39,824,2011-10-13 15:58:00,2011-11-24 14:40:00,15,41,3,New / Low Engagement
18133,1,931.5,1350,2011-05-11 14:14:00,2011-05-11 14:14:00,212,0,1,At Risk / Lapsed
18135,5,681.91,349,2011-06-02 14:04:00,2011-11-10 19:32:00,29,161,2,Loyal Mid-Value
18136,3,784.33,379,2011-01-24 12:08:00,2011-10-07 15:40:00,63,256,2,Loyal Mid-Value
18138,1,152.65,38,2011-02-17 14:51:00,2011-02-17 14:51:00,295,0,1,At Risk / Lapsed
18139,6,8438.34,5557,2011-11-21 14:06:00,2011-11-22 10:44:00,18,0,0,Champions
18142,2,1019.52,1276,2011-05-08 12:31:00,2011-07-05 13:19:00,157,58,2,Loyal Mid-Value
18143,2,1000.1600000000001,570,2011-07-21 10:44:00,2011-08-15 12:07:00,117,25,2,Loyal Mid-Value
18144,12,2888.75,1343,2010-12-01 13:45:00,2011-12-02 12:46:00,8,365,0,Champions
18145,4,2861.55,2625,2011-01-31 12:10:00,2011-11-27 11:22:00,13,299,2,Loyal Mid-Value
18146,2,160.35,153,2011-05-03 16:35:00,2011-07-22 12:08:00,141,79,1,At Risk / Lapsed
18147,2,179.34,203,2011-08-23 12:22:00,2011-10-25 11:46:00,46,62,1,At Risk / Lapsed
18149,3,612.0799999999999,310,2011-03-11 12:44:00,2011-10-20 12:04:00,51,222,2,Loyal Mid-Value
18150,3,566.58,332,2011-05-22 10:47:00,2011-11-07 16:49:00,32,169,3,New / Low Engagement
18151,2,653.35,355,2011-02-23 08:29:00,2011-07-28 11:35:00,135,155,1,At Risk / Lapsed
18154,2,399.19,255,2011-10-27 10:40:00,2011-12-06 16:41:00,3,40,3,New / Low Engagement
18155,3,371.62,266,2011-02-21 10:36:00,2011-09-25 13:32:00,75,216,1,At Risk / Lapsed
18156,2,675.64,283,2010-12-05 12:29:00,2011-11-27 12:24:00,13,356,3,New / Low Engagement
18158,2,453.4,354,2011-09-12 09:03:00,2011-11-30 16:19:00,9,79,3,New / Low Engagement
18159,1,530.15,139,2011-02-11 14:26:00,2011-02-11 14:26:00,301,0,1,At Risk / Lapsed
18160,2,638.0600000000001,294,2011-05-23 13:41:00,2011-10-13 15:50:00,57,143,2,Loyal Mid-Value
18161,5,1618.69,812,2011-01-24 11:56:00,2011-11-24 16:40:00,15,304,2,Loyal Mid-Value
18164,1,399.65,184,2011-11-02 12:56:00,2011-11-02 12:56:00,37,0,3,New / Low Engagement
18165,1,302.46,254,2011-06-15 13:23:00,2011-06-15 13:23:00,177,0,1,At Risk / Lapsed
18167,3,1384.8600000000001,382,2011-08-26 11:40:00,2011-11-16 15:56:00,23,82,2,Loyal Mid-Value
18168,6,1160.04,592,2010-12-02 18:08:00,2011-06-16 19:21:00,176,196,2,Loyal Mid-Value
18169,1,202.65,61,2011-10-10 12:18:00,2011-10-10 12:18:00,61,0,1,At Risk / Lapsed
18170,3,980.3100000000001,409,2011-05-06 15:13:00,2011-11-06 14:35:00,33,183,2,Loyal Mid-Value
18171,5,1231.31,481,2011-01-10 09:55:00,2011-10-12 09:13:00,59,274,2,Loyal Mid-Value
18172,20,7561.68,3184,2011-02-23 10:44:00,2011-11-25 11:12:00,15,275,0,Champions
18173,4,2106.84,1220,2011-03-10 11:56:00,2011-09-14 11:26:00,87,187,2,Loyal Mid-Value
18174,1,104.0,50,2011-12-02 16:56:00,2011-12-02 16:56:00,7,0,3,New / Low Engagement
18176,1,476.35,283,2010-12-16 15:45:00,2010-12-16 15:45:00,358,0,1,At Risk / Lapsed
18177,6,1340.8700000000001,709,2011-03-29 08:46:00,2011-11-08 14:44:00,31,224,2,Loyal Mid-Value
18178,4,1590.81,983,2010-12-10 12:42:00,2011-08-03 09:30:00,129,235,2,Loyal Mid-Value
18179,6,1793.17,1360,2011-01-07 14:22:00,2011-11-30 16:23:00,9,327,0,Champions
18180,6,1843.75,1721,2011-07-20 08:59:00,2011-12-05 08:39:00,5,137,0,Champions
18181,1,366.85,133,2011-11-15 15:08:00,2011-11-15 15:08:00,24,0,3,New / Low Engagement
18183,2,632.07,371,2011-03-10 10:08:00,2011-04-26 15:26:00,227,47,1,At Risk / Lapsed
18184,1,49.8,60,2011-11-24 15:28:00,2011-11-24 15:28:00,15,0,3,New / Low Engagement
18185,1,304.25,183,2011-04-04 13:42:00,2011-04-04 13:42:00,249,0,1,At Risk / Lapsed
18188,3,2001.04,1168,2011-02-22 14:43:00,2011-11-24 16:46:00,15,275,2,Loyal Mid-Value
18189,2,1090.24,566,2011-03-17 09:49:00,2011-09-23 12:40:00,78,190,2,Loyal Mid-Value
18190,2,284.46000000000004,140,2011-01-13 10:35:00,2011-05-31 14:48:00,192,138,1,At Risk / Lapsed
18191,1,207.8,140,2011-03-23 12:08:00,2011-03-23 12:08:00,262,0,1,At Risk / Lapsed
18192,1,957.97,339,2011-09-29 09:53:00,2011-09-29 09:53:00,72,0,1,At Risk / Lapsed
18193,1,243.76,124,2011-06-27 13:58:00,2011-06-27 13:58:00,165,0,1,At Risk / Lapsed
18194,1,973.84,632,2011-09-18 13:29:00,2011-09-18 13:29:00,82,0,1,At Risk / Lapsed
18196,2,686.63,431,2011-02-22 16:13:00,2011-09-05 16:22:00,95,195,1,At Risk / Lapsed
18198,17,5425.56,4074,2011-01-07 13:39:00,2011-12-05 14:49:00,4,332,0,Champions
18200,1,150.35,104,2011-08-25 18:45:00,2011-08-25 18:45:00,106,0,1,At Risk / Lapsed
18202,3,1396.99,581,2011-02-01 13:36:00,2011-05-24 12:12:00,200,111,2,Loyal Mid-Value
18203,1,160.42000000000002,43,2011-07-05 13:07:00,2011-07-05 13:07:00,157,0,1,At Risk / Lapsed
18204,3,1975.3500000000001,1190,2011-05-31 15:26:00,2011-09-29 16:44:00,71,121,2,Loyal Mid-Value
18205,2,517.36,192,2011-09-26 12:02:00,2011-11-03 13:22:00,36,38,3,New / Low Engagement
18209,1,139.10000000000002,58,2011-11-11 12:07:00,2011-11-11 12:07:00,29,0,3,New / Low Engagement
18210,6,2621.38,1398,2011-03-17 16:58:00,2011-12-08 11:02:00,2,265,0,Champions
18211,5,600.07,359,2011-03-06 12:09:00,2011-11-14 08:10:00,26,252,2,Loyal Mid-Value
18212,1,216.07,92,2011-01-17 16:14:00,2011-01-17 16:14:00,326,0,1,At Risk / Lapsed
18213,1,232.48,232,2011-04-17 10:21:00,2011-04-17 10:21:00,237,0,1,At Risk / Lapsed
18215,1,299.34000000000003,118,2011-09-11 16:05:00,2011-09-11 16:05:00,89,0,1,At Risk / Lapsed
18216,1,481.75,200,2011-11-08 16:55:00,2011-11-08 16:55:00,31,0,3,New / Low Engagement
18217,2,621.75,491,2011-09-30 10:44:00,2011-11-10 13:18:00,29,41,3,New / Low Engagement
18218,2,641.9200000000001,536,2011-03-03 12:24:00,2011-05-12 12:53:00,211,70,1,At Risk / Lapsed
18219,10,2069.77,885,2010-12-06 10:05:00,2011-12-07 11:43:00,3,366,0,Champions
18220,1,305.28,288,2011-04-27 09:03:00,2011-04-27 09:03:00,227,0,1,At Risk / Lapsed
18221,5,1041.61,791,2011-05-12 14:13:00,2011-11-17 14:40:00,22,189,2,Loyal Mid-Value
18222,1,443.0,335,2011-09-08 10:45:00,2011-09-08 10:45:00,93,0,1,At Risk / Lapsed
18223,14,6484.54,2948,2010-12-16 16:42:00,2011-12-05 09:11:00,5,353,0,Champions
18224,1,158.95000000000002,69,2011-03-21 10:30:00,2011-03-21 10:30:00,264,0,1,At Risk / Lapsed
18225,12,5504.96,3242,2010-12-09 15:46:00,2011-12-06 13:27:00,3,361,0,Champions
18226,11,5228.05,3466,2011-01-06 09:00:00,2011-10-26 13:36:00,44,293,0,Champions
18227,1,93.75,21,2011-05-06 12:23:00,2011-05-06 12:23:00,218,0,1,At Risk / Lapsed
18228,2,779.9,238,2011-09-21 10:48:00,2011-10-14 09:21:00,57,22,2,Loyal Mid-Value
18229,20,7276.9,2488,2010-12-01 16:25:00,2011-11-28 09:48:00,12,361,0,Champions
18230,7,2810.2000000000003,1316,2011-02-10 13:06:00,2011-11-30 13:22:00,9,293,0,Champions
18231,5,2071.77,819,2011-02-24 09:08:00,2011-05-31 14:18:00,192,96,2,Loyal Mid-Value
18232,4,592.97,302,2011-05-26 16:30:00,2011-09-19 11:49:00,82,115,2,Loyal Mid-Value
18233,1,440.0,4,2011-01-18 08:44:00,2011-01-18 08:44:00,326,0,1,At Risk / Lapsed
18235,3,1796.48,1578,2011-05-06 13:35:00,2011-09-29 08:27:00,72,145,2,Loyal Mid-Value
18236,6,882.24,403,2011-04-13 09:52:00,2011-11-10 08:06:00,30,210,2,Loyal Mid-Value
18237,5,987.1,622,2011-07-28 13:05:00,2011-12-07 12:49:00,3,131,3,New / Low Engagement
18239,5,1561.6100000000001,795,2010-12-02 17:48:00,2011-05-05 12:38:00,219,153,2,Loyal Mid-Value
18240,1,422.58,126,2011-10-24 13:06:00,2011-10-24 13:06:00,46,0,1,At Risk / Lapsed
18241,17,2073.09,1051,2011-05-06 09:22:00,2011-11-30 12:10:00,10,208,0,Champions
18242,4,2232.4900000000002,1017,2011-05-10 11:20:00,2011-09-28 13:43:00,72,141,2,Loyal Mid-Value
18245,7,2567.06,1788,2010-12-19 14:58:00,2011-12-02 14:48:00,7,347,0,Champions
18246,2,596.1,166,2011-04-20 13:55:00,2011-11-16 11:49:00,24,209,3,New / Low Engagement
18248,2,804.02,511,2011-06-06 13:18:00,2011-08-09 10:19:00,123,63,1,At Risk / Lapsed
18249,1,95.34,128,2011-11-22 15:07:00,2011-11-22 15:07:00,17,0,3,New / Low Engagement
18250,1,349.27,199,2011-02-02 13:16:00,2011-02-02 13:16:00,310,0,1,At Risk / Lapsed
18251,1,4314.72,7824,2011-09-13 15:03:00,2011-09-13 15:03:00,87,0,2,Loyal Mid-Value
18252,2,518.27,234,2011-06-21 11:47:00,2011-10-20 12:43:00,51,121,3,New / Low Engagement
18255,1,103.30000000000001,74,2011-09-11 13:16:00,2011-09-11 13:16:00,89,0,1,At Risk / Lapsed
18257,8,2337.63,1041,2011-02-16 15:13:00,2011-10-31 14:48:00,39,256,2,Loyal Mid-Value
18259,3,2338.6,714,2010-12-08 13:38:00,2011-11-15 12:34:00,25,341,2,Loyal Mid-Value
18260,6,2628.35,1475,2010-12-16 18:23:00,2011-06-20 12:37:00,173,185,2,Loyal Mid-Value
18261,2,324.24,146,2011-09-05 09:34:00,2011-10-27 15:36:00,43,52,3,New / Low Engagement
18262,1,149.48,182,2011-07-22 16:04:00,2011-07-22 16:04:00,140,0,1,At Risk / Lapsed
18263,3,1213.16,1468,2011-04-01 11:48:00,2011-11-14 09:00:00,26,226,2,Loyal Mid-Value
18265,2,801.51,311,2011-07-04 15:26:00,2011-09-28 14:10:00,72,85,2,Loyal Mid-Value
18268,1,25.5,2,2011-07-28 19:13:00,2011-07-28 19:13:00,134,0,1,At Risk / Lapsed
18269,1,168.60000000000002,76,2010-12-08 13:53:00,2010-12-08 13:53:00,366,0,1,At Risk / Lapsed
18270,2,283.15000000000003,101,2011-03-18 12:41:00,2011-11-01 13:57:00,38,228,3,New / Low Engagement
18272,6,3078.58,2050,2011-04-07 09:35:00,2011-12-07 12:43:00,3,244,0,Champions
18273,3,204.0,80,2011-03-27 11:22:00,2011-12-07 13:16:00,2,255,3,New / Low Engagement
18274,1,175.92,88,2011-11-09 17:03:00,2011-11-09 17:03:00,30,0,3,New / Low Engagement
18276,1,335.86,186,2011-10-27 10:54:00,2011-10-27 10:54:00,44,0,1,At Risk / Lapsed
18277,1,110.38,68,2011-10-12 15:22:00,2011-10-12 15:22:00,58,0,1,At Risk / Lapsed
18278,1,173.9,66,2011-09-27 11:58:00,2011-09-27 11:58:00,74,0,1,At Risk / Lapsed
18280,1,180.60000000000002,45,2011-03-07 09:52:00,2011-03-07 09:52:00,278,0,1,At Risk / Lapsed
18281,1,80.82,54,2011-06-12 10:53:00,2011-06-12 10:53:00,181,0,1,At Risk / Lapsed
18282,2,178.05,103,2011-08-05 13:35:00,2011-12-02 11:43:00,8,118,3,New / Low Engagement
18283,16,2039.58,1355,2011-01-06 14:14:00,2011-12-06 12:02:00,4,333,0,Champions
18287,3,1837.28,1586,2011-05-22 10:39:00,2011-10-28 09:29:00,43,158,2,Loyal Mid-Value
